composition,formation_energy,lattice_distortion,source,functional,calculation_id
"{""Al"": 0.009547, ""U"": 0.990453}",-0.180013,,NFM-1540-PathB-Star-xingyi,PBE,DFT-SR-PBE-BCC-Al1_U99_242
"{""Al"": 0.019466, ""U"": 0.980534}",-0.177381,,NFM-1540-PathB-Star-xingyi,PBE,DFT-SR-PBE-BCC-Al2_U98_331
"{""Cr"": 0.072616, ""Fe"": 0.048619, ""U"": 0.878765}",0.437738,,NFM-1540-PathB-Star-xingyi,PBE,DFT-SR-PBE-BCC-Cr7_Fe5_U88_286
"{""Fe"": 0.040701, ""U"": 0.959299}",-0.037826,,NFM-1540-PathB-Star-xingyi,PBE,DFT-SR-PBE-BCC-Fe4_U96_181
"{""Nb"": 0.130037, ""Si"": 0.010615, ""U"": 0.859348}",0.282323,,NFM-1540-PathB-Star-xingyi,PBE,DFT-SR-PBE-BCC-Nb13_Si1_U86_293
"{""Ti"": 0.10804599999999999, ""U"": 0.891954}",0.111361,,NFM-1540-PathB-Star-xingyi,PBE,DFT-SR-PBE-BCC-Ti11_U89_231
"{""Fe"": 0.039174, ""Nb"": 0.140527, ""U"": 0.820299}",0.301256,,NFM-1540-PathB-Star-xingyi,PBE,DFT-SR-PBE-BCC-Fe4_Nb14_U82_249
"{""Nb"": 0.106052, ""U"": 0.741131, ""Zr"": 0.152817}",0.334378,,NFM-1540-PathB-Star-xingyi,PBE,DFT-SR-PBE-BCC-Nb11_U74_Zr15_144
"{""U"": 0.940963, ""Zr"": 0.059037}",0.320037,,NFM-1540-PathB-Star-xingyi,PBE,DFT-SR-PBE-BCC-U94_Zr6_87
"{""Nb"": 0.07258300000000001, ""U"": 0.9274169999999999}",0.273656,,NFM-1540-PathB-Star-xingyi,PBE,DFT-SR-PBE-BCC-Nb7_U93_64
"{""Ti"": 0.037464, ""U"": 0.9625360000000001}",0.107375,,NFM-1540-PathB-Star-xingyi,PBE,DFT-SR-PBE-BCC-Ti4_U96_271
"{""Fe"": 0.035859, ""U"": 0.91833, ""Zr"": 0.045811}",0.364018,,NFM-1540-PathB-Star-xingyi,PBE,DFT-SR-PBE-BCC-Fe4_U92_Zr5_268
"{""Al"": 0.02997, ""U"": 0.907467, ""Zr"": 0.062563}",0.333208,,NFM-1540-PathB-Star-xingyi,PBE,DFT-SR-PBE-BCC-Al3_U91_Zr6_90
"{""Si"": 0.014362, ""U"": 0.9534590000000001, ""Zr"": 0.032179}",0.334180,,NFM-1540-PathB-Star-xingyi,PBE,DFT-SR-PBE-BCC-Si1_U95_Zr3_221
"{""Mn"": 0.025348, ""U"": 0.903087, ""Zr"": 0.071565}",0.334765,,NFM-1540-PathB-Star-xingyi,PBE,DFT-SR-PBE-BCC-Mn3_U90_Zr7_36
"{""Ru"": 0.075655, ""U"": 0.848445, ""V"": 0.0759}",0.285161,,NFM-1540-PathB-Star-xingyi,PBE,DFT-SR-PBE-BCC-Ru8_U85_V8_243
"{""Ni"": 0.017, ""U"": 0.983}",-0.235131,,NFM-1540-PathB-Star-xingyi,PBE,DFT-SR-PBE-BCC-Ni2_U98_235
"{""Nb"": 0.011, ""U"": 0.989}",0.268377,,NFM-1540-PathB-Star-xingyi,PBE,DFT-SR-PBE-BCC-Nb1_U99_309
"{""U"": 0.964611, ""Zr"": 0.035389}",0.323989,,NFM-1540-PathB-Star-xingyi,PBE,DFT-SR-PBE-BCC-U96_Zr4_391
"{""Al"": 0.007729, ""U"": 0.948368, ""Zr"": 0.043903}",0.326078,,NFM-1540-PathB-Star-xingyi,PBE,DFT-SR-PBE-BCC-Al1_U95_Zr4_309
"{""Fe"": 0.023, ""U"": 0.977}",-0.026486,,NFM-1540-PathB-Star-xingyi,PBE,DFT-SR-PBE-BCC-Fe2_U98_381
"{""Ti"": 0.112958, ""U"": 0.887042}",0.111674,,NFM-1540-PathB-Star-xingyi,PBE,DFT-SR-PBE-BCC-Ti11_U89_375
"{""Ti"": 0.073608, ""U"": 0.926392}",0.109327,,NFM-1540-PathB-Star-xingyi,PBE,DFT-SR-PBE-BCC-Ti7_U93_78
"{""Ru"": 0.031519, ""Ti"": 0.055959, ""U"": 0.912522}",0.113844,,NFM-1540-PathB-Star-xingyi,PBE,DFT-SR-PBE-BCC-Ru3_Ti6_U91_167
"{""Al"": 0.016547, ""U"": 0.983453}",-0.175612,,NFM-1540-PathB-Star-xingyi,PBE,DFT-SR-PBE-BCC-Al2_U98_88
"{""U"": 0.847, ""Zr"": 0.153}",0.304587,,NFM-1540-PathB-Star-xingyi,PBE,DFT-SR-PBE-BCC-U85_Zr15_128
"{""Fe"": 0.025894, ""U"": 0.974106}",-0.028391,,NFM-1540-PathB-Star-xingyi,PBE,DFT-SR-PBE-BCC-Fe3_U97_326
"{""U"": 0.967611, ""Zr"": 0.032388999999999994}",0.324554,,NFM-1540-PathB-Star-xingyi,PBE,DFT-SR-PBE-BCC-U97_Zr3_253
"{""Ru"": 0.065193, ""U"": 0.934807}",-1.830470,,NFM-1540-PathB-Star-xingyi,PBE,DFT-SR-PBE-BCC-Ru7_U93_322
"{""Mn"": 0.039497, ""U"": 0.960503}",-0.049547,,NFM-1540-PathB-Star-xingyi,PBE,DFT-SR-PBE-BCC-Mn4_U96_328
"{""Mo"": 0.121068, ""U"": 0.878932}",0.200167,,NFM-1540-PathB-Star-xingyi,PBE,DFT-SR-PBE-BCC-Mo12_U88_87
"{""Si"": 0.011178, ""U"": 0.988822}",-0.721347,,NFM-1540-PathB-Star-xingyi,PBE,DFT-SR-PBE-BCC-Si1_U99_244
"{""U"": 0.862582, ""Zr"": 0.13741799999999998}",0.307077,,NFM-1540-PathB-Star-xingyi,PBE,DFT-SR-PBE-BCC-U86_Zr14_43
"{""Cr"": 0.068121, ""Mn"": 0.012111, ""U"": 0.919768}",0.464222,,NFM-1540-PathB-Star-xingyi,PBE,DFT-SR-PBE-BCC-Cr7_Mn1_U92_323
"{""Ti"": 0.06881, ""U"": 0.93119}",0.109048,,NFM-1540-PathB-Star-xingyi,PBE,DFT-SR-PBE-BCC-Ti7_U93_53
"{""Fe"": 0.030933000000000002, ""U"": 0.969067}",-0.031622,,NFM-1540-PathB-Star-xingyi,PBE,DFT-SR-PBE-BCC-Fe3_U97_352
"{""Fe"": 0.022385, ""Nb"": 0.105088, ""U"": 0.872527}",0.286813,,NFM-1540-PathB-Star-xingyi,PBE,DFT-SR-PBE-BCC-Fe2_Nb11_U87_45
"{""Si"": 0.011833, ""U"": 0.988167}",-0.721259,,NFM-1540-PathB-Star-xingyi,PBE,DFT-SR-PBE-BCC-Si1_U99_124
"{""U"": 0.939441, ""Zr"": 0.060559}",0.319663,,NFM-1540-PathB-Star-xingyi,PBE,DFT-SR-PBE-BCC-U94_Zr6_186
"{""Ni"": 0.043000000000000003, ""U"": 0.957}",-0.246907,,NFM-1540-PathB-Star-xingyi,PBE,DFT-SR-PBE-BCC-Ni4_U96_239
"{""Nb"": 0.041776, ""U"": 0.958224}",0.270922,,NFM-1540-PathB-Star-xingyi,PBE,DFT-SR-PBE-BCC-Nb4_U96_195
"{""Fe"": 0.041462, ""Ti"": 0.063534, ""U"": 0.895004}",0.120681,,NFM-1540-PathB-Star-xingyi,PBE,DFT-SR-PBE-BCC-Fe4_Ti6_U90_71
"{""Ru"": 0.07408300000000001, ""U"": 0.925917}",-1.831293,,NFM-1540-PathB-Star-xingyi,PBE,DFT-SR-PBE-BCC-Ru7_U93_302
"{""Mn"": 0.012246, ""Mo"": 0.111037, ""U"": 0.876717}",0.200201,,NFM-1540-PathB-Star-xingyi,PBE,DFT-SR-PBE-BCC-Mn1_Mo11_U88_215
"{""Al"": 0.028529000000000002, ""U"": 0.971471}",-0.175034,,NFM-1540-PathB-Star-xingyi,PBE,DFT-SR-PBE-BCC-Al3_U97_115
"{""U"": 0.928221, ""V"": 0.07177900000000001}",0.288712,,NFM-1540-PathB-Star-xingyi,PBE,DFT-SR-PBE-BCC-U93_V7_178
"{""Fe"": 0.018906, ""U"": 0.981094}",-0.023860,,NFM-1540-PathB-Star-xingyi,PBE,DFT-SR-PBE-BCC-Fe2_U98_112
"{""Si"": 0.014501, ""Ti"": 0.061901, ""U"": 0.923598}",0.110742,,NFM-1540-PathB-Star-xingyi,PBE,DFT-SR-PBE-BCC-Si1_Ti6_U92_136
"{""Cr"": 0.05511, ""U"": 0.94489}",0.477896,,NFM-1540-PathB-Star-xingyi,PBE,DFT-SR-PBE-BCC-Cr6_U94_32
"{""Fe"": 0.031173999999999997, ""Nb"": 0.140527, ""U"": 0.828299}",0.296535,,NFM-1540-PathB-Star-xingyi,PBE,DFT-SR-PBE-BCC-Fe3_Nb14_U83_226
"{""Nb"": 0.062229, ""U"": 0.937771}",0.272670,,NFM-1540-PathB-Star-xingyi,PBE,DFT-SR-PBE-BCC-Nb6_U94_62
"{""Cr"": 0.066121, ""Mn"": 0.012111, ""U"": 0.921768}",0.313012,,NFM-1540-PathB-Star-xingyi,PBE,DFT-SR-PBE-BCC-Cr7_Mn1_U92_24
"{""U"": 0.9234910000000001, ""Zr"": 0.076509}",0.317091,,NFM-1540-PathB-Star-xingyi,PBE,DFT-SR-PBE-BCC-U92_Zr8_167
"{""Cr"": 0.039715, ""U"": 0.960285}",0.488883,,NFM-1540-PathB-Star-xingyi,PBE,DFT-SR-PBE-BCC-Cr4_U96_283
"{""Ti"": 0.11486, ""U"": 0.88514}",0.111810,,NFM-1540-PathB-Star-xingyi,PBE,DFT-SR-PBE-BCC-Ti11_U89_378
"{""Al"": 0.019531, ""U"": 0.980469}",-0.177381,,NFM-1540-PathB-Star-xingyi,PBE,DFT-SR-PBE-BCC-Al2_U98_94
"{""Mo"": 0.073671, ""Si"": 0.013565, ""U"": 0.912764}",0.200534,,NFM-1540-PathB-Star-xingyi,PBE,DFT-SR-PBE-BCC-Mo7_Si1_U91_288
"{""Cr"": 0.064499, ""U"": 0.935501}",0.471433,,NFM-1540-PathB-Star-xingyi,PBE,DFT-SR-PBE-BCC-Cr6_U94_280
"{""Nb"": 0.109968, ""Ta"": 0.092826, ""U"": 0.797206}",0.288290,,NFM-1540-PathB-Star-xingyi,PBE,DFT-SR-PBE-BCC-Nb11_Ta9_U80_60
"{""Ta"": 0.045533, ""Ti"": 0.113498, ""U"": 0.840969}",0.115001,,NFM-1540-PathB-Star-xingyi,PBE,DFT-SR-PBE-BCC-Ta5_Ti11_U84_120
"{""Al"": 0.010089, ""U"": 0.989911}",-0.177673,,NFM-1540-PathB-Star-xingyi,PBE,DFT-SR-PBE-BCC-Al1_U99_62
"{""Fe"": 0.045238999999999994, ""Ta"": 0.03741, ""U"": 0.917351}",-0.046500,,NFM-1540-PathB-Star-xingyi,PBE,DFT-SR-PBE-BCC-Fe5_Ta4_U92_159
"{""Mo"": 0.11855800000000001, ""U"": 0.881442}",0.200153,,NFM-1540-PathB-Star-xingyi,PBE,DFT-SR-PBE-BCC-Mo12_U88_370
"{""Ti"": 0.11286, ""U"": 0.88714}",0.111674,,NFM-1540-PathB-Star-xingyi,PBE,DFT-SR-PBE-BCC-Ti11_U89_229
"{""Cr"": 0.059512999999999996, ""U"": 0.889342, ""V"": 0.051145}",0.451113,,NFM-1540-PathB-Star-xingyi,PBE,DFT-SR-PBE-BCC-Cr6_U89_V5_41
"{""Al"": 0.011615999999999998, ""U"": 0.988384}",-0.176918,,NFM-1540-PathB-Star-xingyi,PBE,DFT-SR-PBE-BCC-Al1_U99_104
"{""Ti"": 0.107958, ""U"": 0.892042}",0.111361,,NFM-1540-PathB-Star-xingyi,PBE,DFT-SR-PBE-BCC-Ti11_U89_197
"{""Ta"": 0.041661, ""U"": 0.910174, ""Zr"": 0.048165}",0.333793,,NFM-1540-PathB-Star-xingyi,PBE,DFT-SR-PBE-BCC-Ta4_U91_Zr5_281
"{""Mo"": 0.123068, ""U"": 0.876932}",0.200181,,NFM-1540-PathB-Star-xingyi,PBE,DFT-SR-PBE-BCC-Mo12_U88_318
"{""Al"": 0.020236, ""U"": 0.979764}",-0.177163,,NFM-1540-PathB-Star-xingyi,PBE,DFT-SR-PBE-BCC-Al2_U98_146
"{""U"": 0.97086, ""Zr"": 0.029140000000000003}",0.325126,,NFM-1540-PathB-Star-xingyi,PBE,DFT-SR-PBE-BCC-U97_Zr3_181
"{""Mn"": 0.046415, ""U"": 0.953585}",-0.048438,,NFM-1540-PathB-Star-xingyi,PBE,DFT-SR-PBE-BCC-Mn5_U95_176
"{""Ti"": 0.059922, ""U"": 0.940078}",0.108572,,NFM-1540-PathB-Star-xingyi,PBE,DFT-SR-PBE-BCC-Ti6_U94_235
"{""Ti"": 0.046334, ""U"": 0.953666}",0.107851,,NFM-1540-PathB-Star-xingyi,PBE,DFT-SR-PBE-BCC-Ti5_U95_126
"{""Ti"": 0.031655, ""U"": 0.968345}",0.107089,,NFM-1540-PathB-Star-xingyi,PBE,DFT-SR-PBE-BCC-Ti3_U97_253
"{""Cr"": 0.072012, ""U"": 0.927988}",0.466583,,NFM-1540-PathB-Star-xingyi,PBE,DFT-SR-PBE-BCC-Cr7_U93_129
"{""Mo"": 0.066474, ""U"": 0.933526}",0.201500,,NFM-1540-PathB-Star-xingyi,PBE,DFT-SR-PBE-BCC-Mo7_U93_90
"{""Fe"": 0.026359999999999998, ""U"": 0.97364}",-0.028731,,NFM-1540-PathB-Star-xingyi,PBE,DFT-SR-PBE-BCC-Fe3_U97_112
"{""Ti"": 0.054499000000000006, ""U"": 0.945501}",0.108266,,NFM-1540-PathB-Star-xingyi,PBE,DFT-SR-PBE-BCC-Ti5_U95_324
"{""Al"": 0.00724, ""U"": 0.99276}",-0.180660,,NFM-1540-PathB-Star-xingyi,PBE,DFT-SR-PBE-BCC-Al1_U99_327
"{""Al"": 0.030855, ""U"": 0.969145}",-0.169210,,NFM-1540-PathB-Star-xingyi,PBE,DFT-SR-PBE-BCC-Al3_U97_235
"{""Mo"": 26.2, ""Ti"": 8.8, ""U"": 65}",0.218855,,NFM-1540-PathB-Star-xingyi,PBE,DFT-SR-PBE-BCC-Mo2620_Ti880_U6500_370
"{""Ru"": 0.043256, ""U"": 0.956744}",-1.827381,,NFM-1540-PathB-Star-xingyi,PBE,DFT-SR-PBE-BCC-Ru4_U96_224
"{""Nb"": 0.054229, ""U"": 0.945771}",0.271683,,NFM-1540-PathB-Star-xingyi,PBE,DFT-SR-PBE-BCC-Nb5_U95_92
"{""Cr"": 0.094197, ""Nb"": 0.083785, ""U"": 0.822018}",0.440663,,NFM-1540-PathB-Star-xingyi,PBE,DFT-SR-PBE-BCC-Cr9_Nb8_U82_252
"{""Ta"": 0.041661, ""U"": 0.904174, ""Zr"": 0.054165}",0.332813,,NFM-1540-PathB-Star-xingyi,PBE,DFT-SR-PBE-BCC-Ta4_U90_Zr5_296
"{""U"": 0.873266, ""Zr"": 0.12673399999999999}",0.308866,,NFM-1540-PathB-Star-xingyi,PBE,DFT-SR-PBE-BCC-U87_Zr13_87
"{""U"": 0.929914, ""V"": 0.070086}",0.325326,,NFM-1540-PathB-Star-xingyi,PBE,DFT-SR-PBE-BCC-U93_V7_80
"{""U"": 0.945259, ""Zr"": 0.054741000000000005}",0.320792,,NFM-1540-PathB-Star-xingyi,PBE,DFT-SR-PBE-BCC-U95_Zr5_117
"{""Si"": 0.013883, ""U"": 0.986117}",-0.720892,,NFM-1540-PathB-Star-xingyi,PBE,DFT-SR-PBE-BCC-Si1_U99_107
"{""Cr"": 0.046637, ""U"": 0.953363}",0.320951,,NFM-1540-PathB-Star-xingyi,PBE,DFT-SR-PBE-BCC-Cr5_U95_107
"{""Ti"": 0.102592, ""U"": 0.897408}",0.111048,,NFM-1540-PathB-Star-xingyi,PBE,DFT-SR-PBE-BCC-Ti10_U90_1
"{""Nb"": 10.0, ""U"": 60, ""Zr"": 30.0}",0.307805,,NFM-1540-PathB-Star-xingyi,PBE,DFT-SR-PBE-BCC-Nb1000_U6000_Zr3000_338
"{""Mn"": 0.037531, ""Nb"": 0.055469000000000004, ""U"": 0.907}",0.280997,,NFM-1540-PathB-Star-xingyi,PBE,DFT-SR-PBE-BCC-Mn4_Nb6_U91_368
"{""Mo"": 0.057284, ""U"": 0.942716}",0.202038,,NFM-1540-PathB-Star-xingyi,PBE,DFT-SR-PBE-BCC-Mo6_U94_351
"{""Al"": 0.02997, ""U"": 0.909467, ""Zr"": 0.060563}",0.333398,,NFM-1540-PathB-Star-xingyi,PBE,DFT-SR-PBE-BCC-Al3_U91_Zr6_296
"{""Fe"": 0.036174, ""Nb"": 0.140527, ""U"": 0.823299}",0.299481,,NFM-1540-PathB-Star-xingyi,PBE,DFT-SR-PBE-BCC-Fe4_Nb14_U82_184
"{""U"": 0.932886, ""Zr"": 0.06711400000000001}",0.318738,,NFM-1540-PathB-Star-xingyi,PBE,DFT-SR-PBE-BCC-U93_Zr7_121
"{""Si"": 0.01797, ""U"": 0.98203}",-0.720225,,NFM-1540-PathB-Star-xingyi,PBE,DFT-SR-PBE-BCC-Si2_U98_233
"{""U"": 0.933011, ""V"": 0.06698899999999999}",0.289181,,NFM-1540-PathB-Star-xingyi,PBE,DFT-SR-PBE-BCC-U93_V7_183
"{""Cr"": 0.068012, ""U"": 0.931988}",0.469106,,NFM-1540-PathB-Star-xingyi,PBE,DFT-SR-PBE-BCC-Cr7_U93_228
"{""Al"": 0.023110000000000002, ""U"": 0.97689}",-0.176489,,NFM-1540-PathB-Star-xingyi,PBE,DFT-SR-PBE-BCC-Al2_U98_211
"{""Al"": 0.025086, ""U"": 0.974914}",-0.175932,,NFM-1540-PathB-Star-xingyi,PBE,DFT-SR-PBE-BCC-Al3_U97_392
"{""Nb"": 0.053277, ""U"": 0.946723}",0.271894,,NFM-1540-PathB-Star-xingyi,PBE,DFT-SR-PBE-BCC-Nb5_U95_162
"{""Mn"": 0.057545, ""U"": 0.942455}",-0.053819,,NFM-1540-PathB-Star-xingyi,PBE,DFT-SR-PBE-BCC-Mn6_U94_75
"{""Mn"": 0.050598000000000004, ""Mo"": 0.086251, ""U"": 0.863151}",0.200609,,NFM-1540-PathB-Star-xingyi,PBE,DFT-SR-PBE-BCC-Mn5_Mo9_U86_77
"{""Mo"": 0.149, ""U"": 0.851}",0.200718,,NFM-1540-PathB-Star-xingyi,PBE,DFT-SR-PBE-BCC-Mo15_U85_333
"{""Nb"": 0.043000000000000003, ""U"": 0.957}",0.270969,,NFM-1540-PathB-Star-xingyi,PBE,DFT-SR-PBE-BCC-Nb4_U96_199
"{""U"": 0.932692, ""V"": 0.06730799999999999}",0.325475,,NFM-1540-PathB-Star-xingyi,PBE,DFT-SR-PBE-BCC-U93_V7_148
"{""Mo"": 0.05, ""U"": 0.883, ""Zr"": 0.067}",0.347963,,NFM-1540-PathB-Star-xingyi,PBE,DFT-SR-PBE-BCC-Mo5_U88_Zr7_97
"{""Fe"": 0.039022999999999995, ""Ti"": 0.04849, ""U"": 0.912487}",0.118627,,NFM-1540-PathB-Star-xingyi,PBE,DFT-SR-PBE-BCC-Fe4_Ti5_U91_191
"{""U"": 0.895074, ""Zr"": 0.104926}",0.312486,,NFM-1540-PathB-Star-xingyi,PBE,DFT-SR-PBE-BCC-U90_Zr10_346
"{""Fe"": 0.018359999999999998, ""U"": 0.98164}",-0.023397,,NFM-1540-PathB-Star-xingyi,PBE,DFT-SR-PBE-BCC-Fe2_U98_227
"{""Mo"": 0.122687, ""U"": 0.877313}",0.200174,,NFM-1540-PathB-Star-xingyi,PBE,DFT-SR-PBE-BCC-Mo12_U88_97
"{""U"": 0.75, ""Zr"": 0.25}",0.289634,,NFM-1540-PathB-Star-xingyi,PBE,DFT-SR-PBE-BCC-U75_Zr25_375
"{""Nb"": 0.071496, ""U"": 0.928504}",0.273534,,NFM-1540-PathB-Star-xingyi,PBE,DFT-SR-PBE-BCC-Nb7_U93_87
"{""Cr"": 0.067617, ""Mn"": 0.025834, ""U"": 0.906549}",0.459263,,NFM-1540-PathB-Star-xingyi,PBE,DFT-SR-PBE-BCC-Cr7_Mn3_U91_75
"{""Mo"": 0.140212, ""U"": 0.859788}",0.200460,,NFM-1540-PathB-Star-xingyi,PBE,DFT-SR-PBE-BCC-Mo14_U86_74
"{""U"": 0.938113, ""V"": 0.061887000000000005}",0.327244,,NFM-1540-PathB-Star-xingyi,PBE,DFT-SR-PBE-BCC-U94_V6_9
"{""Fe"": 0.02986, ""Mo"": 0.149364, ""U"": 0.820776}",0.204296,,NFM-1540-PathB-Star-xingyi,PBE,DFT-SR-PBE-BCC-Fe3_Mo15_U82_163
"{""Al"": 0.01178, ""U"": 0.98822}",-0.176918,,NFM-1540-PathB-Star-xingyi,PBE,DFT-SR-PBE-BCC-Al1_U99_33
"{""Cr"": 0.07612100000000001, ""Mn"": 0.012111, ""U"": 0.911768}",0.459263,,NFM-1540-PathB-Star-xingyi,PBE,DFT-SR-PBE-BCC-Cr8_Mn1_U91_353
"{""U"": 0.863999, ""Zr"": 0.136001}",0.307431,,NFM-1540-PathB-Star-xingyi,PBE,DFT-SR-PBE-BCC-U86_Zr14_97
"{""Cr"": 0.042163, ""Ru"": 0.070175, ""U"": 0.887662}",-1.833688,,NFM-1540-PathB-Star-xingyi,PBE,DFT-SR-PBE-BCC-Cr4_Ru7_U89_65
"{""Nb"": 0.083923, ""U"": 0.916077}",0.274738,,NFM-1540-PathB-Star-xingyi,PBE,DFT-SR-PBE-BCC-Nb8_U92_255
"{""Al"": 0.02997, ""U"": 0.899467, ""Zr"": 0.070563}",0.331650,,NFM-1540-PathB-Star-xingyi,PBE,DFT-SR-PBE-BCC-Al3_U90_Zr7_391
"{""Mo"": 0.081, ""U"": 0.849, ""Zr"": 0.07}",0.201868,,NFM-1540-PathB-Star-xingyi,PBE,DFT-SR-PBE-BCC-Mo8_U85_Zr7_28
"{""Ta"": 0.029201, ""U"": 0.9331119999999999, ""V"": 0.037687}",0.330755,,NFM-1540-PathB-Star-xingyi,PBE,DFT-SR-PBE-BCC-Ta3_U93_V4_380
"{""Mo"": 0.116684, ""U"": 0.883316}",0.200147,,NFM-1540-PathB-Star-xingyi,PBE,DFT-SR-PBE-BCC-Mo12_U88_51
"{""Fe"": 0.021444, ""Mn"": 0.030106, ""U"": 0.94845}",-0.055731,,NFM-1540-PathB-Star-xingyi,PBE,DFT-SR-PBE-BCC-Fe2_Mn3_U95_354
"{""Si"": 0.013812999999999999, ""U"": 0.986187}",-0.720932,,NFM-1540-PathB-Star-xingyi,PBE,DFT-SR-PBE-BCC-Si1_U99_19
"{""Ti"": 0.036463999999999996, ""U"": 0.963536}",0.107347,,NFM-1540-PathB-Star-xingyi,PBE,DFT-SR-PBE-BCC-Ti4_U96_95
"{""U"": 0.955664, ""Zr"": 0.044336}",0.322479,,NFM-1540-PathB-Star-xingyi,PBE,DFT-SR-PBE-BCC-U96_Zr4_346
"{""Mn"": 0.024117, ""Ru"": 0.034866, ""U"": 0.941018}",-1.829062,,NFM-1540-PathB-Star-xingyi,PBE,DFT-SR-PBE-BCC-Mn2_Ru3_U94_347
"{""U"": 0.95438, ""Zr"": 0.04562}",0.322296,,NFM-1540-PathB-Star-xingyi,PBE,DFT-SR-PBE-BCC-U95_Zr5_252
"{""Mo"": 0.105634, ""U"": 0.894366}",0.200208,,NFM-1540-PathB-Star-xingyi,PBE,DFT-SR-PBE-BCC-Mo11_U89_256
"{""U"": 0.901, ""Zr"": 0.099}",0.313397,,NFM-1540-PathB-Star-xingyi,PBE,DFT-SR-PBE-BCC-U90_Zr10_214
"{""Cr"": 0.067216, ""Ti"": 0.105546, ""U"": 0.827238}",0.134777,,NFM-1540-PathB-Star-xingyi,PBE,DFT-SR-PBE-BCC-Cr7_Ti11_U83_192
"{""Mo"": 0.070966, ""Ru"": 0.07992300000000001, ""U"": 0.849111}",-1.833742,,NFM-1540-PathB-Star-xingyi,PBE,DFT-SR-PBE-BCC-Mo7_Ru8_U85_27
"{""U"": 80, ""Zr"": 20.0}",0.297260,,NFM-1540-PathB-Star-xingyi,PBE,DFT-SR-PBE-BCC-U8000_Zr2000_346
"{""Al"": 0.021698, ""Ti"": 0.117102, ""U"": 0.8612}",0.114443,,NFM-1540-PathB-Star-xingyi,PBE,DFT-SR-PBE-BCC-Al2_Ti12_U86_160
"{""Ru"": 0.048323, ""U"": 0.951677}",-1.828021,,NFM-1540-PathB-Star-xingyi,PBE,DFT-SR-PBE-BCC-Ru5_U95_73
"{""Si"": 0.012839, ""U"": 0.987161}",-0.721075,,NFM-1540-PathB-Star-xingyi,PBE,DFT-SR-PBE-BCC-Si1_U99_67
"{""Fe"": 0.041718, ""Ti"": 0.105923, ""U"": 0.852359}",0.124545,,NFM-1540-PathB-Star-xingyi,PBE,DFT-SR-PBE-BCC-Fe4_Ti11_U85_37
"{""Nb"": 0.11562, ""U"": 0.8843799999999999}",0.277935,,NFM-1540-PathB-Star-xingyi,PBE,DFT-SR-PBE-BCC-Nb12_U88_38
"{""Fe"": 0.050134, ""Si"": 0.012226999999999998, ""U"": 0.937639}",-0.048017,,NFM-1540-PathB-Star-xingyi,PBE,DFT-SR-PBE-BCC-Fe5_Si1_U94_351
"{""Mo"": 24.8, ""Ti"": 20.2, ""U"": 55}",0.228365,,NFM-1540-PathB-Star-xingyi,PBE,DFT-SR-PBE-BCC-Mo2480_Ti2020_U5500_365
"{""Mo"": 0.10300000000000001, ""U"": 0.897}",0.200249,,NFM-1540-PathB-Star-xingyi,PBE,DFT-SR-PBE-BCC-Mo10_U90_364
"{""Ti"": 0.08022, ""U"": 0.91978}",0.109688,,NFM-1540-PathB-Star-xingyi,PBE,DFT-SR-PBE-BCC-Ti8_U92_300
"{""Si"": 0.014501, ""Ti"": 0.055901, ""U"": 0.929598}",0.110402,,NFM-1540-PathB-Star-xingyi,PBE,DFT-SR-PBE-BCC-Si1_Ti6_U93_220
"{""Mn"": 0.048894, ""U"": 0.866197, ""Zr"": 0.084909}",0.348977,,NFM-1540-PathB-Star-xingyi,PBE,DFT-SR-PBE-BCC-Mn5_U87_Zr8_217
"{""Mo"": 12.2, ""Ti"": 22.8, ""U"": 65}",0.148193,,NFM-1540-PathB-Star-xingyi,PBE,DFT-SR-PBE-BCC-Mo1220_Ti2280_U6500_368
"{""Si"": 0.013642000000000001, ""U"": 0.986358}",-0.720932,,NFM-1540-PathB-Star-xingyi,PBE,DFT-SR-PBE-BCC-Si1_U99_384
"{""Nb"": 0.05075, ""U"": 0.94925}",0.271656,,NFM-1540-PathB-Star-xingyi,PBE,DFT-SR-PBE-BCC-Nb5_U95_238
"{""Nb"": 29.2, ""U"": 55, ""Zr"": 15.7}",0.287677,,NFM-1540-PathB-Star-xingyi,PBE,DFT-SR-PBE-BCC-Nb2920_U5500_Zr1570_348
"{""Mo"": 0.060269, ""U"": 0.939731}",0.201847,,NFM-1540-PathB-Star-xingyi,PBE,DFT-SR-PBE-BCC-Mo6_U94_148
"{""Al"": 0.026101, ""U"": 0.973899}",-0.170387,,NFM-1540-PathB-Star-xingyi,PBE,DFT-SR-PBE-BCC-Al3_U97_218
"{""Mn"": 0.04138, ""U"": 0.95862}",-0.050206,,NFM-1540-PathB-Star-xingyi,PBE,DFT-SR-PBE-BCC-Mn4_U96_62
"{""Mo"": 0.058672999999999996, ""Ru"": 0.037384, ""U"": 0.9039429999999999}",0.200187,,NFM-1540-PathB-Star-xingyi,PBE,DFT-SR-PBE-BCC-Mo6_Ru4_U90_44
"{""Nb"": 0.097, ""U"": 0.903}",0.275983,,NFM-1540-PathB-Star-xingyi,PBE,DFT-SR-PBE-BCC-Nb10_U90_100
"{""Nb"": 0.07349699999999999, ""U"": 0.926503}",0.273718,,NFM-1540-PathB-Star-xingyi,PBE,DFT-SR-PBE-BCC-Nb7_U93_190
"{""Mo"": 0.064673, ""Ru"": 0.037384, ""U"": 0.897943}",0.200160,,NFM-1540-PathB-Star-xingyi,PBE,DFT-SR-PBE-BCC-Mo6_Ru4_U90_107
"{""Fe"": 0.023712, ""U"": 0.976288}",-0.027050,,NFM-1540-PathB-Star-xingyi,PBE,DFT-SR-PBE-BCC-Fe2_U98_1
"{""Al"": 0.028561, ""U"": 0.971439}",-0.174918,,NFM-1540-PathB-Star-xingyi,PBE,DFT-SR-PBE-BCC-Al3_U97_275
"{""Ni"": 59.3, ""U"": 40.7}",0.151864,,NFM-1540-PathB-Star-xingyi,PBE,DFT-SR-PBE-BCC-Ni5930_U4070_227
"{""Al"": 0.030236000000000002, ""U"": 0.969764}",-0.174469,,NFM-1540-PathB-Star-xingyi,PBE,DFT-SR-PBE-BCC-Al3_U97_28
"{""Al"": 0.018512, ""U"": 0.981488}",-0.177707,,NFM-1540-PathB-Star-xingyi,PBE,DFT-SR-PBE-BCC-Al2_U98_152
"{""Al"": 0.022833, ""Cr"": 0.096234, ""U"": 0.880933}",0.305433,,NFM-1540-PathB-Star-xingyi,PBE,DFT-SR-PBE-BCC-Al2_Cr10_U88_316
"{""Mo"": 0.079, ""Nb"": 0.04, ""U"": 0.881}",0.200310,,NFM-1540-PathB-Star-xingyi,PBE,DFT-SR-PBE-BCC-Mo8_Nb4_U88_167
"{""Nb"": 0.147484, ""U"": 0.852516}",0.281453,,NFM-1540-PathB-Star-xingyi,PBE,DFT-SR-PBE-BCC-Nb15_U85_165
"{""Cr"": 0.054513, ""U"": 0.894341, ""V"": 0.051145}",0.308318,,NFM-1540-PathB-Star-xingyi,PBE,DFT-SR-PBE-BCC-Cr5_U89_V5_365
"{""Mo"": 0.11455800000000001, ""U"": 0.885442}",0.200160,,NFM-1540-PathB-Star-xingyi,PBE,DFT-SR-PBE-BCC-Mo11_U89_382
"{""Fe"": 0.034731, ""U"": 0.965269}",-0.034044,,NFM-1540-PathB-Star-xingyi,PBE,DFT-SR-PBE-BCC-Fe3_U97_277
"{""Ni"": 0.049, ""U"": 0.951}",-0.260609,,NFM-1540-PathB-Star-xingyi,PBE,DFT-SR-PBE-BCC-Ni5_U95_148
"{""Mo"": 0.079671, ""Si"": 0.013565, ""U"": 0.906764}",0.200405,,NFM-1540-PathB-Star-xingyi,PBE,DFT-SR-PBE-BCC-Mo8_Si1_U91_155
"{""Ta"": 0.040341, ""Ti"": 0.106127, ""U"": 0.853532}",0.114089,,NFM-1540-PathB-Star-xingyi,PBE,DFT-SR-PBE-BCC-Ta4_Ti11_U85_156
"{""Fe"": 0.02979, ""U"": 0.97021}",-0.030955,,NFM-1540-PathB-Star-xingyi,PBE,DFT-SR-PBE-BCC-Fe3_U97_135
"{""Ti"": 0.076299, ""U"": 0.923701}",0.109490,,NFM-1540-PathB-Star-xingyi,PBE,DFT-SR-PBE-BCC-Ti8_U92_294
"{""Fe"": 0.045779999999999994, ""U"": 0.95422}",-0.041010,,NFM-1540-PathB-Star-xingyi,PBE,DFT-SR-PBE-BCC-Fe5_U95_99
"{""Ti"": 0.10230299999999999, ""U"": 0.897697}",0.111007,,NFM-1540-PathB-Star-xingyi,PBE,DFT-SR-PBE-BCC-Ti10_U90_332
"{""Mo"": 0.038744, ""U"": 0.961256}",0.203412,,NFM-1540-PathB-Star-xingyi,PBE,DFT-SR-PBE-BCC-Mo4_U96_351
"{""Mo"": 2.0, ""U"": 96, ""Zr"": 2.0}",0.205813,,NFM-1540-PathB-Star-xingyi,PBE,DFT-SR-PBE-BCC-Mo200_U9600_Zr200_386
"{""Cr"": 0.10300000000000001, ""U"": 0.897}",0.447827,,NFM-1540-PathB-Star-xingyi,PBE,DFT-SR-PBE-BCC-Cr10_U90_100
"{""Ru"": 0.017, ""U"": 0.983}",-1.822551,,NFM-1540-PathB-Star-xingyi,PBE,DFT-SR-PBE-BCC-Ru2_U98_360
"{""Ti"": 0.040636, ""U"": 0.913631, ""Zr"": 0.045733}",0.333208,,NFM-1540-PathB-Star-xingyi,PBE,DFT-SR-PBE-BCC-Ti4_U91_Zr5_87
"{""Mo"": 0.047343, ""U"": 0.952657}",0.202718,,NFM-1540-PathB-Star-xingyi,PBE,DFT-SR-PBE-BCC-Mo5_U95_48
"{""Cr"": 0.060084, ""U"": 0.939916}",0.474508,,NFM-1540-PathB-Star-xingyi,PBE,DFT-SR-PBE-BCC-Cr6_U94_259
"{""Al"": 0.018089, ""U"": 0.981911}",-0.175272,,NFM-1540-PathB-Star-xingyi,PBE,DFT-SR-PBE-BCC-Al2_U98_330
"{""Al"": 0.029386, ""U"": 0.970614}",-0.174693,,NFM-1540-PathB-Star-xingyi,PBE,DFT-SR-PBE-BCC-Al3_U97_270
"{""Al"": 0.022512, ""U"": 0.977488}",-0.176605,,NFM-1540-PathB-Star-xingyi,PBE,DFT-SR-PBE-BCC-Al2_U98_392
"{""Mo"": 1.0, ""U"": 98, ""Zr"": 1.0}",0.206603,,NFM-1540-PathB-Star-xingyi,PBE,DFT-SR-PBE-BCC-Mo100_U9800_Zr100_389
"{""Fe"": 0.050566, ""U"": 0.949434}",-0.043833,,NFM-1540-PathB-Star-xingyi,PBE,DFT-SR-PBE-BCC-Fe5_U95_147
"{""Ru"": 0.042445000000000004, ""U"": 0.957555}",-1.827191,,NFM-1540-PathB-Star-xingyi,PBE,DFT-SR-PBE-BCC-Ru4_U96_102
"{""Fe"": 0.030831, ""U"": 0.969169}",-0.031622,,NFM-1540-PathB-Star-xingyi,PBE,DFT-SR-PBE-BCC-Fe3_U97_278
"{""Ni"": 0.023, ""U"": 0.977}",-0.249608,,NFM-1540-PathB-Star-xingyi,PBE,DFT-SR-PBE-BCC-Ni2_U98_108
"{""Cr"": 0.03826, ""Ru"": 0.058728999999999996, ""U"": 0.903011}",-1.833783,,NFM-1540-PathB-Star-xingyi,PBE,DFT-SR-PBE-BCC-Cr4_Ru6_U90_109
"{""Cr"": 0.096428, ""Ti"": 0.07022199999999999, ""U"": 0.83335}",0.303936,,NFM-1540-PathB-Star-xingyi,PBE,DFT-SR-PBE-BCC-Cr10_Ti7_U83_121
"{""Ti"": 0.027075000000000002, ""U"": 0.972925}",0.106878,,NFM-1540-PathB-Star-xingyi,PBE,DFT-SR-PBE-BCC-Ti3_U97_372
"{""Nb"": 0.052229000000000005, ""U"": 0.947771}",0.271772,,NFM-1540-PathB-Star-xingyi,PBE,DFT-SR-PBE-BCC-Nb5_U95_188
"{""Si"": 0.006809, ""Ti"": 0.033465, ""U"": 0.959726}",0.108075,,NFM-1540-PathB-Star-xingyi,PBE,DFT-SR-PBE-BCC-Si1_Ti3_U96_169
"{""Ta"": 0.045341, ""Ti"": 0.106127, ""U"": 0.8485320000000001}",0.114497,,NFM-1540-PathB-Star-xingyi,PBE,DFT-SR-PBE-BCC-Ta5_Ti11_U85_114
"{""Ru"": 0.042256, ""U"": 0.957744}",-1.827069,,NFM-1540-PathB-Star-xingyi,PBE,DFT-SR-PBE-BCC-Ru4_U96_191
"{""Si"": 0.015743, ""U"": 0.984257}",-0.720606,,NFM-1540-PathB-Star-xingyi,PBE,DFT-SR-PBE-BCC-Si2_U98_318
"{""Cr"": 0.051031, ""U"": 0.948969}",0.480699,,NFM-1540-PathB-Star-xingyi,PBE,DFT-SR-PBE-BCC-Cr5_U95_105
"{""Mn"": 0.025117, ""Ru"": 0.034866, ""U"": 0.940017}",-1.829395,,NFM-1540-PathB-Star-xingyi,PBE,DFT-SR-PBE-BCC-Mn3_Ru3_U94_46
"{""Al"": 0.014505, ""U"": 0.985495}",-0.173496,,NFM-1540-PathB-Star-xingyi,PBE,DFT-SR-PBE-BCC-Al1_U99_203
"{""Mo"": 0.057737, ""U"": 0.942263}",0.202011,,NFM-1540-PathB-Star-xingyi,PBE,DFT-SR-PBE-BCC-Mo6_U94_326
"{""Nb"": 0.044416, ""Ru"": 0.052634, ""U"": 0.90295}",-1.830790,,NFM-1540-PathB-Star-xingyi,PBE,DFT-SR-PBE-BCC-Nb4_Ru5_U90_265
"{""U"": 0.894278, ""Zr"": 0.105722}",0.312302,,NFM-1540-PathB-Star-xingyi,PBE,DFT-SR-PBE-BCC-U89_Zr11_141
"{""Nb"": 0.13, ""U"": 0.87}",0.279514,,NFM-1540-PathB-Star-xingyi,PBE,DFT-SR-PBE-BCC-Nb13_U87_355
"{""Mo"": 1.4, ""U"": 98, ""Zr"": 0.6}",0.205984,,NFM-1540-PathB-Star-xingyi,PBE,DFT-SR-PBE-BCC-Mo140_U9800_Zr60_388
"{""Al"": 0.018547, ""U"": 0.981453}",-0.177598,,NFM-1540-PathB-Star-xingyi,PBE,DFT-SR-PBE-BCC-Al2_U98_180
"{""Cr"": 0.094197, ""Nb"": 0.088785, ""U"": 0.817018}",0.303256,,NFM-1540-PathB-Star-xingyi,PBE,DFT-SR-PBE-BCC-Cr9_Nb9_U82_314
"{""Mo"": 0.077, ""Nb"": 0.04, ""U"": 0.883}",0.200351,,NFM-1540-PathB-Star-xingyi,PBE,DFT-SR-PBE-BCC-Mo8_Nb4_U88_54
"{""Nb"": 0.128928, ""U"": 0.8710720000000001}",0.279364,,NFM-1540-PathB-Star-xingyi,PBE,DFT-SR-PBE-BCC-Nb13_U87_364
"{""Nb"": 0.060528, ""Si"": 0.005655, ""U"": 0.933817}",0.273779,,NFM-1540-PathB-Star-xingyi,PBE,DFT-SR-PBE-BCC-Nb6_Si1_U93_374
"{""Mo"": 0.083789, ""Ru"": 0.025062, ""U"": 0.891149}",0.200153,,NFM-1540-PathB-Star-xingyi,PBE,DFT-SR-PBE-BCC-Mo8_Ru3_U89_25
"{""Mo"": 0.054284, ""U"": 0.945716}",0.202228,,NFM-1540-PathB-Star-xingyi,PBE,DFT-SR-PBE-BCC-Mo5_U95_189
"{""Fe"": 0.019, ""U"": 0.981}",-0.023860,,NFM-1540-PathB-Star-xingyi,PBE,DFT-SR-PBE-BCC-Fe2_U98_189
"{""Ti"": 0.08222, ""U"": 0.91778}",0.109817,,NFM-1540-PathB-Star-xingyi,PBE,DFT-SR-PBE-BCC-Ti8_U92_44
"{""Ru"": 0.041445, ""U"": 0.958555}",-1.827021,,NFM-1540-PathB-Star-xingyi,PBE,DFT-SR-PBE-BCC-Ru4_U96_70
"{""Si"": 0.015529999999999999, ""U"": 0.98447}",-0.720654,,NFM-1540-PathB-Star-xingyi,PBE,DFT-SR-PBE-BCC-Si2_U98_321
"{""Mn"": 0.048324, ""U"": 0.951676}",-0.051832,,NFM-1540-PathB-Star-xingyi,PBE,DFT-SR-PBE-BCC-Mn5_U95_277
"{""Cr"": 0.033715, ""U"": 0.966285}",0.493298,,NFM-1540-PathB-Star-xingyi,PBE,DFT-SR-PBE-BCC-Cr3_U97_379
"{""Mo"": 0.051000000000000004, ""U"": 0.949}",0.202460,,NFM-1540-PathB-Star-xingyi,PBE,DFT-SR-PBE-BCC-Mo5_U95_220
"{""U"": 0.902278, ""Zr"": 0.09772199999999999}",0.313581,,NFM-1540-PathB-Star-xingyi,PBE,DFT-SR-PBE-BCC-U90_Zr10_170
"{""Ru"": 0.074211, ""U"": 0.869213, ""V"": 0.056576}",-1.833620,,NFM-1540-PathB-Star-xingyi,PBE,DFT-SR-PBE-BCC-Ru7_U87_V6_53
"{""Nb"": 0.137539, ""U"": 0.862461}",0.280316,,NFM-1540-PathB-Star-xingyi,PBE,DFT-SR-PBE-BCC-Nb14_U86_324
"{""U"": 0.937259, ""Zr"": 0.062741}",0.319479,,NFM-1540-PathB-Star-xingyi,PBE,DFT-SR-PBE-BCC-U94_Zr6_354
"{""Al"": 0.022236000000000002, ""U"": 0.977764}",-0.176714,,NFM-1540-PathB-Star-xingyi,PBE,DFT-SR-PBE-BCC-Al2_U98_63
"{""Si"": 0.012579, ""U"": 0.987421}",-0.721123,,NFM-1540-PathB-Star-xingyi,PBE,DFT-SR-PBE-BCC-Si1_U99_13
"{""Cr"": 0.087614, ""U"": 0.912386}",0.456807,,NFM-1540-PathB-Star-xingyi,PBE,DFT-SR-PBE-BCC-Cr9_U91_178
"{""Nb"": 0.125, ""U"": 0.875}",0.278935,,NFM-1540-PathB-Star-xingyi,PBE,DFT-SR-PBE-BCC-Nb12_U88_380
"{""Nb"": 0.10962, ""U"": 0.89038}",0.277296,,NFM-1540-PathB-Star-xingyi,PBE,DFT-SR-PBE-BCC-Nb11_U89_141
"{""U"": 0.970017, ""Zr"": 0.029983}",0.324935,,NFM-1540-PathB-Star-xingyi,PBE,DFT-SR-PBE-BCC-U97_Zr3_30
"{""Nb"": 0.106052, ""U"": 0.743131, ""Zr"": 0.150817}",0.334575,,NFM-1540-PathB-Star-xingyi,PBE,DFT-SR-PBE-BCC-Nb11_U74_Zr15_329
"{""Mo"": 0.03, ""U"": 0.97}",0.204181,,NFM-1540-PathB-Star-xingyi,PBE,DFT-SR-PBE-BCC-Mo3_U97_227
"{""Ti"": 0.075922, ""U"": 0.8088420000000001, ""Zr"": 0.11523599999999999}",0.330684,,NFM-1540-PathB-Star-xingyi,PBE,DFT-SR-PBE-BCC-Ti8_U81_Zr12_383
"{""Al"": 0.031097, ""Fe"": 0.027094, ""U"": 0.941809}",-0.148481,,NFM-1540-PathB-Star-xingyi,PBE,DFT-SR-PBE-BCC-Al3_Fe3_U94_343
"{""Al"": 0.017616, ""U"": 0.982384}",-0.177938,,NFM-1540-PathB-Star-xingyi,PBE,DFT-SR-PBE-BCC-Al2_U98_326
"{""Mn"": 0.044674, ""U"": 0.955326}",-0.050792,,NFM-1540-PathB-Star-xingyi,PBE,DFT-SR-PBE-BCC-Mn4_U96_158
"{""U"": 0.968, ""V"": 0.032}",0.332721,,NFM-1540-PathB-Star-xingyi,PBE,DFT-SR-PBE-BCC-U97_V3_141
"{""Cr"": 0.049511, ""U"": 0.950489}",0.320046,,NFM-1540-PathB-Star-xingyi,PBE,DFT-SR-PBE-BCC-Cr5_U95_127
"{""U"": 0.875425, ""Zr"": 0.12457499999999999}",0.309227,,NFM-1540-PathB-Star-xingyi,PBE,DFT-SR-PBE-BCC-U88_Zr12_304
"{""Mn"": 0.057409, ""U"": 0.942591}",-0.053819,,NFM-1540-PathB-Star-xingyi,PBE,DFT-SR-PBE-BCC-Mn6_U94_143
"{""U"": 0.877359, ""Zr"": 0.122641}",0.309588,,NFM-1540-PathB-Star-xingyi,PBE,DFT-SR-PBE-BCC-U88_Zr12_39
"{""Ru"": 0.063883, ""U"": 0.936117}",-1.830320,,NFM-1540-PathB-Star-xingyi,PBE,DFT-SR-PBE-BCC-Ru6_U94_320
"{""Si"": 0.006249, ""U"": 0.904207, ""Zr"": 0.089544}",0.318921,,NFM-1540-PathB-Star-xingyi,PBE,DFT-SR-PBE-BCC-Si1_U90_Zr9_101
"{""Nb"": 0.091007, ""U"": 0.9089929999999999}",0.275452,,NFM-1540-PathB-Star-xingyi,PBE,DFT-SR-PBE-BCC-Nb9_U91_313
"{""Cr"": 0.061283000000000004, ""U"": 0.897362, ""V"": 0.041355}",0.308440,,NFM-1540-PathB-Star-xingyi,PBE,DFT-SR-PBE-BCC-Cr6_U90_V4_239
"{""Mn"": 0.059392, ""U"": 0.940608}",-0.054281,,NFM-1540-PathB-Star-xingyi,PBE,DFT-SR-PBE-BCC-Mn6_U94_1
"{""Ti"": 0.034463999999999995, ""U"": 0.965536}",0.107225,,NFM-1540-PathB-Star-xingyi,PBE,DFT-SR-PBE-BCC-Ti3_U97_74
"{""Ru"": 0.022592, ""Ti"": 0.116138, ""U"": 0.861269}",0.116361,,NFM-1540-PathB-Star-xingyi,PBE,DFT-SR-PBE-BCC-Ru2_Ti12_U86_321
"{""Si"": 0.012386000000000001, ""U"": 0.987614}",-0.721171,,NFM-1540-PathB-Star-xingyi,PBE,DFT-SR-PBE-BCC-Si1_U99_357
"{""U"": 0.954071, ""Zr"": 0.045929000000000005}",0.322296,,NFM-1540-PathB-Star-xingyi,PBE,DFT-SR-PBE-BCC-U95_Zr5_35
"{""Al"": 0.02135, ""U"": 0.935817, ""V"": 0.042833}",0.328959,,NFM-1540-PathB-Star-xingyi,PBE,DFT-SR-PBE-BCC-Al2_U94_V4_164
"{""Ti"": 0.090692, ""U"": 0.909308}",0.110313,,NFM-1540-PathB-Star-xingyi,PBE,DFT-SR-PBE-BCC-Ti9_U91_197
"{""Cr"": 0.034571, ""U"": 0.965429}",0.324992,,NFM-1540-PathB-Star-xingyi,PBE,DFT-SR-PBE-BCC-Cr3_U97_172
"{""Mo"": 0.06876600000000001, ""U"": 0.931234}",0.201378,,NFM-1540-PathB-Star-xingyi,PBE,DFT-SR-PBE-BCC-Mo7_U93_327
"{""Ru"": 0.039297000000000006, ""U"": 0.960703}",-1.826701,,NFM-1540-PathB-Star-xingyi,PBE,DFT-SR-PBE-BCC-Ru4_U96_216
"{""Ru"": 0.069655, ""U"": 0.854445, ""V"": 0.0759}",0.285311,,NFM-1540-PathB-Star-xingyi,PBE,DFT-SR-PBE-BCC-Ru7_U85_V8_278
"{""Al"": 0.016907, ""Cr"": 0.065274, ""U"": 0.9178189999999999}",0.313277,,NFM-1540-PathB-Star-xingyi,PBE,DFT-SR-PBE-BCC-Al2_Cr7_U92_33
"{""Ti"": 0.044178, ""U"": 0.955822}",0.107742,,NFM-1540-PathB-Star-xingyi,PBE,DFT-SR-PBE-BCC-Ti4_U96_183
"{""Al"": 0.018505, ""U"": 0.981495}",-0.177707,,NFM-1540-PathB-Star-xingyi,PBE,DFT-SR-PBE-BCC-Al2_U98_344
"{""Cr"": 0.07528, ""Nb"": 0.135724, ""U"": 0.788996}",0.324556,,NFM-1540-PathB-Star-xingyi,PBE,DFT-SR-PBE-BCC-Cr8_Nb14_U79_45
"{""Mn"": 0.023896, ""U"": 0.976104}",-0.045907,,NFM-1540-PathB-Star-xingyi,PBE,DFT-SR-PBE-BCC-Mn2_U98_81
"{""Nb"": 0.048416, ""Ru"": 0.052634, ""U"": 0.89895}",-1.831089,,NFM-1540-PathB-Star-xingyi,PBE,DFT-SR-PBE-BCC-Nb5_Ru5_U90_300
"{""Mo"": 0.126687, ""U"": 0.873313}",0.200221,,NFM-1540-PathB-Star-xingyi,PBE,DFT-SR-PBE-BCC-Mo13_U87_362
"{""Cr"": 0.069, ""U"": 0.931}",0.468528,,NFM-1540-PathB-Star-xingyi,PBE,DFT-SR-PBE-BCC-Cr7_U93_200
"{""Fe"": 0.042023, ""Ti"": 0.04849, ""U"": 0.909487}",0.119674,,NFM-1540-PathB-Star-xingyi,PBE,DFT-SR-PBE-BCC-Fe4_Ti5_U91_387
"{""Fe"": 0.041839, ""U"": 0.958161}",-0.038582,,NFM-1540-PathB-Star-xingyi,PBE,DFT-SR-PBE-BCC-Fe4_U96_201
"{""Cr"": 0.070565, ""Nb"": 0.065371, ""U"": 0.8640639999999999}",0.456718,,NFM-1540-PathB-Star-xingyi,PBE,DFT-SR-PBE-BCC-Cr7_Nb7_U86_197
"{""Fe"": 0.040885, ""U"": 0.880018, ""Zr"": 0.079097}",0.363801,,NFM-1540-PathB-Star-xingyi,PBE,DFT-SR-PBE-BCC-Fe4_U88_Zr8_80
"{""Nb"": 0.087007, ""U"": 0.9129929999999999}",0.275065,,NFM-1540-PathB-Star-xingyi,PBE,DFT-SR-PBE-BCC-Nb9_U91_240
"{""Mo"": 0.082053, ""U"": 0.800307, ""Zr"": 0.11764}",0.358304,,NFM-1540-PathB-Star-xingyi,PBE,DFT-SR-PBE-BCC-Mo8_U80_Zr12_131
"{""Ti"": 0.043334, ""U"": 0.956666}",0.107715,,NFM-1540-PathB-Star-xingyi,PBE,DFT-SR-PBE-BCC-Ti4_U96_125
"{""Ru"": 0.050969, ""U"": 0.949031}",-1.828579,,NFM-1540-PathB-Star-xingyi,PBE,DFT-SR-PBE-BCC-Ru5_U95_7
"{""Al"": 0.01325, ""Mo"": 0.077295, ""U"": 0.909455}",0.200575,,NFM-1540-PathB-Star-xingyi,PBE,DFT-SR-PBE-BCC-Al1_Mo8_U91_124
"{""Mn"": 0.025348, ""U"": 0.905087, ""Zr"": 0.069565}",0.335174,,NFM-1540-PathB-Star-xingyi,PBE,DFT-SR-PBE-BCC-Mn3_U91_Zr7_151
"{""Mo"": 0.06947400000000001, ""U"": 0.930526}",0.201337,,NFM-1540-PathB-Star-xingyi,PBE,DFT-SR-PBE-BCC-Mo7_U93_366
"{""Cr"": 0.055031, ""U"": 0.944969}",0.477896,,NFM-1540-PathB-Star-xingyi,PBE,DFT-SR-PBE-BCC-Cr6_U94_320
"{""Si"": 0.012657000000000002, ""U"": 0.987343}",-0.721123,,NFM-1540-PathB-Star-xingyi,PBE,DFT-SR-PBE-BCC-Si1_U99_236
"{""Al"": 0.025833, ""Cr"": 0.096234, ""U"": 0.877933}",0.305161,,NFM-1540-PathB-Star-xingyi,PBE,DFT-SR-PBE-BCC-Al3_Cr10_U88_336
"{""Cr"": 0.053937, ""U"": 0.946063}",0.478733,,NFM-1540-PathB-Star-xingyi,PBE,DFT-SR-PBE-BCC-Cr5_U95_1
"{""Al"": 0.021616, ""U"": 0.978384}",-0.176830,,NFM-1540-PathB-Star-xingyi,PBE,DFT-SR-PBE-BCC-Al2_U98_340
"{""Al"": 0.015493, ""U"": 0.984507}",-0.173244,,NFM-1540-PathB-Star-xingyi,PBE,DFT-SR-PBE-BCC-Al2_U98_21
"{""Ru"": 0.057574, ""U"": 0.942426}",-1.829348,,NFM-1540-PathB-Star-xingyi,PBE,DFT-SR-PBE-BCC-Ru6_U94_279
"{""Fe"": 0.02031, ""Ti"": 0.035805000000000003, ""U"": 0.943885}",0.112137,,NFM-1540-PathB-Star-xingyi,PBE,DFT-SR-PBE-BCC-Fe2_Ti4_U94_134
"{""Mo"": 0.1188, ""U"": 0.8812}",0.200153,,NFM-1540-PathB-Star-xingyi,PBE,DFT-SR-PBE-BCC-Mo12_U88_117
"{""Mo"": 0.138197, ""Nb"": 0.149148, ""U"": 0.712655}",0.325230,,NFM-1540-PathB-Star-xingyi,PBE,DFT-SR-PBE-BCC-Mo14_Nb15_U71_297
"{""Cr"": 0.070616, ""Fe"": 0.048619, ""U"": 0.880765}",0.302807,,NFM-1540-PathB-Star-xingyi,PBE,DFT-SR-PBE-BCC-Cr7_Fe5_U88_383
"{""Ru"": 0.025572, ""U"": 0.974428}",-1.824130,,NFM-1540-PathB-Star-xingyi,PBE,DFT-SR-PBE-BCC-Ru3_U97_170
"{""Ti"": 0.043178, ""U"": 0.956822}",0.107674,,NFM-1540-PathB-Star-xingyi,PBE,DFT-SR-PBE-BCC-Ti4_U96_37
"{""Mo"": 0.045000000000000005, ""U"": 0.955}",0.202902,,NFM-1540-PathB-Star-xingyi,PBE,DFT-SR-PBE-BCC-Mo5_U96_362
"{""Ru"": 0.040445, ""U"": 0.959555}",-1.826858,,NFM-1540-PathB-Star-xingyi,PBE,DFT-SR-PBE-BCC-Ru4_U96_348
"{""Al"": 0.020393, ""U"": 0.865413, ""Zr"": 0.114194}",0.319860,,NFM-1540-PathB-Star-xingyi,PBE,DFT-SR-PBE-BCC-Al2_U87_Zr11_249
"{""Cr"": 0.064012, ""U"": 0.935988}",0.471787,,NFM-1540-PathB-Star-xingyi,PBE,DFT-SR-PBE-BCC-Cr6_U94_67
"{""Nb"": 0.132316, ""U"": 0.867684}",0.279731,,NFM-1540-PathB-Star-xingyi,PBE,DFT-SR-PBE-BCC-Nb13_U87_49
"{""Mo"": 0.034256, ""U"": 0.965744}",0.203779,,NFM-1540-PathB-Star-xingyi,PBE,DFT-SR-PBE-BCC-Mo3_U97_42
"{""Fe"": 0.038576, ""U"": 0.9614240000000001}",-0.036541,,NFM-1540-PathB-Star-xingyi,PBE,DFT-SR-PBE-BCC-Fe4_U96_279
"{""Cr"": 0.03826, ""Ru"": 0.059729, ""U"": 0.902011}",-1.833688,,NFM-1540-PathB-Star-xingyi,PBE,DFT-SR-PBE-BCC-Cr4_Ru6_U90_284
"{""Fe"": 0.060019, ""U"": 0.939981}",-0.049419,,NFM-1540-PathB-Star-xingyi,PBE,DFT-SR-PBE-BCC-Fe6_U94_348
"{""U"": 0.97, ""V"": 0.030000000000000002}",0.335476,,NFM-1540-PathB-Star-xingyi,PBE,DFT-SR-PBE-BCC-U97_V3_203
"{""Si"": 0.012254000000000001, ""U"": 0.987746}",-0.721171,,NFM-1540-PathB-Star-xingyi,PBE,DFT-SR-PBE-BCC-Si1_U99_153
"{""Cr"": 0.074188, ""U"": 0.925812}",0.312808,,NFM-1540-PathB-Star-xingyi,PBE,DFT-SR-PBE-BCC-Cr7_U93_185
"{""Mo"": 0.028999999999999998, ""U"": 0.971}",0.204269,,NFM-1540-PathB-Star-xingyi,PBE,DFT-SR-PBE-BCC-Mo3_U97_365
"{""Mo"": 0.038276000000000004, ""Ru"": 0.05569, ""U"": 0.906034}",-1.832239,,NFM-1540-PathB-Star-xingyi,PBE,DFT-SR-PBE-BCC-Mo4_Ru6_U91_165
"{""Si"": 0.016579, ""U"": 0.983421}",-0.720463,,NFM-1540-PathB-Star-xingyi,PBE,DFT-SR-PBE-BCC-Si2_U98_153
"{""U"": 75.0, ""Zr"": 25.0}",0.289634,,NFM-1540-PathB-Star-xingyi,PBE,DFT-SR-PBE-BCC-U7500_Zr2500_213
"{""Nb"": 0.094105, ""U"": 0.905895}",0.275718,,NFM-1540-PathB-Star-xingyi,PBE,DFT-SR-PBE-BCC-Nb9_U91_155
"{""Ti"": 0.060830999999999996, ""U"": 0.939169}",0.108606,,NFM-1540-PathB-Star-xingyi,PBE,DFT-SR-PBE-BCC-Ti6_U94_380
"{""Cr"": 0.032203999999999997, ""U"": 0.967796}",0.494359,,NFM-1540-PathB-Star-xingyi,PBE,DFT-SR-PBE-BCC-Cr3_U97_384
"{""Al"": 0.006257, ""U"": 0.943656, ""Zr"": 0.050087}",0.324377,,NFM-1540-PathB-Star-xingyi,PBE,DFT-SR-PBE-BCC-Al1_U94_Zr5_172
"{""Nb"": 0.07118100000000001, ""U"": 0.928819}",0.273534,,NFM-1540-PathB-Star-xingyi,PBE,DFT-SR-PBE-BCC-Nb7_U93_142
"{""Nb"": 0.05, ""U"": 0.95}",0.271602,,NFM-1540-PathB-Star-xingyi,PBE,DFT-SR-PBE-BCC-Nb5_U95_302
"{""Mn"": 0.040324, ""U"": 0.959676}",-0.049751,,NFM-1540-PathB-Star-xingyi,PBE,DFT-SR-PBE-BCC-Mn4_U96_204
"{""Fe"": 0.032859, ""U"": 0.92133, ""Zr"": 0.045811}",0.360195,,NFM-1540-PathB-Star-xingyi,PBE,DFT-SR-PBE-BCC-Fe3_U92_Zr5_172
"{""Fe"": 0.019162, ""U"": 0.980838}",-0.023969,,NFM-1540-PathB-Star-xingyi,PBE,DFT-SR-PBE-BCC-Fe2_U98_210
"{""U"": 0.963611, ""Zr"": 0.036389}",0.323799,,NFM-1540-PathB-Star-xingyi,PBE,DFT-SR-PBE-BCC-U96_Zr4_111
"{""Fe"": 0.018092, ""Mn"": 0.056071, ""U"": 0.925837}",-0.060186,,NFM-1540-PathB-Star-xingyi,PBE,DFT-SR-PBE-BCC-Fe2_Mn6_U93_91
"{""U"": 0.934963, ""Zr"": 0.065037}",0.318921,,NFM-1540-PathB-Star-xingyi,PBE,DFT-SR-PBE-BCC-U93_Zr7_229
"{""Nb"": 0.086923, ""U"": 0.913077}",0.274997,,NFM-1540-PathB-Star-xingyi,PBE,DFT-SR-PBE-BCC-Nb9_U91_310
"{""Ti"": 0.049, ""U"": 0.951}",0.108007,,NFM-1540-PathB-Star-xingyi,PBE,DFT-SR-PBE-BCC-Ti5_U95_231
"{""Al"": 0.012604, ""Ru"": 0.027874, ""U"": 0.959522}",-1.826157,,NFM-1540-PathB-Star-xingyi,PBE,DFT-SR-PBE-BCC-Al1_Ru3_U96_57
"{""Fe"": 0.034587, ""U"": 0.965413}",-0.034044,,NFM-1540-PathB-Star-xingyi,PBE,DFT-SR-PBE-BCC-Fe3_U97_164
"{""Al"": 0.028829, ""U"": 0.971171}",-0.174918,,NFM-1540-PathB-Star-xingyi,PBE,DFT-SR-PBE-BCC-Al3_U97_16
"{""Cr"": 0.055084, ""U"": 0.944916}",0.477896,,NFM-1540-PathB-Star-xingyi,PBE,DFT-SR-PBE-BCC-Cr6_U94_180
"{""Cr"": 0.073616, ""Fe"": 0.048619, ""U"": 0.877764}",0.302324,,NFM-1540-PathB-Star-xingyi,PBE,DFT-SR-PBE-BCC-Cr7_Fe5_U88_60
"{""Mo"": 0.044927999999999996, ""U"": 0.955072}",0.202902,,NFM-1540-PathB-Star-xingyi,PBE,DFT-SR-PBE-BCC-Mo4_U96_369
"{""Al"": 0.019110000000000002, ""U"": 0.98089}",-0.177156,,NFM-1540-PathB-Star-xingyi,PBE,DFT-SR-PBE-BCC-Al2_U98_189
"{""Ru"": 0.031519, ""Ti"": 0.049959, ""U"": 0.9185220000000001}",0.113456,,NFM-1540-PathB-Star-xingyi,PBE,DFT-SR-PBE-BCC-Ru3_Ti5_U92_35
"{""Al"": 0.024818, ""Cr"": 0.056685, ""U"": 0.918497}",0.469698,,NFM-1540-PathB-Star-xingyi,PBE,DFT-SR-PBE-BCC-Al2_Cr6_U92_56
"{""Mn"": 0.037699, ""U"": 0.962301}",-0.049302,,NFM-1540-PathB-Star-xingyi,PBE,DFT-SR-PBE-BCC-Mn4_U96_119
"{""U"": 0.945441, ""Zr"": 0.054558999999999996}",0.320792,,NFM-1540-PathB-Star-xingyi,PBE,DFT-SR-PBE-BCC-U95_Zr5_287
"{""Ni"": 0.019, ""U"": 0.981}",-0.236152,,NFM-1540-PathB-Star-xingyi,PBE,DFT-SR-PBE-BCC-Ni2_U98_158
"{""Ru"": 0.037, ""U"": 0.963}",-1.826334,,NFM-1540-PathB-Star-xingyi,PBE,DFT-SR-PBE-BCC-Ru4_U96_377
"{""Mo"": 0.098607, ""U"": 0.901393}",0.200323,,NFM-1540-PathB-Star-xingyi,PBE,DFT-SR-PBE-BCC-Mo10_U90_63
"{""Mn"": 0.052195, ""U"": 0.947805}",-0.052608,,NFM-1540-PathB-Star-xingyi,PBE,DFT-SR-PBE-BCC-Mn5_U95_95
"{""Mn"": 0.030214, ""U"": 0.969786}",-0.047295,,NFM-1540-PathB-Star-xingyi,PBE,DFT-SR-PBE-BCC-Mn3_U97_123
"{""Fe"": 0.057026, ""U"": 0.942974}",-0.047718,,NFM-1540-PathB-Star-xingyi,PBE,DFT-SR-PBE-BCC-Fe6_U94_39
"{""Ti"": 0.083535, ""U"": 0.916465}",0.109898,,NFM-1540-PathB-Star-xingyi,PBE,DFT-SR-PBE-BCC-Ti8_U92_77
"{""U"": 0.865425, ""Zr"": 0.134575}",0.307608,,NFM-1540-PathB-Star-xingyi,PBE,DFT-SR-PBE-BCC-U87_Zr13_85
"{""Cr"": 0.054937, ""U"": 0.945063}",0.478012,,NFM-1540-PathB-Star-xingyi,PBE,DFT-SR-PBE-BCC-Cr5_U95_222
"{""Al"": 0.023386, ""U"": 0.976614}",-0.176381,,NFM-1540-PathB-Star-xingyi,PBE,DFT-SR-PBE-BCC-Al2_U98_54
"{""Cr"": 0.076188, ""U"": 0.923812}",0.312291,,NFM-1540-PathB-Star-xingyi,PBE,DFT-SR-PBE-BCC-Cr8_U92_257
"{""Mo"": 0.11932799999999999, ""U"": 0.880672}",0.200160,,NFM-1540-PathB-Star-xingyi,PBE,DFT-SR-PBE-BCC-Mo12_U88_244
"{""Fe"": 0.027083, ""Nb"": 0.086896, ""U"": 0.886021}",0.286813,,NFM-1540-PathB-Star-xingyi,PBE,DFT-SR-PBE-BCC-Fe3_Nb9_U89_380
"{""Ti"": 0.06822299999999999, ""U"": 0.868628, ""V"": 0.063149}",0.122668,,NFM-1540-PathB-Star-xingyi,PBE,DFT-SR-PBE-BCC-Ti7_U87_V6_385
"{""Mo"": 0.125242, ""Ti"": 0.062511, ""U"": 0.8122469999999999}",0.201058,,NFM-1540-PathB-Star-xingyi,PBE,DFT-SR-PBE-BCC-Mo13_Ti6_U81_315
"{""Ti"": 0.119565, ""U"": 0.757783, ""Zr"": 0.122653}",0.341296,,NFM-1540-PathB-Star-xingyi,PBE,DFT-SR-PBE-BCC-Ti12_U76_Zr12_24
"{""Nb"": 0.119683, ""U"": 0.880317}",0.278425,,NFM-1540-PathB-Star-xingyi,PBE,DFT-SR-PBE-BCC-Nb12_U88_178
"{""Ta"": 0.035082, ""U"": 0.910913, ""V"": 0.054005}",0.325244,,NFM-1540-PathB-Star-xingyi,PBE,DFT-SR-PBE-BCC-Ta4_U91_V5_54
"{""Cr"": 0.056031, ""U"": 0.943969}",0.477270,,NFM-1540-PathB-Star-xingyi,PBE,DFT-SR-PBE-BCC-Cr6_U94_149
"{""Ti"": 0.050831, ""U"": 0.949169}",0.108075,,NFM-1540-PathB-Star-xingyi,PBE,DFT-SR-PBE-BCC-Ti5_U95_207
"{""Nb"": 0.11162, ""U"": 0.88838}",0.277500,,NFM-1540-PathB-Star-xingyi,PBE,DFT-SR-PBE-BCC-Nb11_U89_38
"{""U"": 0.959177, ""V"": 0.040823000000000005}",0.332442,,NFM-1540-PathB-Star-xingyi,PBE,DFT-SR-PBE-BCC-U96_V4_165
"{""Mn"": 0.053391999999999995, ""U"": 0.946608}",-0.052880,,NFM-1540-PathB-Star-xingyi,PBE,DFT-SR-PBE-BCC-Mn5_U95_135
"{""Mn"": 0.047674, ""U"": 0.952326}",-0.051533,,NFM-1540-PathB-Star-xingyi,PBE,DFT-SR-PBE-BCC-Mn5_U95_237
"{""Mn"": 0.060545, ""U"": 0.939455}",-0.054547,,NFM-1540-PathB-Star-xingyi,PBE,DFT-SR-PBE-BCC-Mn6_U94_52
"{""Nb"": 30.0, ""U"": 60, ""Zr"": 10.0}",0.293412,,NFM-1540-PathB-Star-xingyi,PBE,DFT-SR-PBE-BCC-Nb3000_U6000_Zr1000_336
"{""Mn"": 0.017087, ""U"": 0.982913}",-0.044159,,NFM-1540-PathB-Star-xingyi,PBE,DFT-SR-PBE-BCC-Mn2_U98_364
"{""Mn"": 0.061391999999999995, ""U"": 0.938608}",-0.054730,,NFM-1540-PathB-Star-xingyi,PBE,DFT-SR-PBE-BCC-Mn6_U94_13
"{""Cr"": 0.055511000000000005, ""U"": 0.944489}",0.477637,,NFM-1540-PathB-Star-xingyi,PBE,DFT-SR-PBE-BCC-Cr6_U94_359
"{""Mo"": 5.2, ""Ti"": 29.8, ""U"": 65}",0.138192,,NFM-1540-PathB-Star-xingyi,PBE,DFT-SR-PBE-BCC-Mo520_Ti2980_U6500_367
"{""Nb"": 0.112251, ""Si"": 0.008997, ""U"": 0.878752}",0.279874,,NFM-1540-PathB-Star-xingyi,PBE,DFT-SR-PBE-BCC-Nb11_Si1_U88_82
"{""Si"": 0.011563, ""U"": 0.988437}",-0.721307,,NFM-1540-PathB-Star-xingyi,PBE,DFT-SR-PBE-BCC-Si1_U99_291
"{""Al"": 0.025774, ""Mo"": 0.125772, ""U"": 0.848454}",0.200636,,NFM-1540-PathB-Star-xingyi,PBE,DFT-SR-PBE-BCC-Al3_Mo13_U85_208
"{""Ti"": 0.019, ""U"": 0.981}",0.106504,,NFM-1540-PathB-Star-xingyi,PBE,DFT-SR-PBE-BCC-Ti2_U98_284
"{""Nb"": 0.116371, ""U"": 0.883629}",0.278065,,NFM-1540-PathB-Star-xingyi,PBE,DFT-SR-PBE-BCC-Nb12_U88_91
"{""U"": 0.873382, ""Zr"": 0.126618}",0.308866,,NFM-1540-PathB-Star-xingyi,PBE,DFT-SR-PBE-BCC-U87_Zr13_136
"{""Ti"": 0.068769, ""U"": 0.931231}",0.109048,,NFM-1540-PathB-Star-xingyi,PBE,DFT-SR-PBE-BCC-Ti7_U93_229
"{""U"": 0.859461, ""Zr"": 0.140539}",0.306723,,NFM-1540-PathB-Star-xingyi,PBE,DFT-SR-PBE-BCC-U86_Zr14_193
"{""Cr"": 0.055513, ""U"": 0.893342, ""V"": 0.051145}",0.453453,,NFM-1540-PathB-Star-xingyi,PBE,DFT-SR-PBE-BCC-Cr6_U89_V5_98
"{""U"": 0.79848, ""V"": 0.073763, ""Zr"": 0.127757}",0.370039,,NFM-1540-PathB-Star-xingyi,PBE,DFT-SR-PBE-BCC-U80_V7_Zr13_235
"{""Cr"": 0.024614, ""Si"": 0.007594, ""U"": 0.967792}",0.326842,,NFM-1540-PathB-Star-xingyi,PBE,DFT-SR-PBE-BCC-Cr2_Si1_U97_187
"{""Mn"": 0.046598, ""Mo"": 0.086251, ""U"": 0.867151}",0.200500,,NFM-1540-PathB-Star-xingyi,PBE,DFT-SR-PBE-BCC-Mn5_Mo9_U87_143
"{""U"": 0.9254910000000001, ""Zr"": 0.07450899999999999}",0.317438,,NFM-1540-PathB-Star-xingyi,PBE,DFT-SR-PBE-BCC-U93_Zr7_300
"{""Al"": 0.024818, ""Cr"": 0.057685, ""U"": 0.917497}",0.469106,,NFM-1540-PathB-Star-xingyi,PBE,DFT-SR-PBE-BCC-Al2_Cr6_U92_299
"{""Nb"": 0.07749600000000001, ""U"": 0.922504}",0.274092,,NFM-1540-PathB-Star-xingyi,PBE,DFT-SR-PBE-BCC-Nb8_U92_294
"{""Mo"": 0.103607, ""U"": 0.896393}",0.200235,,NFM-1540-PathB-Star-xingyi,PBE,DFT-SR-PBE-BCC-Mo10_U90_79
"{""U"": 0.983, ""Zr"": 0.017}",0.327221,,NFM-1540-PathB-Star-xingyi,PBE,DFT-SR-PBE-BCC-U98_Zr2_150
"{""U"": 0.981, ""Zr"": 0.019}",0.326840,,NFM-1540-PathB-Star-xingyi,PBE,DFT-SR-PBE-BCC-U98_Zr2_86
"{""Ti"": 0.063869, ""U"": 0.936131}",0.108769,,NFM-1540-PathB-Star-xingyi,PBE,DFT-SR-PBE-BCC-Ti6_U94_294
"{""Mn"": 0.018596, ""U"": 0.981404}",-0.044519,,NFM-1540-PathB-Star-xingyi,PBE,DFT-SR-PBE-BCC-Mn2_U98_277
"{""Mn"": 0.018596, ""U"": 0.9814039999999999}",-0.044519,,NFM-1540-PathB-Star-xingyi,PBE,DFT-SR-PBE-BCC-Mn2_U98_37
"{""Mn"": 0.025383, ""U"": 0.974617}",-0.046261,,NFM-1540-PathB-Star-xingyi,PBE,DFT-SR-PBE-BCC-Mn3_U97_241
"{""Nb"": 7.5, ""U"": 70, ""Zr"": 22.5}",0.313214,,NFM-1540-PathB-Star-xingyi,PBE,DFT-SR-PBE-BCC-Nb750_U7000_Zr2250_341
"{""Al"": 0.025236, ""U"": 0.974764}",-0.173591,,NFM-1540-PathB-Star-xingyi,PBE,DFT-SR-PBE-BCC-Al3_U97_339
"{""Ru"": 0.062332000000000005, ""U"": 0.886118, ""V"": 0.05155}",-1.833838,,NFM-1540-PathB-Star-xingyi,PBE,DFT-SR-PBE-BCC-Ru6_U89_V5_76
"{""U"": 0.972037, ""V"": 0.027963000000000002}",0.336442,,NFM-1540-PathB-Star-xingyi,PBE,DFT-SR-PBE-BCC-U97_V3_88
"{""Mo"": 0.114684, ""U"": 0.885316}",0.200160,,NFM-1540-PathB-Star-xingyi,PBE,DFT-SR-PBE-BCC-Mo11_U89_47
"{""Mo"": 0.138014, ""U"": 0.861986}",0.200419,,NFM-1540-PathB-Star-xingyi,PBE,DFT-SR-PBE-BCC-Mo14_U86_305
"{""Nb"": 0.060229000000000005, ""U"": 0.939771}",0.272486,,NFM-1540-PathB-Star-xingyi,PBE,DFT-SR-PBE-BCC-Nb6_U94_376
"{""Si"": 0.005424, ""Ti"": 0.108878, ""U"": 0.885699}",0.112273,,NFM-1540-PathB-Star-xingyi,PBE,DFT-SR-PBE-BCC-Si1_Ti11_U89_177
"{""Ti"": 0.073869, ""U"": 0.926131}",0.109327,,NFM-1540-PathB-Star-xingyi,PBE,DFT-SR-PBE-BCC-Ti7_U93_330
"{""Ti"": 0.055831, ""U"": 0.944169}",0.108341,,NFM-1540-PathB-Star-xingyi,PBE,DFT-SR-PBE-BCC-Ti6_U94_290
"{""Ti"": 0.07300000000000001, ""U"": 0.927}",0.109286,,NFM-1540-PathB-Star-xingyi,PBE,DFT-SR-PBE-BCC-Ti7_U93_145
"{""Nb"": 11.2, ""U"": 55, ""Zr"": 33.8}",0.304948,,NFM-1540-PathB-Star-xingyi,PBE,DFT-SR-PBE-BCC-Nb1120_U5500_Zr3380_350
"{""Cr"": 0.038715, ""U"": 0.961285}",0.489529,,NFM-1540-PathB-Star-xingyi,PBE,DFT-SR-PBE-BCC-Cr4_U96_50
"{""Ti"": 0.070275, ""U"": 0.782455, ""Zr"": 0.14727}",0.323609,,NFM-1540-PathB-Star-xingyi,PBE,DFT-SR-PBE-BCC-Ti7_U78_Zr15_258
"{""Mo"": 0.063766, ""U"": 0.936234}",0.201657,,NFM-1540-PathB-Star-xingyi,PBE,DFT-SR-PBE-BCC-Mo6_U94_267
"{""Nb"": 20.0, ""U"": 60, ""Zr"": 20.0}",0.274350,,NFM-1540-PathB-Star-xingyi,PBE,DFT-SR-PBE-BCC-Nb2000_U6000_Zr2000_337
"{""U"": 0.873477, ""Zr"": 0.126523}",0.308866,,NFM-1540-PathB-Star-xingyi,PBE,DFT-SR-PBE-BCC-U87_Zr13_241
"{""Mo"": 0.11655800000000001, ""U"": 0.883442}",0.200147,,NFM-1540-PathB-Star-xingyi,PBE,DFT-SR-PBE-BCC-Mo12_U88_57
"{""Mn"": 0.023117, ""Ru"": 0.034866, ""U"": 0.942017}",-1.829075,,NFM-1540-PathB-Star-xingyi,PBE,DFT-SR-PBE-BCC-Mn2_Ru3_U94_249
"{""Ru"": 0.046049, ""U"": 0.953951}",-1.827592,,NFM-1540-PathB-Star-xingyi,PBE,DFT-SR-PBE-BCC-Ru5_U95_130
"{""U"": 0.919401, ""V"": 0.080599}",0.322918,,NFM-1540-PathB-Star-xingyi,PBE,DFT-SR-PBE-BCC-U92_V8_317
"{""Ti"": 0.06276899999999999, ""U"": 0.937231}",0.108728,,NFM-1540-PathB-Star-xingyi,PBE,DFT-SR-PBE-BCC-Ti6_U94_154
"{""Mo"": 0.055, ""U"": 0.945}",0.202181,,NFM-1540-PathB-Star-xingyi,PBE,DFT-SR-PBE-BCC-Mo6_U94_124
"{""Si"": 0.012371, ""U"": 0.987629}",-0.721171,,NFM-1540-PathB-Star-xingyi,PBE,DFT-SR-PBE-BCC-Si1_U99_122
"{""U"": 0.983, ""V"": 0.017}",0.336075,,NFM-1540-PathB-Star-xingyi,PBE,DFT-SR-PBE-BCC-U98_V2_261
"{""Ru"": 0.056574, ""U"": 0.943426}",-1.829361,,NFM-1540-PathB-Star-xingyi,PBE,DFT-SR-PBE-BCC-Ru6_U94_186
"{""Ru"": 0.051574, ""U"": 0.948426}",-1.828511,,NFM-1540-PathB-Star-xingyi,PBE,DFT-SR-PBE-BCC-Ru5_U95_103
"{""Mo"": 0.125242, ""Ti"": 0.066511, ""U"": 0.8082469999999999}",0.200997,,NFM-1540-PathB-Star-xingyi,PBE,DFT-SR-PBE-BCC-Mo13_Ti7_U81_309
"{""U"": 0.924692, ""V"": 0.075308}",0.324135,,NFM-1540-PathB-Star-xingyi,PBE,DFT-SR-PBE-BCC-U92_V8_142
"{""Mn"": 0.01988, ""U"": 0.98012}",-0.044900,,NFM-1540-PathB-Star-xingyi,PBE,DFT-SR-PBE-BCC-Mn2_U98_313
"{""Mn"": 0.015274, ""Ru"": 0.025629, ""U"": 0.959097}",-1.826783,,NFM-1540-PathB-Star-xingyi,PBE,DFT-SR-PBE-BCC-Mn2_Ru3_U96_347
"{""Mo"": 0.129794, ""U"": 0.870206}",0.200255,,NFM-1540-PathB-Star-xingyi,PBE,DFT-SR-PBE-BCC-Mo13_U87_89
"{""Nb"": 0.048213, ""U"": 0.951787}",0.271425,,NFM-1540-PathB-Star-xingyi,PBE,DFT-SR-PBE-BCC-Nb5_U95_129
"{""Ti"": 0.08422, ""U"": 0.91578}",0.109939,,NFM-1540-PathB-Star-xingyi,PBE,DFT-SR-PBE-BCC-Ti8_U92_13
"{""Mo"": 0.055737, ""U"": 0.944263}",0.202140,,NFM-1540-PathB-Star-xingyi,PBE,DFT-SR-PBE-BCC-Mo6_U94_26
"{""Ti"": 0.069904, ""U"": 0.930096}",0.109130,,NFM-1540-PathB-Star-xingyi,PBE,DFT-SR-PBE-BCC-Ti7_U93_153
"{""Ru"": 0.0697, ""U"": 0.838584, ""Zr"": 0.09171599999999999}",0.370257,,NFM-1540-PathB-Star-xingyi,PBE,DFT-SR-PBE-BCC-Ru7_U84_Zr9_119
"{""Nb"": 0.045161, ""U"": 0.954839}",0.271200,,NFM-1540-PathB-Star-xingyi,PBE,DFT-SR-PBE-BCC-Nb5_U95_26
"{""Fe"": 0.02031, ""Ti"": 0.029805, ""U"": 0.949885}",0.111769,,NFM-1540-PathB-Star-xingyi,PBE,DFT-SR-PBE-BCC-Fe2_Ti3_U95_106
"{""Mn"": 0.038612, ""Mo"": 0.053926, ""U"": 0.907462}",0.200310,,NFM-1540-PathB-Star-xingyi,PBE,DFT-SR-PBE-BCC-Mn4_Mo5_U91_177
"{""Nb"": 0.097844, ""U"": 0.902156}",0.275874,,NFM-1540-PathB-Star-xingyi,PBE,DFT-SR-PBE-BCC-Nb10_U90_226
"{""Ru"": 0.046256000000000005, ""U"": 0.953744}",-1.827960,,NFM-1540-PathB-Star-xingyi,PBE,DFT-SR-PBE-BCC-Ru5_U95_346
"{""Mo"": 0.049736999999999996, ""U"": 0.950263}",0.202555,,NFM-1540-PathB-Star-xingyi,PBE,DFT-SR-PBE-BCC-Mo5_U95_125
"{""Cr"": 0.066565, ""Nb"": 0.065371, ""U"": 0.868064}",0.310379,,NFM-1540-PathB-Star-xingyi,PBE,DFT-SR-PBE-BCC-Cr7_Nb7_U87_129
"{""Ti"": 0.082266, ""U"": 0.917734}",0.109817,,NFM-1540-PathB-Star-xingyi,PBE,DFT-SR-PBE-BCC-Ti8_U92_198
"{""Al"": 0.02042, ""Mo"": 0.039361, ""U"": 0.940219}",0.202140,,NFM-1540-PathB-Star-xingyi,PBE,DFT-SR-PBE-BCC-Al2_Mo4_U94_209
"{""U"": 0.9241, ""V"": 0.0759}",0.323611,,NFM-1540-PathB-Star-xingyi,PBE,DFT-SR-PBE-BCC-U92_V8_345
"{""Ru"": 0.029535, ""U"": 0.970465}",-1.824973,,NFM-1540-PathB-Star-xingyi,PBE,DFT-SR-PBE-BCC-Ru3_U97_341
"{""Ti"": 0.089535, ""U"": 0.910465}",0.110239,,NFM-1540-PathB-Star-xingyi,PBE,DFT-SR-PBE-BCC-Ti9_U91_219
"{""Ti"": 0.094791, ""U"": 0.905209}",0.110586,,NFM-1540-PathB-Star-xingyi,PBE,DFT-SR-PBE-BCC-Ti9_U91_205
"{""Fe"": 0.037701, ""U"": 0.962299}",-0.035996,,NFM-1540-PathB-Star-xingyi,PBE,DFT-SR-PBE-BCC-Fe4_U96_221
"{""Ti"": 0.095, ""U"": 0.905}",0.110586,,NFM-1540-PathB-Star-xingyi,PBE,DFT-SR-PBE-BCC-Ti10_U90_236
"{""Ti"": 0.116565, ""U"": 0.7607820000000001, ""Zr"": 0.122653}",0.340500,,NFM-1540-PathB-Star-xingyi,PBE,DFT-SR-PBE-BCC-Ti12_U76_Zr12_221
"{""Ti"": 0.072266, ""U"": 0.9277340000000001}",0.109245,,NFM-1540-PathB-Star-xingyi,PBE,DFT-SR-PBE-BCC-Ti7_U93_141
"{""Nb"": 0.046416, ""Ru"": 0.052634, ""U"": 0.90095}",-1.830926,,NFM-1540-PathB-Star-xingyi,PBE,DFT-SR-PBE-BCC-Nb5_Ru5_U90_59
"{""Cr"": 0.06728300000000001, ""U"": 0.891362, ""V"": 0.041355}",0.307107,,NFM-1540-PathB-Star-xingyi,PBE,DFT-SR-PBE-BCC-Cr7_U89_V4_352
"{""Nb"": 0.045, ""U"": 0.955}",0.271200,,NFM-1540-PathB-Star-xingyi,PBE,DFT-SR-PBE-BCC-Nb4_U96_187
"{""Mn"": 0.043497, ""U"": 0.956503}",-0.050513,,NFM-1540-PathB-Star-xingyi,PBE,DFT-SR-PBE-BCC-Mn4_U96_110
"{""U"": 0.856652, ""Zr"": 0.143348}",0.306186,,NFM-1540-PathB-Star-xingyi,PBE,DFT-SR-PBE-BCC-U86_Zr14_134
"{""Ru"": 0.04211, ""Si"": 0.015202, ""U"": 0.942688}",-1.829150,,NFM-1540-PathB-Star-xingyi,PBE,DFT-SR-PBE-BCC-Ru4_Si2_U94_332
"{""Al"": 0.019797, ""Mo"": 0.043419, ""U"": 0.9367840000000001}",0.201909,,NFM-1540-PathB-Star-xingyi,PBE,DFT-SR-PBE-BCC-Al2_Mo4_U94_140
"{""Mn"": 0.015459, ""U"": 0.984541}",-0.043716,,NFM-1540-PathB-Star-xingyi,PBE,DFT-SR-PBE-BCC-Mn2_U98_144
"{""Ti"": 0.037715, ""U"": 0.9622850000000001}",0.107409,,NFM-1540-PathB-Star-xingyi,PBE,DFT-SR-PBE-BCC-Ti4_U96_99
"{""Cr"": 0.046162999999999996, ""Ru"": 0.070175, ""U"": 0.883662}",-1.833674,,NFM-1540-PathB-Star-xingyi,PBE,DFT-SR-PBE-BCC-Cr5_Ru7_U88_108
"{""U"": 0.937144, ""V"": 0.062856}",0.327020,,NFM-1540-PathB-Star-xingyi,PBE,DFT-SR-PBE-BCC-U94_V6_164
"{""Mn"": 0.038612, ""Mo"": 0.059926, ""U"": 0.901462}",0.200215,,NFM-1540-PathB-Star-xingyi,PBE,DFT-SR-PBE-BCC-Mn4_Mo6_U90_321
"{""Nb"": 0.065, ""U"": 0.935}",0.272915,,NFM-1540-PathB-Star-xingyi,PBE,DFT-SR-PBE-BCC-Nb6_U94_94
"{""Mn"": 0.062545, ""U"": 0.937455}",-0.055009,,NFM-1540-PathB-Star-xingyi,PBE,DFT-SR-PBE-BCC-Mn6_U94_301
"{""Mo"": 0.055284, ""U"": 0.944716}",0.202167,,NFM-1540-PathB-Star-xingyi,PBE,DFT-SR-PBE-BCC-Mo6_U94_280
"{""Ta"": 0.034201, ""U"": 0.928112, ""V"": 0.037687}",0.330258,,NFM-1540-PathB-Star-xingyi,PBE,DFT-SR-PBE-BCC-Ta3_U93_V4_208
"{""Mn"": 0.04368, ""Nb"": 0.069298, ""U"": 0.887022}",0.284310,,NFM-1540-PathB-Star-xingyi,PBE,DFT-SR-PBE-BCC-Mn4_Nb7_U89_173
"{""Ti"": 0.092692, ""U"": 0.907308}",0.110443,,NFM-1540-PathB-Star-xingyi,PBE,DFT-SR-PBE-BCC-Ti9_U91_44
"{""U"": 0.958664, ""Zr"": 0.041336}",0.323044,,NFM-1540-PathB-Star-xingyi,PBE,DFT-SR-PBE-BCC-U96_Zr4_192
"{""U"": 50.0, ""Zr"": 50.0}",0.254871,,NFM-1540-PathB-Star-xingyi,PBE,DFT-SR-PBE-BCC-U5000_Zr5000_212
"{""Mo"": 0.040256, ""U"": 0.959744}",0.203194,,NFM-1540-PathB-Star-xingyi,PBE,DFT-SR-PBE-BCC-Mo4_U96_47
"{""Nb"": 0.100828, ""U"": 0.899172}",0.276398,,NFM-1540-PathB-Star-xingyi,PBE,DFT-SR-PBE-BCC-Nb10_U90_240
"{""Al"": 0.017493, ""U"": 0.982507}",-0.177938,,NFM-1540-PathB-Star-xingyi,PBE,DFT-SR-PBE-BCC-Al2_U98_34
"{""Ta"": 0.022758, ""U"": 0.880894, ""Zr"": 0.096348}",0.320037,,NFM-1540-PathB-Star-xingyi,PBE,DFT-SR-PBE-BCC-Ta2_U88_Zr10_254
"{""Al"": 0.028222999999999998, ""U"": 0.971777}",-0.175034,,NFM-1540-PathB-Star-xingyi,PBE,DFT-SR-PBE-BCC-Al3_U97_129
"{""Mn"": 0.048894, ""U"": 0.858197, ""Zr"": 0.092909}",0.347548,,NFM-1540-PathB-Star-xingyi,PBE,DFT-SR-PBE-BCC-Mn5_U86_Zr9_239
"{""Mo"": 0.104634, ""U"": 0.895366}",0.200228,,NFM-1540-PathB-Star-xingyi,PBE,DFT-SR-PBE-BCC-Mo10_U90_314
"{""U"": 0.8575820000000001, ""Zr"": 0.142418}",0.306363,,NFM-1540-PathB-Star-xingyi,PBE,DFT-SR-PBE-BCC-U86_Zr14_191
"{""Al"": 0.021904, ""U"": 0.978096}",-0.176714,,NFM-1540-PathB-Star-xingyi,PBE,DFT-SR-PBE-BCC-Al2_U98_259
"{""Fe"": 0.039238999999999996, ""Ta"": 0.03741, ""U"": 0.923351}",-0.042895,,NFM-1540-PathB-Star-xingyi,PBE,DFT-SR-PBE-BCC-Fe4_Ta4_U92_284
"{""Mo"": 0.105378, ""U"": 0.894622}",0.200221,,NFM-1540-PathB-Star-xingyi,PBE,DFT-SR-PBE-BCC-Mo11_U89_184
"{""Ti"": 0.052133, ""U"": 0.947867}",0.108157,,NFM-1540-PathB-Star-xingyi,PBE,DFT-SR-PBE-BCC-Ti5_U95_180
"{""U"": 0.935259, ""Zr"": 0.064741}",0.319112,,NFM-1540-PathB-Star-xingyi,PBE,DFT-SR-PBE-BCC-U94_Zr6_96
"{""Ru"": 0.024388, ""U"": 0.975612}",-1.824096,,NFM-1540-PathB-Star-xingyi,PBE,DFT-SR-PBE-BCC-Ru2_U98_150
"{""Si"": 0.009955, ""Ti"": 0.08164199999999999, ""U"": 0.908403}",0.111273,,NFM-1540-PathB-Star-xingyi,PBE,DFT-SR-PBE-BCC-Si1_Ti8_U91_248
"{""Fe"": 0.049005999999999994, ""U"": 0.950994}",-0.042895,,NFM-1540-PathB-Star-xingyi,PBE,DFT-SR-PBE-BCC-Fe5_U95_288
"{""Al"": 0.020393, ""U"": 0.873413, ""Zr"": 0.106194}",0.321159,,NFM-1540-PathB-Star-xingyi,PBE,DFT-SR-PBE-BCC-Al2_U87_Zr11_371
"{""Ru"": 0.072011, ""U"": 0.927989}",-1.831225,,NFM-1540-PathB-Star-xingyi,PBE,DFT-SR-PBE-BCC-Ru7_U93_220
"{""Mo"": 3.8, ""Ti"": 21.2, ""U"": 75}",0.125947,,NFM-1540-PathB-Star-xingyi,PBE,DFT-SR-PBE-BCC-Mo380_Ti2120_U7500_371
"{""Mo"": 0.033553, ""Nb"": 0.079163, ""U"": 0.887284}",0.281303,,NFM-1540-PathB-Star-xingyi,PBE,DFT-SR-PBE-BCC-Mo3_Nb8_U89_288
"{""Nb"": 0.115251, ""Si"": 0.008997, ""U"": 0.875752}",0.280174,,NFM-1540-PathB-Star-xingyi,PBE,DFT-SR-PBE-BCC-Nb12_Si1_U88_350
"{""U"": 0.80148, ""V"": 0.073763, ""Zr"": 0.124757}",0.370692,,NFM-1540-PathB-Star-xingyi,PBE,DFT-SR-PBE-BCC-U80_V7_Zr12_11
"{""U"": 0.859999, ""Zr"": 0.14000100000000001}",0.306723,,NFM-1540-PathB-Star-xingyi,PBE,DFT-SR-PBE-BCC-U86_Zr14_170
"{""Fe"": 0.039462, ""Ti"": 0.063534, ""U"": 0.897004}",0.120028,,NFM-1540-PathB-Star-xingyi,PBE,DFT-SR-PBE-BCC-Fe4_Ti6_U90_81
"{""Cr"": 0.070188, ""U"": 0.929812}",0.467725,,NFM-1540-PathB-Star-xingyi,PBE,DFT-SR-PBE-BCC-Cr7_U93_138
"{""Fe"": 0.037083, ""Nb"": 0.086896, ""U"": 0.8760209999999999}",0.292011,,NFM-1540-PathB-Star-xingyi,PBE,DFT-SR-PBE-BCC-Fe4_Nb9_U88_316
"{""Mo"": 0.038256000000000005, ""U"": 0.961744}",0.203446,,NFM-1540-PathB-Star-xingyi,PBE,DFT-SR-PBE-BCC-Mo4_U96_361
"{""Fe"": 0.051032, ""Mo"": 0.077826, ""U"": 0.871142}",0.202045,,NFM-1540-PathB-Star-xingyi,PBE,DFT-SR-PBE-BCC-Fe5_Mo8_U87_292
"{""U"": 0.890768, ""Zr"": 0.109232}",0.311758,,NFM-1540-PathB-Star-xingyi,PBE,DFT-SR-PBE-BCC-U89_Zr11_247
"{""Al"": 0.020697999999999998, ""Ti"": 0.117102, ""U"": 0.8622}",0.114368,,NFM-1540-PathB-Star-xingyi,PBE,DFT-SR-PBE-BCC-Al2_Ti12_U86_94
"{""U"": 0.977914, ""V"": 0.022086}",0.337816,,NFM-1540-PathB-Star-xingyi,PBE,DFT-SR-PBE-BCC-U98_V2_242
"{""Fe"": 0.03186, ""Mo"": 0.149364, ""U"": 0.818776}",0.204677,,NFM-1540-PathB-Star-xingyi,PBE,DFT-SR-PBE-BCC-Fe3_Mo15_U82_9
"{""U"": 0.932743, ""V"": 0.067257}",0.325666,,NFM-1540-PathB-Star-xingyi,PBE,DFT-SR-PBE-BCC-U93_V7_29
"{""Ta"": 0.045533, ""Ti"": 0.107498, ""U"": 0.846969}",0.114593,,NFM-1540-PathB-Star-xingyi,PBE,DFT-SR-PBE-BCC-Ta5_Ti11_U85_112
"{""Nb"": 0.089007, ""U"": 0.9109929999999999}",0.275255,,NFM-1540-PathB-Star-xingyi,PBE,DFT-SR-PBE-BCC-Nb9_U91_123
"{""Al"": 0.023512, ""U"": 0.976488}",-0.176381,,NFM-1540-PathB-Star-xingyi,PBE,DFT-SR-PBE-BCC-Al2_U98_140
"{""Cr"": 0.066338, ""U"": 0.933662}",0.470263,,NFM-1540-PathB-Star-xingyi,PBE,DFT-SR-PBE-BCC-Cr7_U93_221
"{""Mn"": 0.04122, ""Ru"": 0.036424, ""U"": 0.922356}",-0.059513,,NFM-1540-PathB-Star-xingyi,PBE,DFT-SR-PBE-BCC-Mn4_Ru4_U92_331
"{""Mn"": 0.046032000000000003, ""Ru"": 0.036378, ""U"": 0.91759}",-0.060561,,NFM-1540-PathB-Star-xingyi,PBE,DFT-SR-PBE-BCC-Mn5_Ru4_U92_356
"{""Al"": 0.018603, ""U"": 0.981397}",-0.177598,,NFM-1540-PathB-Star-xingyi,PBE,DFT-SR-PBE-BCC-Al2_U98_272
"{""Nb"": 0.079497, ""U"": 0.920503}",0.274289,,NFM-1540-PathB-Star-xingyi,PBE,DFT-SR-PBE-BCC-Nb8_U92_385
"{""Ti"": 0.118046, ""U"": 0.881954}",0.111994,,NFM-1540-PathB-Star-xingyi,PBE,DFT-SR-PBE-BCC-Ti12_U88_161
"{""Ti"": 0.099631, ""U"": 0.900369}",0.110830,,NFM-1540-PathB-Star-xingyi,PBE,DFT-SR-PBE-BCC-Ti10_U90_252
"{""Al"": 0.006983, ""Ru"": 0.023928, ""U"": 0.96909}",-1.824538,,NFM-1540-PathB-Star-xingyi,PBE,DFT-SR-PBE-BCC-Al1_Ru2_U97_107
"{""Cr"": 0.093208, ""U"": 0.906792}",0.453453,,NFM-1540-PathB-Star-xingyi,PBE,DFT-SR-PBE-BCC-Cr9_U91_248
"{""Mo"": 0.113684, ""U"": 0.886316}",0.200167,,NFM-1540-PathB-Star-xingyi,PBE,DFT-SR-PBE-BCC-Mo11_U89_339
"{""Nb"": 0.08085099999999999, ""U"": 0.919149}",0.274418,,NFM-1540-PathB-Star-xingyi,PBE,DFT-SR-PBE-BCC-Nb8_U92_299
"{""Fe"": 0.04435, ""U"": 0.95565}",-0.040065,,NFM-1540-PathB-Star-xingyi,PBE,DFT-SR-PBE-BCC-Fe4_U96_62
"{""Nb"": 22.5, ""U"": 70, ""Zr"": 7.5}",0.285392,,NFM-1540-PathB-Star-xingyi,PBE,DFT-SR-PBE-BCC-Nb2250_U7000_Zr750_339
"{""Ru"": 0.061574, ""U"": 0.938426}",-1.829878,,NFM-1540-PathB-Star-xingyi,PBE,DFT-SR-PBE-BCC-Ru6_U94_333
"{""Mo"": 0.079023, ""U"": 0.920977}",0.200902,,NFM-1540-PathB-Star-xingyi,PBE,DFT-SR-PBE-BCC-Mo8_U92_305
"{""Mo"": 0.035736000000000004, ""U"": 0.964264}",0.203677,,NFM-1540-PathB-Star-xingyi,PBE,DFT-SR-PBE-BCC-Mo4_U96_144
"{""Mn"": 0.054163, ""U"": 0.945837}",-0.051213,,NFM-1540-PathB-Star-xingyi,PBE,DFT-SR-PBE-BCC-Mn5_U95_47
"{""Nb"": 0.02, ""U"": 0.98}",0.269098,,NFM-1540-PathB-Star-xingyi,PBE,DFT-SR-PBE-BCC-Nb2_U98_67
"{""Mo"": 0.142212, ""U"": 0.857788}",0.200507,,NFM-1540-PathB-Star-xingyi,PBE,DFT-SR-PBE-BCC-Mo14_U86_178
"{""U"": 0.9, ""Zr"": 0.1}",0.313214,,NFM-1540-PathB-Star-xingyi,PBE,DFT-SR-PBE-BCC-U90_Zr10_3
"{""Al"": 0.023833, ""Cr"": 0.096234, ""U"": 0.879933}",0.305331,,NFM-1540-PathB-Star-xingyi,PBE,DFT-SR-PBE-BCC-Al2_Cr10_U88_91
"{""U"": 0.951971, ""Zr"": 0.048028999999999995}",0.321915,,NFM-1540-PathB-Star-xingyi,PBE,DFT-SR-PBE-BCC-U95_Zr5_2
"{""Fe"": 0.047916, ""U"": 0.952084}",-0.042269,,NFM-1540-PathB-Star-xingyi,PBE,DFT-SR-PBE-BCC-Fe5_U95_67
"{""Cr"": 0.090269, ""Mn"": 0.047208, ""U"": 0.862523}",0.439132,,NFM-1540-PathB-Star-xingyi,PBE,DFT-SR-PBE-BCC-Cr9_Mn5_U86_24
"{""U"": 0.949167, ""V"": 0.050832999999999996}",0.330054,,NFM-1540-PathB-Star-xingyi,PBE,DFT-SR-PBE-BCC-U95_V5_200
"{""Nb"": 0.086007, ""U"": 0.913993}",0.274929,,NFM-1540-PathB-Star-xingyi,PBE,DFT-SR-PBE-BCC-Nb9_U91_128
"{""U"": 0.93367, ""V"": 0.06633}",0.325244,,NFM-1540-PathB-Star-xingyi,PBE,DFT-SR-PBE-BCC-U93_V7_304
"{""Mn"": 0.012544, ""U"": 0.987456}",-0.042995,,NFM-1540-PathB-Star-xingyi,PBE,DFT-SR-PBE-BCC-Mn1_U99_69
"{""Nb"": 0.023, ""U"": 0.977}",0.269364,,NFM-1540-PathB-Star-xingyi,PBE,DFT-SR-PBE-BCC-Nb2_U98_31
"{""U"": 0.912331, ""Zr"": 0.08766900000000001}",0.315234,,NFM-1540-PathB-Star-xingyi,PBE,DFT-SR-PBE-BCC-U91_Zr9_289
"{""Fe"": 0.033083, ""Nb"": 0.086896, ""U"": 0.8800209999999999}",0.289888,,NFM-1540-PathB-Star-xingyi,PBE,DFT-SR-PBE-BCC-Fe3_Nb9_U88_76
"{""Al"": 0.021531, ""U"": 0.978469}",-0.176830,,NFM-1540-PathB-Star-xingyi,PBE,DFT-SR-PBE-BCC-Al2_U98_66
"{""Ru"": 0.054969, ""U"": 0.945031}",-1.829075,,NFM-1540-PathB-Star-xingyi,PBE,DFT-SR-PBE-BCC-Ru5_U95_252
"{""U"": 0.929401, ""V"": 0.070599}",0.324836,,NFM-1540-PathB-Star-xingyi,PBE,DFT-SR-PBE-BCC-U93_V7_203
"{""Mo"": 0.142428, ""U"": 0.857572}",0.200507,,NFM-1540-PathB-Star-xingyi,PBE,DFT-SR-PBE-BCC-Mo14_U86_69
"{""Ru"": 0.040608, ""Ti"": 0.034811, ""U"": 0.924581}",-1.828837,,NFM-1540-PathB-Star-xingyi,PBE,DFT-SR-PBE-BCC-Ru4_Ti3_U92_359
"{""Mn"": 0.040118, ""U"": 0.959882}",-0.049689,,NFM-1540-PathB-Star-xingyi,PBE,DFT-SR-PBE-BCC-Mn4_U96_247
"{""Cr"": 0.069286, ""U"": 0.930714}",0.314141,,NFM-1540-PathB-Star-xingyi,PBE,DFT-SR-PBE-BCC-Cr7_U93_88
"{""Cr"": 0.079644, ""U"": 0.920356}",0.461664,,NFM-1540-PathB-Star-xingyi,PBE,DFT-SR-PBE-BCC-Cr8_U92_84
"{""U"": 0.957359, ""V"": 0.042641}",0.331931,,NFM-1540-PathB-Star-xingyi,PBE,DFT-SR-PBE-BCC-U96_V4_331
"{""Mn"": 0.024117, ""Ru"": 0.034866, ""U"": 0.941017}",-1.829062,,NFM-1540-PathB-Star-xingyi,PBE,DFT-SR-PBE-BCC-Mn2_Ru3_U94_124
"{""Mo"": 0.123, ""U"": 0.877}",0.200181,,NFM-1540-PathB-Star-xingyi,PBE,DFT-SR-PBE-BCC-Mo12_U88_41
"{""Ti"": 0.029478, ""U"": 0.970522}",0.107082,,NFM-1540-PathB-Star-xingyi,PBE,DFT-SR-PBE-BCC-Ti3_U97_213
"{""U"": 0.93767, ""V"": 0.06233}",0.327129,,NFM-1540-PathB-Star-xingyi,PBE,DFT-SR-PBE-BCC-U94_V6_96
"{""Mo"": 0.070966, ""Ru"": 0.074923, ""U"": 0.854111}",-1.833838,,NFM-1540-PathB-Star-xingyi,PBE,DFT-SR-PBE-BCC-Mo7_Ru7_U85_17
"{""Ti"": 0.075904, ""U"": 0.924096}",0.109449,,NFM-1540-PathB-Star-xingyi,PBE,DFT-SR-PBE-BCC-Ti8_U92_2
"{""Mo"": 0.040276, ""Ru"": 0.05569, ""U"": 0.904034}",-1.832491,,NFM-1540-PathB-Star-xingyi,PBE,DFT-SR-PBE-BCC-Mo4_Ru6_U90_386
"{""U"": 0.9214910000000001, ""Zr"": 0.078509}",0.316710,,NFM-1540-PathB-Star-xingyi,PBE,DFT-SR-PBE-BCC-U92_Zr8_125
"{""Ru"": 0.070083, ""U"": 0.929917}",-1.830926,,NFM-1540-PathB-Star-xingyi,PBE,DFT-SR-PBE-BCC-Ru7_U93_360
"{""Mn"": 0.045834, ""U"": 0.954166}",-0.051057,,NFM-1540-PathB-Star-xingyi,PBE,DFT-SR-PBE-BCC-Mn5_U95_172
"{""Fe"": 0.058985, ""U"": 0.941015}",-0.048827,,NFM-1540-PathB-Star-xingyi,PBE,DFT-SR-PBE-BCC-Fe6_U94_213
"{""U"": 0.877382, ""Zr"": 0.122618}",0.309588,,NFM-1540-PathB-Star-xingyi,PBE,DFT-SR-PBE-BCC-U88_Zr12_235
"{""Si"": 0.005572, ""U"": 0.994428}",-0.722205,,NFM-1540-PathB-Star-xingyi,PBE,DFT-SR-PBE-BCC-Si1_U99_165
"{""Mn"": 0.056392, ""U"": 0.943608}",-0.053717,,NFM-1540-PathB-Star-xingyi,PBE,DFT-SR-PBE-BCC-Mn6_U94_31
"{""Nb"": 0.062904, ""U"": 0.937096}",0.272731,,NFM-1540-PathB-Star-xingyi,PBE,DFT-SR-PBE-BCC-Nb6_U94_158
"{""U"": 0.858325, ""Zr"": 0.141675}",0.306363,,NFM-1540-PathB-Star-xingyi,PBE,DFT-SR-PBE-BCC-U86_Zr14_315
"{""Ni"": 83.3, ""U"": 16.7}",0.911902,,NFM-1540-PathB-Star-xingyi,PBE,DFT-SR-PBE-BCC-Ni8330_U1670_230
"{""Ti"": 0.049334, ""U"": 0.950666}",0.108007,,NFM-1540-PathB-Star-xingyi,PBE,DFT-SR-PBE-BCC-Ti5_U95_217
"{""U"": 0.96204, ""V"": 0.03796}",0.333564,,NFM-1540-PathB-Star-xingyi,PBE,DFT-SR-PBE-BCC-U96_V4_357
"{""Fe"": 0.022385, ""Nb"": 0.103088, ""U"": 0.874527}",0.286562,,NFM-1540-PathB-Star-xingyi,PBE,DFT-SR-PBE-BCC-Fe2_Nb10_U87_49
"{""Ti"": 0.032473, ""U"": 0.967527}",0.107123,,NFM-1540-PathB-Star-xingyi,PBE,DFT-SR-PBE-BCC-Ti3_U97_366
"{""U"": 0.967017, ""Zr"": 0.032983}",0.324377,,NFM-1540-PathB-Star-xingyi,PBE,DFT-SR-PBE-BCC-U97_Zr3_16
"{""Nb"": 0.08334699999999999, ""U"": 0.916653}",0.274677,,NFM-1540-PathB-Star-xingyi,PBE,DFT-SR-PBE-BCC-Nb8_U92_143
"{""Mo"": 0.075, ""U"": 0.855, ""Zr"": 0.07}",0.202256,,NFM-1540-PathB-Star-xingyi,PBE,DFT-SR-PBE-BCC-Mo8_U86_Zr7_306
"{""Ti"": 0.067608, ""U"": 0.932392}",0.109000,,NFM-1540-PathB-Star-xingyi,PBE,DFT-SR-PBE-BCC-Ti7_U93_389
"{""Nb"": 0.07821, ""U"": 0.92179}",0.274167,,NFM-1540-PathB-Star-xingyi,PBE,DFT-SR-PBE-BCC-Nb8_U92_32
"{""Ti"": 0.094312, ""U"": 0.882386, ""V"": 0.023303}",0.115150,,NFM-1540-PathB-Star-xingyi,PBE,DFT-SR-PBE-BCC-Ti9_U88_V2_304
"{""U"": 0.926528, ""V"": 0.07347200000000001}",0.324530,,NFM-1540-PathB-Star-xingyi,PBE,DFT-SR-PBE-BCC-U93_V7_177
"{""Nb"": 0.041, ""U"": 0.959}",0.270588,,NFM-1540-PathB-Star-xingyi,PBE,DFT-SR-PBE-BCC-Nb4_U96_144
"{""U"": 0.981455, ""V"": 0.018545}",0.339245,,NFM-1540-PathB-Star-xingyi,PBE,DFT-SR-PBE-BCC-U98_V2_393
"{""Nb"": 0.067, ""U"": 0.933}",0.273092,,NFM-1540-PathB-Star-xingyi,PBE,DFT-SR-PBE-BCC-Nb7_U93_89
"{""Nb"": 0.052599, ""Ta"": 0.019740999999999998, ""U"": 0.92766}",0.273656,,NFM-1540-PathB-Star-xingyi,PBE,DFT-SR-PBE-BCC-Nb5_Ta2_U93_0
"{""Mo"": 0.127068, ""U"": 0.872932}",0.200221,,NFM-1540-PathB-Star-xingyi,PBE,DFT-SR-PBE-BCC-Mo13_U87_350
"{""U"": 0.8, ""Zr"": 0.2}",0.297260,,NFM-1540-PathB-Star-xingyi,PBE,DFT-SR-PBE-BCC-U80_Zr20_84
"{""Si"": 0.010883, ""U"": 0.989117}",-0.721402,,NFM-1540-PathB-Star-xingyi,PBE,DFT-SR-PBE-BCC-Si1_U99_283
"{""Nb"": 0.039133, ""U"": 0.960867}",0.270690,,NFM-1540-PathB-Star-xingyi,PBE,DFT-SR-PBE-BCC-Nb4_U96_310
"{""Nb"": 0.12237100000000001, ""U"": 0.877629}",0.278711,,NFM-1540-PathB-Star-xingyi,PBE,DFT-SR-PBE-BCC-Nb12_U88_210
"{""Si"": 0.011657, ""U"": 0.988343}",-0.721259,,NFM-1540-PathB-Star-xingyi,PBE,DFT-SR-PBE-BCC-Si1_U99_80
"{""Ru"": 0.049, ""U"": 0.951}",-1.828286,,NFM-1540-PathB-Star-xingyi,PBE,DFT-SR-PBE-BCC-Ru5_U95_46
"{""Al"": 0.006257, ""U"": 0.937656, ""Zr"": 0.056087}",0.323425,,NFM-1540-PathB-Star-xingyi,PBE,DFT-SR-PBE-BCC-Al1_U94_Zr6_92
"{""Ti"": 0.084699, ""U"": 0.8640220000000001, ""Zr"": 0.051279000000000005}",0.108109,,NFM-1540-PathB-Star-xingyi,PBE,DFT-SR-PBE-BCC-Ti8_U86_Zr5_206
"{""Ti"": 0.084699, ""U"": 0.867022, ""Zr"": 0.048279}",0.108232,,NFM-1540-PathB-Star-xingyi,PBE,DFT-SR-PBE-BCC-Ti8_U87_Zr5_338
"{""Al"": 0.015350000000000003, ""U"": 0.941817, ""V"": 0.042833}",0.329829,,NFM-1540-PathB-Star-xingyi,PBE,DFT-SR-PBE-BCC-Al2_U94_V4_238
"{""Ti"": 0.089942, ""U"": 0.910058}",0.110273,,NFM-1540-PathB-Star-xingyi,PBE,DFT-SR-PBE-BCC-Ti9_U91_88
"{""Ru"": 0.049969, ""U"": 0.950031}",-1.828286,,NFM-1540-PathB-Star-xingyi,PBE,DFT-SR-PBE-BCC-Ru5_U95_318
"{""Mo"": 13.8, ""Ti"": 11.2, ""U"": 75}",0.203011,,NFM-1540-PathB-Star-xingyi,PBE,DFT-SR-PBE-BCC-Mo1380_Ti1120_U7500_373
"{""Cr"": 0.089381, ""U"": 0.910619}",0.309011,,NFM-1540-PathB-Star-xingyi,PBE,DFT-SR-PBE-BCC-Cr9_U91_385
"{""Al"": 0.016616, ""U"": 0.983384}",-0.175612,,NFM-1540-PathB-Star-xingyi,PBE,DFT-SR-PBE-BCC-Al2_U98_263
"{""Al"": 0.022698, ""Ti"": 0.117102, ""U"": 0.8602}",0.114538,,NFM-1540-PathB-Star-xingyi,PBE,DFT-SR-PBE-BCC-Al2_Ti12_U86_268
"{""Mo"": 0.044909000000000004, ""U"": 0.928611, ""V"": 0.02648}",0.200779,,NFM-1540-PathB-Star-xingyi,PBE,DFT-SR-PBE-BCC-Mo4_U93_V3_114
"{""Cr"": 0.073644, ""U"": 0.926356}",0.312950,,NFM-1540-PathB-Star-xingyi,PBE,DFT-SR-PBE-BCC-Cr7_U93_0
"{""Mo"": 0.155, ""U"": 0.845}",0.201045,,NFM-1540-PathB-Star-xingyi,PBE,DFT-SR-PBE-BCC-Mo16_U84_163
"{""Ru"": 0.076512, ""U"": 0.923488}",-1.831674,,NFM-1540-PathB-Star-xingyi,PBE,DFT-SR-PBE-BCC-Ru8_U92_105
"{""U"": 0.96551, ""Zr"": 0.03449}",0.324187,,NFM-1540-PathB-Star-xingyi,PBE,DFT-SR-PBE-BCC-U97_Zr3_373
"{""Al"": 0.006257, ""U"": 0.935656, ""Zr"": 0.058087}",0.323044,,NFM-1540-PathB-Star-xingyi,PBE,DFT-SR-PBE-BCC-Al1_U94_Zr6_82
"{""Mo"": 0.066673, ""Ru"": 0.037384, ""U"": 0.895943}",0.200147,,NFM-1540-PathB-Star-xingyi,PBE,DFT-SR-PBE-BCC-Mo7_Ru4_U90_237
"{""Fe"": 0.053668, ""U"": 0.946332}",-0.045677,,NFM-1540-PathB-Star-xingyi,PBE,DFT-SR-PBE-BCC-Fe5_U95_252
"{""Al"": 0.008926, ""U"": 0.991074}",-0.180231,,NFM-1540-PathB-Star-xingyi,PBE,DFT-SR-PBE-BCC-Al1_U99_184
"{""Al"": 0.02211, ""U"": 0.97789}",-0.176714,,NFM-1540-PathB-Star-xingyi,PBE,DFT-SR-PBE-BCC-Al2_U98_278
"{""Mn"": 0.021341, ""U"": 0.978659}",-0.045261,,NFM-1540-PathB-Star-xingyi,PBE,DFT-SR-PBE-BCC-Mn2_U98_141
"{""Al"": 0.017058, ""Nb"": 0.036828, ""U"": 0.946114}",0.272854,,NFM-1540-PathB-Star-xingyi,PBE,DFT-SR-PBE-BCC-Al2_Nb4_U95_19
"{""Al"": 0.020603, ""U"": 0.979397}",-0.177163,,NFM-1540-PathB-Star-xingyi,PBE,DFT-SR-PBE-BCC-Al2_U98_282
"{""U"": 0.916331, ""Zr"": 0.08366900000000001}",0.315962,,NFM-1540-PathB-Star-xingyi,PBE,DFT-SR-PBE-BCC-U92_Zr8_8
"{""Nb"": 15.7, ""U"": 65, ""Zr"": 19.2}",0.342500,,NFM-1540-PathB-Star-xingyi,PBE,DFT-SR-PBE-BCC-Nb1570_U6500_Zr1920_353
"{""Si"": 0.013336, ""U"": 0.986664}",-0.720987,,NFM-1540-PathB-Star-xingyi,PBE,DFT-SR-PBE-BCC-Si1_U99_292
"{""Al"": 0.01151, ""U"": 0.98849}",-0.176918,,NFM-1540-PathB-Star-xingyi,PBE,DFT-SR-PBE-BCC-Al1_U99_339
"{""Mo"": 21.0, ""U"": 65, ""Zr"": 14.0}",0.201589,,NFM-1540-PathB-Star-xingyi,PBE,DFT-SR-PBE-BCC-Mo2100_U6500_Zr1400_328
"{""Nb"": 0.129, ""U"": 0.871}",0.279439,,NFM-1540-PathB-Star-xingyi,PBE,DFT-SR-PBE-BCC-Nb13_U87_134
"{""Mo"": 33.8, ""Ti"": 11.2, ""U"": 55}",0.242931,,NFM-1540-PathB-Star-xingyi,PBE,DFT-SR-PBE-BCC-Mo3380_Ti1120_U5500_366
"{""U"": 0.935743, ""V"": 0.064257}",0.326095,,NFM-1540-PathB-Star-xingyi,PBE,DFT-SR-PBE-BCC-U94_V6_327
"{""Al"": 0.012604, ""Ru"": 0.019874, ""U"": 0.967522}",-1.824436,,NFM-1540-PathB-Star-xingyi,PBE,DFT-SR-PBE-BCC-Al1_Ru2_U97_378
"{""Mn"": 0.021715, ""U"": 0.978285}",-0.045322,,NFM-1540-PathB-Star-xingyi,PBE,DFT-SR-PBE-BCC-Mn2_U98_279
"{""Nb"": 0.08134699999999999, ""U"": 0.918653}",0.274480,,NFM-1540-PathB-Star-xingyi,PBE,DFT-SR-PBE-BCC-Nb8_U92_209
"{""Mo"": 0.030883, ""U"": 0.969117}",0.204086,,NFM-1540-PathB-Star-xingyi,PBE,DFT-SR-PBE-BCC-Mo3_U97_34
"{""Si"": 0.014501, ""Ti"": 0.059901, ""U"": 0.925598}",0.110654,,NFM-1540-PathB-Star-xingyi,PBE,DFT-SR-PBE-BCC-Si1_Ti6_U93_343
"{""Cr"": 0.073188, ""U"": 0.926812}",0.465793,,NFM-1540-PathB-Star-xingyi,PBE,DFT-SR-PBE-BCC-Cr7_U93_63
"{""Ru"": 0.044969, ""U"": 0.955031}",-1.827511,,NFM-1540-PathB-Star-xingyi,PBE,DFT-SR-PBE-BCC-Ru4_U96_85
"{""Al"": 0.019797, ""Mo"": 0.047419, ""U"": 0.9327840000000001}",0.201677,,NFM-1540-PathB-Star-xingyi,PBE,DFT-SR-PBE-BCC-Al2_Mo5_U93_35
"{""Nb"": 22.8, ""U"": 65, ""Zr"": 12.2}",0.282323,,NFM-1540-PathB-Star-xingyi,PBE,DFT-SR-PBE-BCC-Nb2280_U6500_Zr1220_352
"{""Nb"": 0.066181, ""U"": 0.933819}",0.273030,,NFM-1540-PathB-Star-xingyi,PBE,DFT-SR-PBE-BCC-Nb7_U93_315
"{""Ti"": 0.040473, ""U"": 0.959527}",0.107565,,NFM-1540-PathB-Star-xingyi,PBE,DFT-SR-PBE-BCC-Ti4_U96_113
"{""Mn"": 0.048032, ""Ru"": 0.036378, ""U"": 0.91559}",-0.060982,,NFM-1540-PathB-Star-xingyi,PBE,DFT-SR-PBE-BCC-Mn5_Ru4_U92_271
"{""Al"": 0.028918, ""Nb"": 0.059232, ""U"": 0.91185}",0.276874,,NFM-1540-PathB-Star-xingyi,PBE,DFT-SR-PBE-BCC-Al3_Nb6_U91_70
"{""Ti"": 0.10886, ""U"": 0.89114}",0.111409,,NFM-1540-PathB-Star-xingyi,PBE,DFT-SR-PBE-BCC-Ti11_U89_153
"{""Al"": 0.028918, ""Nb"": 0.059232, ""U"": 0.911851}",0.276874,,NFM-1540-PathB-Star-xingyi,PBE,DFT-SR-PBE-BCC-Al3_Nb6_U91_120
"{""Cr"": 0.05928300000000001, ""U"": 0.899362, ""V"": 0.041355}",0.308882,,NFM-1540-PathB-Star-xingyi,PBE,DFT-SR-PBE-BCC-Cr6_U90_V4_305
"{""Fe"": 0.022831, ""U"": 0.977169}",-0.026370,,NFM-1540-PathB-Star-xingyi,PBE,DFT-SR-PBE-BCC-Fe2_U98_192
"{""Al"": 0.027386, ""U"": 0.972614}",-0.170054,,NFM-1540-PathB-Star-xingyi,PBE,DFT-SR-PBE-BCC-Al3_U97_337
"{""Mo"": 0.044744, ""U"": 0.955256}",0.202922,,NFM-1540-PathB-Star-xingyi,PBE,DFT-SR-PBE-BCC-Mo4_U96_129
"{""Fe"": 0.044916, ""U"": 0.955084}",-0.040480,,NFM-1540-PathB-Star-xingyi,PBE,DFT-SR-PBE-BCC-Fe4_U96_54
"{""Mo"": 0.095084, ""Nb"": 0.104011, ""U"": 0.800906}",0.301576,,NFM-1540-PathB-Star-xingyi,PBE,DFT-SR-PBE-BCC-Mo10_Nb10_U80_304
"{""Mn"": 0.018715000000000002, ""U"": 0.981285}",-0.044601,,NFM-1540-PathB-Star-xingyi,PBE,DFT-SR-PBE-BCC-Mn2_U98_331
"{""Cr"": 0.061030999999999995, ""U"": 0.938969}",0.316508,,NFM-1540-PathB-Star-xingyi,PBE,DFT-SR-PBE-BCC-Cr6_U94_88
"{""Ti"": 0.070275, ""U"": 0.785455, ""Zr"": 0.14427}",0.324187,,NFM-1540-PathB-Star-xingyi,PBE,DFT-SR-PBE-BCC-Ti7_U79_Zr14_51
"{""Mo"": 0.1048, ""U"": 0.8952}",0.200228,,NFM-1540-PathB-Star-xingyi,PBE,DFT-SR-PBE-BCC-Mo10_U90_72
"{""Si"": 0.006249, ""U"": 0.906207, ""Zr"": 0.087544}",0.319295,,NFM-1540-PathB-Star-xingyi,PBE,DFT-SR-PBE-BCC-Si1_U91_Zr9_209
"{""Fe"": 0.042839, ""U"": 0.957161}",-0.039112,,NFM-1540-PathB-Star-xingyi,PBE,DFT-SR-PBE-BCC-Fe4_U96_274
"{""Cr"": 0.074351, ""U"": 0.9256489999999999}",0.312760,,NFM-1540-PathB-Star-xingyi,PBE,DFT-SR-PBE-BCC-Cr7_U93_196
"{""Mo"": 0.122372, ""U"": 0.831068, ""V"": 0.04656}",0.202841,,NFM-1540-PathB-Star-xingyi,PBE,DFT-SR-PBE-BCC-Mo12_U83_V5_114
"{""U"": 0.932963, ""Zr"": 0.067037}",0.318738,,NFM-1540-PathB-Star-xingyi,PBE,DFT-SR-PBE-BCC-U93_Zr7_62
"{""Ta"": 0.032758, ""U"": 0.8708940000000001, ""Zr"": 0.096348}",0.322881,,NFM-1540-PathB-Star-xingyi,PBE,DFT-SR-PBE-BCC-Ta3_U87_Zr10_382
"{""U"": 0.959354, ""V"": 0.040646}",0.332442,,NFM-1540-PathB-Star-xingyi,PBE,DFT-SR-PBE-BCC-U96_V4_198
"{""U"": 0.924401, ""V"": 0.075599}",0.324040,,NFM-1540-PathB-Star-xingyi,PBE,DFT-SR-PBE-BCC-U92_V8_295
"{""Ti"": 0.056928, ""U"": 0.943072}",0.108415,,NFM-1540-PathB-Star-xingyi,PBE,DFT-SR-PBE-BCC-Ti6_U94_118
"{""Mo"": 0.138175, ""U"": 0.8618250000000001}",0.200412,,NFM-1540-PathB-Star-xingyi,PBE,DFT-SR-PBE-BCC-Mo14_U86_196
"{""Mn"": 0.031214000000000002, ""U"": 0.968786}",-0.047689,,NFM-1540-PathB-Star-xingyi,PBE,DFT-SR-PBE-BCC-Mn3_U97_1
"{""Al"": 0.01711, ""U"": 0.98289}",-0.175503,,NFM-1540-PathB-Star-xingyi,PBE,DFT-SR-PBE-BCC-Al2_U98_4
"{""Mn"": 0.051032, ""Ru"": 0.036378, ""U"": 0.912591}",-0.061724,,NFM-1540-PathB-Star-xingyi,PBE,DFT-SR-PBE-BCC-Mn5_Ru4_U91_370
"{""Mo"": 0.08, ""U"": 0.85, ""Zr"": 0.07}",0.201929,,NFM-1540-PathB-Star-xingyi,PBE,DFT-SR-PBE-BCC-Mo8_U85_Zr7_250
"{""U"": 0.891768, ""Zr"": 0.108232}",0.311935,,NFM-1540-PathB-Star-xingyi,PBE,DFT-SR-PBE-BCC-U89_Zr11_0
"{""U"": 0.905266, ""Zr"": 0.094734}",0.314132,,NFM-1540-PathB-Star-xingyi,PBE,DFT-SR-PBE-BCC-U91_Zr9_55
"{""Mo"": 0.140014, ""U"": 0.859986}",0.200480,,NFM-1540-PathB-Star-xingyi,PBE,DFT-SR-PBE-BCC-Mo14_U86_376
"{""Mo"": 0.065474, ""U"": 0.934526}",0.201562,,NFM-1540-PathB-Star-xingyi,PBE,DFT-SR-PBE-BCC-Mo7_U93_202
"{""Al"": 0.02151, ""U"": 0.97849}",-0.176830,,NFM-1540-PathB-Star-xingyi,PBE,DFT-SR-PBE-BCC-Al2_U98_323
"{""Ti"": 0.10300000000000001, ""U"": 0.897}",0.111048,,NFM-1540-PathB-Star-xingyi,PBE,DFT-SR-PBE-BCC-Ti10_U90_8
"{""Ru"": 0.053522999999999994, ""U"": 0.857737, ""Zr"": 0.08874}",0.357038,,NFM-1540-PathB-Star-xingyi,PBE,DFT-SR-PBE-BCC-Ru5_U86_Zr9_61
"{""Ti"": 0.052830999999999996, ""U"": 0.947169}",0.108184,,NFM-1540-PathB-Star-xingyi,PBE,DFT-SR-PBE-BCC-Ti5_U95_111
"{""Cr"": 0.07100000000000001, ""U"": 0.929}",0.313658,,NFM-1540-PathB-Star-xingyi,PBE,DFT-SR-PBE-BCC-Cr7_U93_186
"{""Mn"": 0.019125, ""Nb"": 0.142871, ""U"": 0.838004}",0.286310,,NFM-1540-PathB-Star-xingyi,PBE,DFT-SR-PBE-BCC-Mn2_Nb14_U84_204
"{""Mo"": 2.2, ""Ti"": 12.8, ""U"": 85}",0.115933,,NFM-1540-PathB-Star-xingyi,PBE,DFT-SR-PBE-BCC-Mo220_Ti1280_U8500_375
"{""Al"": 0.016907, ""Cr"": 0.071274, ""U"": 0.9118189999999999}",0.311699,,NFM-1540-PathB-Star-xingyi,PBE,DFT-SR-PBE-BCC-Al2_Cr7_U91_162
"{""Ru"": 0.030999000000000002, ""U"": 0.969001}",-1.825347,,NFM-1540-PathB-Star-xingyi,PBE,DFT-SR-PBE-BCC-Ru3_U97_131
"{""U"": 0.895, ""Zr"": 0.10500000000000001}",0.312302,,NFM-1540-PathB-Star-xingyi,PBE,DFT-SR-PBE-BCC-U90_Zr11_152
"{""U"": 0.934144, ""V"": 0.065856}",0.326265,,NFM-1540-PathB-Star-xingyi,PBE,DFT-SR-PBE-BCC-U93_V7_269
"{""Al"": 0.023042999999999998, ""U"": 0.976957}",-0.176489,,NFM-1540-PathB-Star-xingyi,PBE,DFT-SR-PBE-BCC-Al2_U98_394
"{""Nb"": 0.083007, ""U"": 0.916993}",0.274677,,NFM-1540-PathB-Star-xingyi,PBE,DFT-SR-PBE-BCC-Nb8_U92_163
"{""Mo"": 0.013000000000000001, ""U"": 0.987}",0.205909,,NFM-1540-PathB-Star-xingyi,PBE,DFT-SR-PBE-BCC-Mo1_U99_59
"{""Ti"": 0.089312, ""U"": 0.887385, ""V"": 0.023303}",0.114797,,NFM-1540-PathB-Star-xingyi,PBE,DFT-SR-PBE-BCC-Ti9_U89_V2_14
"{""Nb"": 0.126682, ""U"": 0.873318}",0.278901,,NFM-1540-PathB-Star-xingyi,PBE,DFT-SR-PBE-BCC-Nb13_U87_100
"{""Ti"": 0.039715, ""U"": 0.960285}",0.107531,,NFM-1540-PathB-Star-xingyi,PBE,DFT-SR-PBE-BCC-Ti4_U96_246
"{""Cr"": 0.070499, ""U"": 0.929501}",0.467494,,NFM-1540-PathB-Star-xingyi,PBE,DFT-SR-PBE-BCC-Cr7_U93_142
"{""Mo"": 0.063599, ""U"": 0.936401}",0.201657,,NFM-1540-PathB-Star-xingyi,PBE,DFT-SR-PBE-BCC-Mo6_U94_61
"{""U"": 70, ""Zr"": 30.0}",0.282239,,NFM-1540-PathB-Star-xingyi,PBE,DFT-SR-PBE-BCC-U7000_Zr3000_322
"{""U"": 0.920491, ""Zr"": 0.079509}",0.316513,,NFM-1540-PathB-Star-xingyi,PBE,DFT-SR-PBE-BCC-U92_Zr8_79
"{""Ti"": 0.07622, ""U"": 0.92378}",0.109490,,NFM-1540-PathB-Star-xingyi,PBE,DFT-SR-PBE-BCC-Ti8_U92_176
"{""Fe"": 0.031010999999999997, ""U"": 0.968989}",-0.031731,,NFM-1540-PathB-Star-xingyi,PBE,DFT-SR-PBE-BCC-Fe3_U97_379
"{""Al"": 0.012604, ""Ru"": 0.024874, ""U"": 0.962522}",-1.825456,,NFM-1540-PathB-Star-xingyi,PBE,DFT-SR-PBE-BCC-Al1_Ru2_U96_141
"{""Si"": 0.014415, ""U"": 0.940106, ""Zr"": 0.045479}",0.332044,,NFM-1540-PathB-Star-xingyi,PBE,DFT-SR-PBE-BCC-Si1_U94_Zr5_205
"{""Ru"": 0.075713, ""U"": 0.924287}",-1.831463,,NFM-1540-PathB-Star-xingyi,PBE,DFT-SR-PBE-BCC-Ru8_U92_4
"{""Fe"": 0.043000000000000003, ""U"": 0.957}",-0.039221,,NFM-1540-PathB-Star-xingyi,PBE,DFT-SR-PBE-BCC-Fe4_U96_273
"{""Mo"": 0.062484000000000005, ""U"": 0.937516}",0.201738,,NFM-1540-PathB-Star-xingyi,PBE,DFT-SR-PBE-BCC-Mo6_U94_66
"{""Mn"": 0.050415, ""U"": 0.949585}",-0.052145,,NFM-1540-PathB-Star-xingyi,PBE,DFT-SR-PBE-BCC-Mn5_U95_20
"{""Mo"": 0.036256000000000004, ""U"": 0.963744}",0.203616,,NFM-1540-PathB-Star-xingyi,PBE,DFT-SR-PBE-BCC-Mo4_U96_270
"{""Cr"": 0.096428, ""Ti"": 0.06822199999999999, ""U"": 0.83535}",0.304032,,NFM-1540-PathB-Star-xingyi,PBE,DFT-SR-PBE-BCC-Cr10_Ti7_U84_124
"{""Mo"": 0.055036999999999996, ""U"": 0.944963}",0.202181,,NFM-1540-PathB-Star-xingyi,PBE,DFT-SR-PBE-BCC-Mo6_U94_235
"{""Fe"": 0.024933, ""U"": 0.975067}",-0.027840,,NFM-1540-PathB-Star-xingyi,PBE,DFT-SR-PBE-BCC-Fe2_U98_281
"{""Mn"": 0.025917000000000003, ""Nb"": 0.092641, ""U"": 0.8814420000000001}",0.282153,,NFM-1540-PathB-Star-xingyi,PBE,DFT-SR-PBE-BCC-Mn3_Nb9_U88_81
"{""Si"": 0.011883000000000001, ""U"": 0.988117}",-0.721211,,NFM-1540-PathB-Star-xingyi,PBE,DFT-SR-PBE-BCC-Si1_U99_377
"{""U"": 0.933, ""V"": 0.067}",0.289181,,NFM-1540-PathB-Star-xingyi,PBE,DFT-SR-PBE-BCC-U93_V7_23
"{""U"": 0.854652, ""Zr"": 0.145348}",0.305839,,NFM-1540-PathB-Star-xingyi,PBE,DFT-SR-PBE-BCC-U85_Zr15_164
"{""Nb"": 0.096844, ""U"": 0.903156}",0.275983,,NFM-1540-PathB-Star-xingyi,PBE,DFT-SR-PBE-BCC-Nb10_U90_257
"{""Ti"": 0.098791, ""U"": 0.901209}",0.110790,,NFM-1540-PathB-Star-xingyi,PBE,DFT-SR-PBE-BCC-Ti10_U90_83
"{""Ti"": 0.051000000000000004, ""U"": 0.949}",0.108075,,NFM-1540-PathB-Star-xingyi,PBE,DFT-SR-PBE-BCC-Ti5_U95_24
"{""Ru"": 0.019892, ""U"": 0.980108}",-1.822939,,NFM-1540-PathB-Star-xingyi,PBE,DFT-SR-PBE-BCC-Ru2_U98_135
"{""Nb"": 0.129316, ""U"": 0.870684}",0.279439,,NFM-1540-PathB-Star-xingyi,PBE,DFT-SR-PBE-BCC-Nb13_U87_263
"{""Si"": 0.007537, ""U"": 0.920534, ""V"": 0.071929}",0.323537,,NFM-1540-PathB-Star-xingyi,PBE,DFT-SR-PBE-BCC-Si1_U92_V7_60
"{""Ru"": 0.022592, ""Ti"": 0.116138, ""U"": 0.86127}",0.116361,,NFM-1540-PathB-Star-xingyi,PBE,DFT-SR-PBE-BCC-Ru2_Ti12_U86_204
"{""Fe"": 0.059306, ""Nb"": 0.088764, ""U"": 0.85193}",0.305488,,NFM-1540-PathB-Star-xingyi,PBE,DFT-SR-PBE-BCC-Fe6_Nb9_U85_128
"{""Nb"": 0.098105, ""U"": 0.901895}",0.275874,,NFM-1540-PathB-Star-xingyi,PBE,DFT-SR-PBE-BCC-Nb10_U90_344
"{""Cr"": 0.085107, ""Mn"": 0.05398, ""U"": 0.860913}",0.303134,,NFM-1540-PathB-Star-xingyi,PBE,DFT-SR-PBE-BCC-Cr9_Mn5_U86_125
"{""Cr"": 0.057031, ""U"": 0.942969}",0.317740,,NFM-1540-PathB-Star-xingyi,PBE,DFT-SR-PBE-BCC-Cr6_U94_63
"{""Ti"": 0.037814, ""U"": 0.962186}",0.107409,,NFM-1540-PathB-Star-xingyi,PBE,DFT-SR-PBE-BCC-Ti4_U96_12
"{""Nb"": 0.11362, ""U"": 0.88638}",0.277711,,NFM-1540-PathB-Star-xingyi,PBE,DFT-SR-PBE-BCC-Nb11_U89_220
"{""Nb"": 0.05675, ""U"": 0.94325}",0.272194,,NFM-1540-PathB-Star-xingyi,PBE,DFT-SR-PBE-BCC-Nb6_U94_114
"{""Nb"": 0.09591, ""U"": 0.9040900000000001}",0.275663,,NFM-1540-PathB-Star-xingyi,PBE,DFT-SR-PBE-BCC-Nb10_U90_330
"{""Ti"": 0.07560800000000001, ""U"": 0.924392}",0.109449,,NFM-1540-PathB-Star-xingyi,PBE,DFT-SR-PBE-BCC-Ti8_U92_303
"{""Mo"": 0.032736, ""U"": 0.967264}",0.203943,,NFM-1540-PathB-Star-xingyi,PBE,DFT-SR-PBE-BCC-Mo3_U97_33
"{""Ti"": 0.108303, ""U"": 0.891697}",0.111409,,NFM-1540-PathB-Star-xingyi,PBE,DFT-SR-PBE-BCC-Ti11_U89_213
"{""Mo"": 4.2, ""U"": 94, ""Zr"": 1.8}",0.203582,,NFM-1540-PathB-Star-xingyi,PBE,DFT-SR-PBE-BCC-Mo420_U9400_Zr180_382
"{""Mn"": 0.019917, ""Nb"": 0.092641, ""U"": 0.887442}",0.280541,,NFM-1540-PathB-Star-xingyi,PBE,DFT-SR-PBE-BCC-Mn2_Nb9_U89_262
"{""Al"": 0.034978999999999996, ""U"": 0.965021}",-0.173210,,NFM-1540-PathB-Star-xingyi,PBE,DFT-SR-PBE-BCC-Al3_U97_344
"{""Ta"": 0.041661, ""U"": 0.902174, ""Zr"": 0.056165}",0.332425,,NFM-1540-PathB-Star-xingyi,PBE,DFT-SR-PBE-BCC-Ta4_U90_Zr6_312
"{""U"": 0.978055, ""V"": 0.021945}",0.338224,,NFM-1540-PathB-Star-xingyi,PBE,DFT-SR-PBE-BCC-U98_V2_139
"{""Mo"": 11.2, ""Ti"": 3.8, ""U"": 85}",0.200255,,NFM-1540-PathB-Star-xingyi,PBE,DFT-SR-PBE-BCC-Mo1120_Ti380_U8500_378
"{""Cr"": 0.066241, ""Mn"": 0.045589, ""U"": 0.88817}",0.307875,,NFM-1540-PathB-Star-xingyi,PBE,DFT-SR-PBE-BCC-Cr7_Mn5_U89_284
"{""Ru"": 0.079197, ""U"": 0.920803}",-1.831933,,NFM-1540-PathB-Star-xingyi,PBE,DFT-SR-PBE-BCC-Ru8_U92_103
"{""Mo"": 12.5, ""U"": 87.5}",0.200194,,NFM-1540-PathB-Star-xingyi,PBE,DFT-SR-PBE-BCC-Mo1250_U8750_215
"{""Ti"": 0.042133000000000004, ""U"": 0.957867}",0.107626,,NFM-1540-PathB-Star-xingyi,PBE,DFT-SR-PBE-BCC-Ti4_U96_264
"{""U"": 0.959971, ""Zr"": 0.040028999999999995}",0.323234,,NFM-1540-PathB-Star-xingyi,PBE,DFT-SR-PBE-BCC-U96_Zr4_42
"{""Cr"": 0.059286, ""U"": 0.940714}",0.317019,,NFM-1540-PathB-Star-xingyi,PBE,DFT-SR-PBE-BCC-Cr6_U94_56
"{""Ti"": 0.098692, ""U"": 0.901308}",0.110790,,NFM-1540-PathB-Star-xingyi,PBE,DFT-SR-PBE-BCC-Ti10_U90_200
"{""U"": 0.927743, ""V"": 0.072257}",0.324822,,NFM-1540-PathB-Star-xingyi,PBE,DFT-SR-PBE-BCC-U93_V7_220
"{""U"": 0.977455, ""V"": 0.022545}",0.338007,,NFM-1540-PathB-Star-xingyi,PBE,DFT-SR-PBE-BCC-U98_V2_69
"{""Mo"": 0.068673, ""Ru"": 0.037384, ""U"": 0.893943}",0.200153,,NFM-1540-PathB-Star-xingyi,PBE,DFT-SR-PBE-BCC-Mo7_Ru4_U89_0
"{""Al"": 0.029918, ""Nb"": 0.059232, ""U"": 0.9108499999999999}",0.277078,,NFM-1540-PathB-Star-xingyi,PBE,DFT-SR-PBE-BCC-Al3_Nb6_U91_207
"{""Cr"": 0.05611, ""U"": 0.94389}",0.477154,,NFM-1540-PathB-Star-xingyi,PBE,DFT-SR-PBE-BCC-Cr6_U94_169
"{""Fe"": 0.011056, ""U"": 0.988944}",-0.018526,,NFM-1540-PathB-Star-xingyi,PBE,DFT-SR-PBE-BCC-Fe1_U99_332
"{""Ru"": 0.042914, ""U"": 0.957086}",-1.827436,,NFM-1540-PathB-Star-xingyi,PBE,DFT-SR-PBE-BCC-Ru4_U96_246
"{""U"": 0.865, ""Zr"": 0.135}",0.307431,,NFM-1540-PathB-Star-xingyi,PBE,DFT-SR-PBE-BCC-U86_Zr14_30
"{""Nb"": 0.05575, ""U"": 0.94425}",0.272126,,NFM-1540-PathB-Star-xingyi,PBE,DFT-SR-PBE-BCC-Nb6_U94_363
"{""Fe"": 0.033173999999999995, ""Nb"": 0.140527, ""U"": 0.826299}",0.297644,,NFM-1540-PathB-Star-xingyi,PBE,DFT-SR-PBE-BCC-Fe3_Nb14_U83_130
"{""U"": 0.899074, ""Zr"": 0.100926}",0.313030,,NFM-1540-PathB-Star-xingyi,PBE,DFT-SR-PBE-BCC-U90_Zr10_297
"{""Al"": 0.024531, ""U"": 0.975469}",-0.176047,,NFM-1540-PathB-Star-xingyi,PBE,DFT-SR-PBE-BCC-Al2_U98_307
"{""Al"": 0.006257, ""U"": 0.938656, ""Zr"": 0.055087}",0.323425,,NFM-1540-PathB-Star-xingyi,PBE,DFT-SR-PBE-BCC-Al1_U94_Zr6_369
"{""Mn"": 0.017246, ""Mo"": 0.111037, ""U"": 0.871717}",0.200283,,NFM-1540-PathB-Star-xingyi,PBE,DFT-SR-PBE-BCC-Mn2_Mo11_U87_10
"{""Si"": 0.014981000000000001, ""U"": 0.985019}",-0.720742,,NFM-1540-PathB-Star-xingyi,PBE,DFT-SR-PBE-BCC-Si1_U99_354
"{""Ru"": 0.070578, ""U"": 0.897212, ""V"": 0.03221}",-1.833409,,NFM-1540-PathB-Star-xingyi,PBE,DFT-SR-PBE-BCC-Ru7_U90_V3_113
"{""Si"": 0.010572, ""U"": 0.989428}",-0.721449,,NFM-1540-PathB-Star-xingyi,PBE,DFT-SR-PBE-BCC-Si1_U99_311
"{""Si"": 0.018254, ""U"": 0.981746}",-0.720177,,NFM-1540-PathB-Star-xingyi,PBE,DFT-SR-PBE-BCC-Si2_U98_109
"{""Nb"": 0.116337, ""U"": 0.883663}",0.278065,,NFM-1540-PathB-Star-xingyi,PBE,DFT-SR-PBE-BCC-Nb12_U88_247
"{""Nb"": 0.052599, ""Ta"": 0.025741, ""U"": 0.92166}",0.274228,,NFM-1540-PathB-Star-xingyi,PBE,DFT-SR-PBE-BCC-Nb5_Ta3_U92_146
"{""Mn"": 0.055056, ""Ru"": 0.031046, ""U"": 0.913898}",-0.061316,,NFM-1540-PathB-Star-xingyi,PBE,DFT-SR-PBE-BCC-Mn6_Ru3_U91_86
"{""Mo"": 0.137794, ""U"": 0.862206}",0.200419,,NFM-1540-PathB-Star-xingyi,PBE,DFT-SR-PBE-BCC-Mo14_U86_288
"{""Si"": 0.011625, ""U"": 0.988375}",-0.721259,,NFM-1540-PathB-Star-xingyi,PBE,DFT-SR-PBE-BCC-Si1_U99_50
"{""Ru"": 0.018261, ""Ti"": 0.054007, ""U"": 0.927732}",0.111273,,NFM-1540-PathB-Star-xingyi,PBE,DFT-SR-PBE-BCC-Ru2_Ti5_U93_198
"{""Al"": 0.01325, ""Mo"": 0.078295, ""U"": 0.908455}",0.200541,,NFM-1540-PathB-Star-xingyi,PBE,DFT-SR-PBE-BCC-Al1_Mo8_U91_269
"{""Ru"": 0.04211, ""Si"": 0.010202, ""U"": 0.947688}",-1.828579,,NFM-1540-PathB-Star-xingyi,PBE,DFT-SR-PBE-BCC-Ru4_Si1_U95_299
"{""U"": 0.977, ""Zr"": 0.023}",0.326078,,NFM-1540-PathB-Star-xingyi,PBE,DFT-SR-PBE-BCC-U98_Zr2_214
"{""Mn"": 0.018341, ""U"": 0.981659}",-0.044451,,NFM-1540-PathB-Star-xingyi,PBE,DFT-SR-PBE-BCC-Mn2_U98_257
"{""Mo"": 0.123328, ""U"": 0.876672}",0.200174,,NFM-1540-PathB-Star-xingyi,PBE,DFT-SR-PBE-BCC-Mo12_U88_361
"{""Mn"": 0.035429, ""U"": 0.848197, ""Zr"": 0.116374}",0.333793,,NFM-1540-PathB-Star-xingyi,PBE,DFT-SR-PBE-BCC-Mn4_U85_Zr12_345
"{""Si"": 0.014415, ""U"": 0.938106, ""Zr"": 0.047479}",0.331650,,NFM-1540-PathB-Star-xingyi,PBE,DFT-SR-PBE-BCC-Si1_U94_Zr5_254
"{""Nb"": 0.126337, ""U"": 0.873663}",0.278901,,NFM-1540-PathB-Star-xingyi,PBE,DFT-SR-PBE-BCC-Nb13_U87_289
"{""U"": 0.925, ""Zr"": 0.075}",0.317438,,NFM-1540-PathB-Star-xingyi,PBE,DFT-SR-PBE-BCC-U92_Zr8_112
"{""Ti"": 0.095205, ""U"": 0.850706, ""V"": 0.054089}",0.122600,,NFM-1540-PathB-Star-xingyi,PBE,DFT-SR-PBE-BCC-Ti10_U85_V5_166
"{""Ru"": 0.067332, ""U"": 0.881118, ""V"": 0.05155}",-1.833872,,NFM-1540-PathB-Star-xingyi,PBE,DFT-SR-PBE-BCC-Ru7_U88_V5_285
"{""Mn"": 0.041834, ""U"": 0.958166}",-0.050098,,NFM-1540-PathB-Star-xingyi,PBE,DFT-SR-PBE-BCC-Mn4_U96_289
"{""Ru"": 0.031519, ""Ti"": 0.057959000000000004, ""U"": 0.910522}",0.113994,,NFM-1540-PathB-Star-xingyi,PBE,DFT-SR-PBE-BCC-Ru3_Ti6_U91_267
"{""Ru"": 0.024857, ""U"": 0.975143}",-1.824055,,NFM-1540-PathB-Star-xingyi,PBE,DFT-SR-PBE-BCC-Ru2_U98_298
"{""Mn"": 0.011087, ""U"": 0.988913}",-0.042621,,NFM-1540-PathB-Star-xingyi,PBE,DFT-SR-PBE-BCC-Mn1_U99_364
"{""Si"": 0.010537000000000001, ""U"": 0.917534, ""V"": 0.071929}",0.322918,,NFM-1540-PathB-Star-xingyi,PBE,DFT-SR-PBE-BCC-Si1_U92_V7_17
"{""Cr"": 0.028966, ""Mn"": 0.01208, ""U"": 0.958954}",0.324386,,NFM-1540-PathB-Star-xingyi,PBE,DFT-SR-PBE-BCC-Cr3_Mn1_U96_180
"{""Mn"": 0.029937999999999996, ""U"": 0.970062}",-0.047227,,NFM-1540-PathB-Star-xingyi,PBE,DFT-SR-PBE-BCC-Mn3_U97_72
"{""Mn"": 0.015596000000000002, ""U"": 0.984404}",-0.043771,,NFM-1540-PathB-Star-xingyi,PBE,DFT-SR-PBE-BCC-Mn2_U98_79
"{""Al"": 0.027097, ""Fe"": 0.027094, ""U"": 0.945809}",-0.156441,,NFM-1540-PathB-Star-xingyi,PBE,DFT-SR-PBE-BCC-Al3_Fe3_U95_115
"{""Fe"": 0.046576, ""U"": 0.953424}",-0.041432,,NFM-1540-PathB-Star-xingyi,PBE,DFT-SR-PBE-BCC-Fe5_U95_244
"{""Nb"": 0.066904, ""U"": 0.933096}",0.273092,,NFM-1540-PathB-Star-xingyi,PBE,DFT-SR-PBE-BCC-Nb7_U93_68
"{""Mo"": 0.033553, ""Nb"": 0.078163, ""U"": 0.888284}",0.281228,,NFM-1540-PathB-Star-xingyi,PBE,DFT-SR-PBE-BCC-Mo3_Nb8_U89_0
"{""Ti"": 0.072299, ""U"": 0.927701}",0.109245,,NFM-1540-PathB-Star-xingyi,PBE,DFT-SR-PBE-BCC-Ti7_U93_119
"{""Ti"": 0.114937, ""U"": 0.885063}",0.111810,,NFM-1540-PathB-Star-xingyi,PBE,DFT-SR-PBE-BCC-Ti11_U89_281
"{""Fe"": 0.037214000000000004, ""U"": 0.962786}",-0.035677,,NFM-1540-PathB-Star-xingyi,PBE,DFT-SR-PBE-BCC-Fe4_U96_34
"{""Mo"": 0.1058, ""U"": 0.8942}",0.200208,,NFM-1540-PathB-Star-xingyi,PBE,DFT-SR-PBE-BCC-Mo11_U89_69
"{""Al"": 0.031386, ""U"": 0.968614}",-0.171707,,NFM-1540-PathB-Star-xingyi,PBE,DFT-SR-PBE-BCC-Al3_U97_50
"{""Ru"": 0.040256, ""U"": 0.959744}",-1.826667,,NFM-1540-PathB-Star-xingyi,PBE,DFT-SR-PBE-BCC-Ru4_U96_159
"{""Fe"": 0.017712000000000002, ""U"": 0.982288}",-0.023064,,NFM-1540-PathB-Star-xingyi,PBE,DFT-SR-PBE-BCC-Fe2_U98_56
"{""Al"": 0.026979, ""U"": 0.973021}",-0.175367,,NFM-1540-PathB-Star-xingyi,PBE,DFT-SR-PBE-BCC-Al3_U97_249
"{""Al"": 0.023350000000000003, ""U"": 0.933817, ""V"": 0.042833}",0.328666,,NFM-1540-PathB-Star-xingyi,PBE,DFT-SR-PBE-BCC-Al2_U93_V4_22
"{""Cr"": 0.041, ""U"": 0.959}",0.322788,,NFM-1540-PathB-Star-xingyi,PBE,DFT-SR-PBE-BCC-Cr4_U96_320
"{""U"": 0.6970000000000001, ""Zr"": 0.303}",0.281750,,NFM-1540-PathB-Star-xingyi,PBE,DFT-SR-PBE-BCC-U70_Zr30_174
"{""Cr"": 0.047172, ""Mn"": 0.046527, ""U"": 0.906301}",0.312393,,NFM-1540-PathB-Star-xingyi,PBE,DFT-SR-PBE-BCC-Cr5_Mn5_U91_22
"{""Mo"": 0.070966, ""Ru"": 0.075923, ""U"": 0.853111}",-1.833817,,NFM-1540-PathB-Star-xingyi,PBE,DFT-SR-PBE-BCC-Mo7_Ru8_U85_342
"{""Cr"": 0.095, ""U"": 0.905}",0.307726,,NFM-1540-PathB-Star-xingyi,PBE,DFT-SR-PBE-BCC-Cr10_U90_58
"{""Ti"": 0.11386, ""U"": 0.88614}",0.111722,,NFM-1540-PathB-Star-xingyi,PBE,DFT-SR-PBE-BCC-Ti11_U89_247
"{""Mn"": 0.01588, ""U"": 0.98412}",-0.043873,,NFM-1540-PathB-Star-xingyi,PBE,DFT-SR-PBE-BCC-Mn2_U98_116
"{""Nb"": 0.052599, ""Ta"": 0.021741, ""U"": 0.92566}",0.273847,,NFM-1540-PathB-Star-xingyi,PBE,DFT-SR-PBE-BCC-Nb5_Ta2_U93_299
"{""Cr"": 0.065401, ""Fe"": 0.052854, ""U"": 0.881745}",0.439228,,NFM-1540-PathB-Star-xingyi,PBE,DFT-SR-PBE-BCC-Cr7_Fe5_U88_306
"{""Ru"": 0.050457999999999996, ""U"": 0.949542}",-1.828511,,NFM-1540-PathB-Star-xingyi,PBE,DFT-SR-PBE-BCC-Ru5_U95_338
"{""Al"": 0.027413, ""U"": 0.972587}",-0.170054,,NFM-1540-PathB-Star-xingyi,PBE,DFT-SR-PBE-BCC-Al3_U97_283
"{""Si"": 0.013019, ""U"": 0.986981}",-0.721034,,NFM-1540-PathB-Star-xingyi,PBE,DFT-SR-PBE-BCC-Si1_U99_169
"{""Mo"": 0.10500000000000001, ""U"": 0.895}",0.200215,,NFM-1540-PathB-Star-xingyi,PBE,DFT-SR-PBE-BCC-Mo11_U90_322
"{""Mn"": 0.040497, ""U"": 0.959503}",-0.050002,,NFM-1540-PathB-Star-xingyi,PBE,DFT-SR-PBE-BCC-Mn4_U96_285
"{""Nb"": 10.0, ""U"": 80, ""Zr"": 10.0}",0.270758,,NFM-1540-PathB-Star-xingyi,PBE,DFT-SR-PBE-BCC-Nb1000_U8000_Zr1000_343
"{""Mn"": 0.036429, ""U"": 0.847197, ""Zr"": 0.116374}",0.334575,,NFM-1540-PathB-Star-xingyi,PBE,DFT-SR-PBE-BCC-Mn4_U85_Zr12_3
"{""Mn"": 0.026192, ""U"": 0.901068, ""V"": 0.07274}",0.320224,,NFM-1540-PathB-Star-xingyi,PBE,DFT-SR-PBE-BCC-Mn3_U90_V7_108
"{""Ru"": 0.061146, ""Ti"": 0.091016, ""U"": 0.847838}",0.123362,,NFM-1540-PathB-Star-xingyi,PBE,DFT-SR-PBE-BCC-Ru6_Ti9_U85_94
"{""Mo"": 0.11063400000000001, ""U"": 0.889366}",0.200174,,NFM-1540-PathB-Star-xingyi,PBE,DFT-SR-PBE-BCC-Mo11_U89_266
"{""Cr"": 0.043951, ""Mo"": 0.107413, ""U"": 0.848636}",0.203065,,NFM-1540-PathB-Star-xingyi,PBE,DFT-SR-PBE-BCC-Cr4_Mo11_U85_237
"{""Mn"": 0.029117, ""Ru"": 0.034866, ""U"": 0.936017}",-1.829858,,NFM-1540-PathB-Star-xingyi,PBE,DFT-SR-PBE-BCC-Mn3_Ru3_U94_194
"{""Nb"": 0.117032, ""U"": 0.882968}",0.278140,,NFM-1540-PathB-Star-xingyi,PBE,DFT-SR-PBE-BCC-Nb12_U88_103
"{""Mo"": 0.038928, ""U"": 0.961072}",0.203398,,NFM-1540-PathB-Star-xingyi,PBE,DFT-SR-PBE-BCC-Mo4_U96_104
"{""Mo"": 5.0, ""U"": 95}",0.202534,,NFM-1540-PathB-Star-xingyi,PBE,DFT-SR-PBE-BCC-Mo500_U9500_317
"{""Mo"": 0.084023, ""U"": 0.915977}",0.200711,,NFM-1540-PathB-Star-xingyi,PBE,DFT-SR-PBE-BCC-Mo8_U92_271
"{""Cr"": 0.044637, ""U"": 0.955363}",0.321624,,NFM-1540-PathB-Star-xingyi,PBE,DFT-SR-PBE-BCC-Cr4_U96_186
"{""Si"": 0.012625, ""U"": 0.987375}",-0.721123,,NFM-1540-PathB-Star-xingyi,PBE,DFT-SR-PBE-BCC-Si1_U99_152
"{""Mo"": 0.047036999999999995, ""U"": 0.952963}",0.202752,,NFM-1540-PathB-Star-xingyi,PBE,DFT-SR-PBE-BCC-Mo5_U95_107
"{""Fe"": 0.062019000000000005, ""U"": 0.937981}",-0.050623,,NFM-1540-PathB-Star-xingyi,PBE,DFT-SR-PBE-BCC-Fe6_U94_9
"{""Mo"": 0.12132799999999999, ""U"": 0.878672}",0.200174,,NFM-1540-PathB-Star-xingyi,PBE,DFT-SR-PBE-BCC-Mo12_U88_266
"{""Nb"": 0.07, ""U"": 0.93}",0.273405,,NFM-1540-PathB-Star-xingyi,PBE,DFT-SR-PBE-BCC-Nb7_U93_86
"{""Ru"": 0.051599, ""U"": 0.948401}",-1.828511,,NFM-1540-PathB-Star-xingyi,PBE,DFT-SR-PBE-BCC-Ru5_U95_131
"{""U"": 0.6990000000000001, ""Zr"": 0.301}",0.282083,,NFM-1540-PathB-Star-xingyi,PBE,DFT-SR-PBE-BCC-U70_Zr30_156
"{""Mo"": 0.14436, ""U"": 0.834043, ""V"": 0.021597}",0.201936,,NFM-1540-PathB-Star-xingyi,PBE,DFT-SR-PBE-BCC-Mo14_U83_V2_31
"{""Cr"": 0.1, ""U"": 0.9}",0.306617,,NFM-1540-PathB-Star-xingyi,PBE,DFT-SR-PBE-BCC-Cr10_U90_103
"{""Fe"": 0.018092, ""Mn"": 0.058071000000000005, ""U"": 0.923837}",-0.060622,,NFM-1540-PathB-Star-xingyi,PBE,DFT-SR-PBE-BCC-Fe2_Mn6_U92_54
"{""Fe"": 0.057032, ""Mo"": 0.077826, ""U"": 0.865142}",0.202779,,NFM-1540-PathB-Star-xingyi,PBE,DFT-SR-PBE-BCC-Fe6_Mo8_U87_188
"{""Mn"": 0.026715000000000003, ""U"": 0.973285}",-0.046628,,NFM-1540-PathB-Star-xingyi,PBE,DFT-SR-PBE-BCC-Mn3_U97_43
"{""Fe"": 0.056985, ""U"": 0.943015}",-0.047718,,NFM-1540-PathB-Star-xingyi,PBE,DFT-SR-PBE-BCC-Fe6_U94_7
"{""Ru"": 0.074512, ""U"": 0.925488}",-1.831348,,NFM-1540-PathB-Star-xingyi,PBE,DFT-SR-PBE-BCC-Ru7_U93_180
"{""Ru"": 0.036219, ""U"": 0.963781}",-1.826055,,NFM-1540-PathB-Star-xingyi,PBE,DFT-SR-PBE-BCC-Ru4_U96_193
"{""Mo"": 0.1208, ""U"": 0.8792}",0.200160,,NFM-1540-PathB-Star-xingyi,PBE,DFT-SR-PBE-BCC-Mo12_U88_178
"{""Cr"": 0.059584, ""U"": 0.940416}",0.474746,,NFM-1540-PathB-Star-xingyi,PBE,DFT-SR-PBE-BCC-Cr6_U94_91
"{""Cr"": 0.090269, ""Mn"": 0.047208, ""U"": 0.8625229999999999}",0.439132,,NFM-1540-PathB-Star-xingyi,PBE,DFT-SR-PBE-BCC-Cr9_Mn5_U86_89
"{""U"": 0.892278, ""Zr"": 0.107722}",0.311935,,NFM-1540-PathB-Star-xingyi,PBE,DFT-SR-PBE-BCC-U89_Zr11_122
"{""U"": 0.861461, ""Zr"": 0.138539}",0.306907,,NFM-1540-PathB-Star-xingyi,PBE,DFT-SR-PBE-BCC-U86_Zr14_165
"{""Cr"": 0.058584, ""U"": 0.941416}",0.475467,,NFM-1540-PathB-Star-xingyi,PBE,DFT-SR-PBE-BCC-Cr6_U94_159
"{""Cr"": 0.028204, ""U"": 0.971796}",0.469256,,NFM-1540-PathB-Star-xingyi,PBE,DFT-SR-PBE-BCC-Cr3_U97_55
"{""Ti"": 0.112279, ""U"": 0.887721}",0.111626,,NFM-1540-PathB-Star-xingyi,PBE,DFT-SR-PBE-BCC-Ti11_U89_4
"{""U"": 0.930886, ""Zr"": 0.06911400000000001}",0.318363,,NFM-1540-PathB-Star-xingyi,PBE,DFT-SR-PBE-BCC-U93_Zr7_166
"{""Ti"": 0.042636, ""U"": 0.911631, ""Zr"": 0.045733}",0.333793,,NFM-1540-PathB-Star-xingyi,PBE,DFT-SR-PBE-BCC-Ti4_U91_Zr5_176
"{""Mo"": 0.124202, ""U"": 0.753116, ""Zr"": 0.122682}",0.200602,,NFM-1540-PathB-Star-xingyi,PBE,DFT-SR-PBE-BCC-Mo12_U75_Zr12_47
"{""Nb"": 0.075497, ""U"": 0.924503}",0.273901,,NFM-1540-PathB-Star-xingyi,PBE,DFT-SR-PBE-BCC-Nb8_U92_281
"{""Cr"": 0.024104999999999998, ""U"": 0.975895}",0.500625,,NFM-1540-PathB-Star-xingyi,PBE,DFT-SR-PBE-BCC-Cr2_U98_261
"{""Nb"": 0.086347, ""U"": 0.913653}",0.274997,,NFM-1540-PathB-Star-xingyi,PBE,DFT-SR-PBE-BCC-Nb9_U91_154
"{""Ti"": 0.09353500000000001, ""U"": 0.906465}",0.110497,,NFM-1540-PathB-Star-xingyi,PBE,DFT-SR-PBE-BCC-Ti9_U91_169
"{""Nb"": 0.07885099999999999, ""U"": 0.921149}",0.274228,,NFM-1540-PathB-Star-xingyi,PBE,DFT-SR-PBE-BCC-Nb8_U92_56
"{""Si"": 0.005054, ""U"": 0.994946}",-0.722300,,NFM-1540-PathB-Star-xingyi,PBE,DFT-SR-PBE-BCC-Si1_U99_318
"{""Si"": 0.014254, ""U"": 0.985746}",-0.720844,,NFM-1540-PathB-Star-xingyi,PBE,DFT-SR-PBE-BCC-Si1_U99_68
"{""Cr"": 0.078977, ""U"": 0.921023}",0.462106,,NFM-1540-PathB-Star-xingyi,PBE,DFT-SR-PBE-BCC-Cr8_U92_299
"{""Ti"": 0.035478, ""U"": 0.964522}",0.107307,,NFM-1540-PathB-Star-xingyi,PBE,DFT-SR-PBE-BCC-Ti4_U96_234
"{""Si"": 0.015361, ""U"": 0.984639}",-0.720654,,NFM-1540-PathB-Star-xingyi,PBE,DFT-SR-PBE-BCC-Si2_U98_317
"{""Si"": 0.011335999999999999, ""U"": 0.988664}",-0.721307,,NFM-1540-PathB-Star-xingyi,PBE,DFT-SR-PBE-BCC-Si1_U99_101
"{""Cr"": 0.072565, ""Nb"": 0.065371, ""U"": 0.8620639999999999}",0.308882,,NFM-1540-PathB-Star-xingyi,PBE,DFT-SR-PBE-BCC-Cr7_Nb7_U86_187
"{""Mo"": 0.078897, ""U"": 0.921103}",0.200902,,NFM-1540-PathB-Star-xingyi,PBE,DFT-SR-PBE-BCC-Mo8_U92_98
"{""Mo"": 0.141101, ""U"": 0.858899}",0.200487,,NFM-1540-PathB-Star-xingyi,PBE,DFT-SR-PBE-BCC-Mo14_U86_117
"{""Ti"": 0.058922, ""U"": 0.941078}",0.108497,,NFM-1540-PathB-Star-xingyi,PBE,DFT-SR-PBE-BCC-Ti6_U94_103
"{""Fe"": 0.030587, ""U"": 0.969413}",-0.031398,,NFM-1540-PathB-Star-xingyi,PBE,DFT-SR-PBE-BCC-Fe3_U97_266
"{""Mn"": 0.049834, ""U"": 0.950166}",-0.052173,,NFM-1540-PathB-Star-xingyi,PBE,DFT-SR-PBE-BCC-Mn5_U95_144
"{""Mn"": 0.019125, ""Nb"": 0.137871, ""U"": 0.843004}",0.285725,,NFM-1540-PathB-Star-xingyi,PBE,DFT-SR-PBE-BCC-Mn2_Nb14_U84_5
"{""Al"": 0.016603, ""U"": 0.983397}",-0.175612,,NFM-1540-PathB-Star-xingyi,PBE,DFT-SR-PBE-BCC-Al2_U98_223
"{""U"": 0.878359, ""Zr"": 0.121641}",0.309771,,NFM-1540-PathB-Star-xingyi,PBE,DFT-SR-PBE-BCC-U88_Zr12_323
"{""Ru"": 0.08319700000000001, ""U"": 0.916803}",-1.832137,,NFM-1540-PathB-Star-xingyi,PBE,DFT-SR-PBE-BCC-Ru8_U92_306
"{""Mn"": 0.050032, ""Ru"": 0.036378, ""U"": 0.91359}",-0.061397,,NFM-1540-PathB-Star-xingyi,PBE,DFT-SR-PBE-BCC-Mn5_Ru4_U91_176
"{""Nb"": 33.3, ""U"": 33.3, ""Zr"": 33.3}",0.279629,,NFM-1540-PathB-Star-xingyi,PBE,DFT-SR-PBE-BCC-Nb3330_U3330_Zr3330_237
"{""Nb"": 0.09210499999999999, ""U"": 0.907895}",0.275520,,NFM-1540-PathB-Star-xingyi,PBE,DFT-SR-PBE-BCC-Nb9_U91_384
"{""Ru"": 0.070332, ""U"": 0.878118, ""V"": 0.05155}",-1.833749,,NFM-1540-PathB-Star-xingyi,PBE,DFT-SR-PBE-BCC-Ru7_U88_V5_20
"{""Mn"": 0.037429000000000004, ""U"": 0.846197, ""Zr"": 0.116374}",0.335174,,NFM-1540-PathB-Star-xingyi,PBE,DFT-SR-PBE-BCC-Mn4_U85_Zr12_126
"{""Cr"": 0.08268099999999999, ""Fe"": 0.013932, ""U"": 0.903387}",0.307297,,NFM-1540-PathB-Star-xingyi,PBE,DFT-SR-PBE-BCC-Cr8_Fe1_U90_108
"{""Mo"": 0.06, ""Nb"": 0.045, ""U"": 0.895}",0.200786,,NFM-1540-PathB-Star-xingyi,PBE,DFT-SR-PBE-BCC-Mo6_Nb4_U90_110
"{""Fe"": 0.021906, ""U"": 0.978094}",-0.025799,,NFM-1540-PathB-Star-xingyi,PBE,DFT-SR-PBE-BCC-Fe2_U98_114
"{""U"": 0.927914, ""V"": 0.072086}",0.324822,,NFM-1540-PathB-Star-xingyi,PBE,DFT-SR-PBE-BCC-U93_V7_201
"{""Ru"": 0.017592, ""Ti"": 0.116138, ""U"": 0.86627}",0.115314,,NFM-1540-PathB-Star-xingyi,PBE,DFT-SR-PBE-BCC-Ru2_Ti12_U87_142
"{""Al"": 0.025223, ""U"": 0.974777}",-0.173591,,NFM-1540-PathB-Star-xingyi,PBE,DFT-SR-PBE-BCC-Al3_U97_131
"{""Nb"": 0.118337, ""U"": 0.881663}",0.278276,,NFM-1540-PathB-Star-xingyi,PBE,DFT-SR-PBE-BCC-Nb12_U88_340
"{""U"": 0.96851, ""Zr"": 0.03149}",0.324745,,NFM-1540-PathB-Star-xingyi,PBE,DFT-SR-PBE-BCC-U97_Zr3_274
"{""Ru"": 0.040049, ""U"": 0.959951}",-1.826626,,NFM-1540-PathB-Star-xingyi,PBE,DFT-SR-PBE-BCC-Ru4_U96_24
"{""Nb"": 0.107251, ""Si"": 0.008997, ""U"": 0.883752}",0.279296,,NFM-1540-PathB-Star-xingyi,PBE,DFT-SR-PBE-BCC-Nb11_Si1_U88_111
"{""Mo"": 0.065669, ""U"": 0.934331}",0.201548,,NFM-1540-PathB-Star-xingyi,PBE,DFT-SR-PBE-BCC-Mo7_U93_246
"{""Mo"": 0.042928, ""U"": 0.957072}",0.203051,,NFM-1540-PathB-Star-xingyi,PBE,DFT-SR-PBE-BCC-Mo4_U96_116
"{""Ru"": 0.070011, ""U"": 0.929989}",-1.830926,,NFM-1540-PathB-Star-xingyi,PBE,DFT-SR-PBE-BCC-Ru7_U93_144
"{""Si"": 0.010839000000000001, ""U"": 0.989161}",-0.721402,,NFM-1540-PathB-Star-xingyi,PBE,DFT-SR-PBE-BCC-Si1_U99_306
"{""Si"": 0.005073, ""Ti"": 0.080454, ""U"": 0.914473}",0.110443,,NFM-1540-PathB-Star-xingyi,PBE,DFT-SR-PBE-BCC-Si1_Ti8_U91_160
"{""Ru"": 0.071883, ""U"": 0.928117}",-1.831225,,NFM-1540-PathB-Star-xingyi,PBE,DFT-SR-PBE-BCC-Ru7_U93_77
"{""U"": 0.93267, ""V"": 0.06733}",0.325475,,NFM-1540-PathB-Star-xingyi,PBE,DFT-SR-PBE-BCC-U93_V7_226
"{""Ru"": 0.019592000000000002, ""Ti"": 0.116138, ""U"": 0.86427}",0.115722,,NFM-1540-PathB-Star-xingyi,PBE,DFT-SR-PBE-BCC-Ru2_Ti12_U86_244
"{""Al"": 0.018589, ""Fe"": 0.043317, ""U"": 0.938094}",-0.044133,,NFM-1540-PathB-Star-xingyi,PBE,DFT-SR-PBE-BCC-Al2_Fe4_U94_334
"{""Mo"": 0.067599, ""U"": 0.932401}",0.201432,,NFM-1540-PathB-Star-xingyi,PBE,DFT-SR-PBE-BCC-Mo7_U93_112
"{""Nb"": 0.10500000000000001, ""U"": 0.895}",0.276799,,NFM-1540-PathB-Star-xingyi,PBE,DFT-SR-PBE-BCC-Nb11_U90_137
"{""Ru"": 0.066332, ""U"": 0.882118, ""V"": 0.05155}",-1.833878,,NFM-1540-PathB-Star-xingyi,PBE,DFT-SR-PBE-BCC-Ru7_U88_V5_183
"{""Cr"": 0.097208, ""U"": 0.902792}",0.451113,,NFM-1540-PathB-Star-xingyi,PBE,DFT-SR-PBE-BCC-Cr10_U90_247
"{""Ru"": 0.025535, ""U"": 0.974465}",-1.824130,,NFM-1540-PathB-Star-xingyi,PBE,DFT-SR-PBE-BCC-Ru3_U97_198
"{""Ru"": 0.055574, ""U"": 0.944426}",-1.829150,,NFM-1540-PathB-Star-xingyi,PBE,DFT-SR-PBE-BCC-Ru6_U94_307
"{""Mo"": 0.017, ""U"": 0.983}",0.205480,,NFM-1540-PathB-Star-xingyi,PBE,DFT-SR-PBE-BCC-Mo2_U98_385
"{""Al"": 0.02174, ""U"": 0.946362, ""V"": 0.031898}",0.331795,,NFM-1540-PathB-Star-xingyi,PBE,DFT-SR-PBE-BCC-Al2_U95_V3_38
"{""Mo"": 0.030256, ""U"": 0.969744}",0.204147,,NFM-1540-PathB-Star-xingyi,PBE,DFT-SR-PBE-BCC-Mo3_U97_8
"{""Ru"": 0.0697, ""U"": 0.833584, ""Zr"": 0.096716}",0.369386,,NFM-1540-PathB-Star-xingyi,PBE,DFT-SR-PBE-BCC-Ru7_U83_Zr10_10
"{""Ru"": 0.040608, ""Ti"": 0.028811, ""U"": 0.930581}",-1.828545,,NFM-1540-PathB-Star-xingyi,PBE,DFT-SR-PBE-BCC-Ru4_Ti3_U93_357
"{""Cr"": 0.04, ""U"": 0.96}",0.323135,,NFM-1540-PathB-Star-xingyi,PBE,DFT-SR-PBE-BCC-Cr4_U96_27
"{""Ti"": 0.033715, ""U"": 0.966285}",0.107198,,NFM-1540-PathB-Star-xingyi,PBE,DFT-SR-PBE-BCC-Ti3_U97_355
"{""Mn"": 0.024761000000000002, ""U"": 0.975239}",-0.046118,,NFM-1540-PathB-Star-xingyi,PBE,DFT-SR-PBE-BCC-Mn2_U98_30
"{""Al"": 0.029829, ""U"": 0.970171}",-0.174578,,NFM-1540-PathB-Star-xingyi,PBE,DFT-SR-PBE-BCC-Al3_U97_185
"{""Ti"": 0.051334, ""U"": 0.948666}",0.108109,,NFM-1540-PathB-Star-xingyi,PBE,DFT-SR-PBE-BCC-Ti5_U95_389
"{""U"": 0.7030000000000001, ""Zr"": 0.297}",0.282722,,NFM-1540-PathB-Star-xingyi,PBE,DFT-SR-PBE-BCC-U70_Zr30_34
"{""Mo"": 0.125242, ""Ti"": 0.058511, ""U"": 0.816247}",0.200854,,NFM-1540-PathB-Star-xingyi,PBE,DFT-SR-PBE-BCC-Mo13_Ti6_U82_391
"{""Mn"": 0.018747, ""U"": 0.981253}",-0.044601,,NFM-1540-PathB-Star-xingyi,PBE,DFT-SR-PBE-BCC-Mn2_U98_300
"{""Cr"": 0.052511, ""U"": 0.947489}",0.479719,,NFM-1540-PathB-Star-xingyi,PBE,DFT-SR-PBE-BCC-Cr5_U95_70
"{""Ru"": 0.020261, ""Ti"": 0.054007, ""U"": 0.925732}",0.111626,,NFM-1540-PathB-Star-xingyi,PBE,DFT-SR-PBE-BCC-Ru2_Ti5_U93_207
"{""Mo"": 0.064599, ""U"": 0.935401}",0.201548,,NFM-1540-PathB-Star-xingyi,PBE,DFT-SR-PBE-BCC-Mo6_U94_51
"{""U"": 0.927, ""V"": 0.07300000000000001}",0.324639,,NFM-1540-PathB-Star-xingyi,PBE,DFT-SR-PBE-BCC-U93_V7_128
"{""Ru"": 0.021388, ""U"": 0.978612}",-1.823490,,NFM-1540-PathB-Star-xingyi,PBE,DFT-SR-PBE-BCC-Ru2_U98_292
"{""Ti"": 0.044133, ""U"": 0.955867}",0.107742,,NFM-1540-PathB-Star-xingyi,PBE,DFT-SR-PBE-BCC-Ti4_U96_43
"{""Nb"": 0.10903199999999999, ""U"": 0.890968}",0.277296,,NFM-1540-PathB-Star-xingyi,PBE,DFT-SR-PBE-BCC-Nb11_U89_10
"{""Mn"": 0.047834, ""U"": 0.952166}",-0.051533,,NFM-1540-PathB-Star-xingyi,PBE,DFT-SR-PBE-BCC-Mn5_U95_310
"{""Si"": 0.006809, ""Ti"": 0.035464999999999997, ""U"": 0.957726}",0.108157,,NFM-1540-PathB-Star-xingyi,PBE,DFT-SR-PBE-BCC-Si1_Ti4_U96_322
"{""Fe"": 0.033859, ""U"": 0.92033, ""Zr"": 0.045811}",0.361045,,NFM-1540-PathB-Star-xingyi,PBE,DFT-SR-PBE-BCC-Fe3_U92_Zr5_326
"{""Ru"": 0.047522999999999996, ""U"": 0.863737, ""Zr"": 0.08874}",0.352059,,NFM-1540-PathB-Star-xingyi,PBE,DFT-SR-PBE-BCC-Ru5_U86_Zr9_213
"{""Ti"": 0.090791, ""U"": 0.909209}",0.110313,,NFM-1540-PathB-Star-xingyi,PBE,DFT-SR-PBE-BCC-Ti9_U91_65
"{""Mn"": 0.037531, ""Nb"": 0.051469, ""U"": 0.911}",0.280541,,NFM-1540-PathB-Star-xingyi,PBE,DFT-SR-PBE-BCC-Mn4_Nb5_U91_219
"{""Mn"": 0.060409000000000004, ""U"": 0.939591}",-0.054486,,NFM-1540-PathB-Star-xingyi,PBE,DFT-SR-PBE-BCC-Mn6_U94_45
"{""Cr"": 0.087381, ""U"": 0.912619}",0.456916,,NFM-1540-PathB-Star-xingyi,PBE,DFT-SR-PBE-BCC-Cr9_U91_6
"{""Mn"": 0.021917000000000002, ""Nb"": 0.092641, ""U"": 0.885442}",0.281072,,NFM-1540-PathB-Star-xingyi,PBE,DFT-SR-PBE-BCC-Mn2_Nb9_U89_158
"{""Nb"": 0.056989000000000005, ""U"": 0.943011}",0.272194,,NFM-1540-PathB-Star-xingyi,PBE,DFT-SR-PBE-BCC-Nb6_U94_277
"{""U"": 0.95, ""V"": 0.05}",0.330258,,NFM-1540-PathB-Star-xingyi,PBE,DFT-SR-PBE-BCC-U95_V5_383
"{""Ru"": 0.07801100000000001, ""U"": 0.921989}",-1.831681,,NFM-1540-PathB-Star-xingyi,PBE,DFT-SR-PBE-BCC-Ru8_U92_205
"{""Nb"": 6.2, ""U"": 75, ""Zr"": 18.8}",0.315778,,NFM-1540-PathB-Star-xingyi,PBE,DFT-SR-PBE-BCC-Nb620_U7500_Zr1880_358
"{""Fe"": 0.034700999999999996, ""U"": 0.965299}",-0.034044,,NFM-1540-PathB-Star-xingyi,PBE,DFT-SR-PBE-BCC-Fe3_U97_22
"{""Cr"": 0.043951, ""Mo"": 0.108413, ""U"": 0.8476360000000001}",0.203065,,NFM-1540-PathB-Star-xingyi,PBE,DFT-SR-PBE-BCC-Cr4_Mo11_U85_152
"{""Cr"": 0.068188, ""U"": 0.931812}",0.468991,,NFM-1540-PathB-Star-xingyi,PBE,DFT-SR-PBE-BCC-Cr7_U93_152
"{""Si"": 0.005424, ""Ti"": 0.105878, ""U"": 0.888698}",0.112089,,NFM-1540-PathB-Star-xingyi,PBE,DFT-SR-PBE-BCC-Si1_Ti11_U89_39
"{""Al"": 0.012504999999999999, ""U"": 0.987495}",-0.179251,,NFM-1540-PathB-Star-xingyi,PBE,DFT-SR-PBE-BCC-Al1_U99_34
"{""Al"": 0.020505, ""U"": 0.979495}",-0.177163,,NFM-1540-PathB-Star-xingyi,PBE,DFT-SR-PBE-BCC-Al2_U98_49
"{""Nb"": 0.051471, ""U"": 0.948529}",0.271724,,NFM-1540-PathB-Star-xingyi,PBE,DFT-SR-PBE-BCC-Nb5_U95_324
"{""Al"": 0.031042999999999998, ""U"": 0.968957}",-0.171707,,NFM-1540-PathB-Star-xingyi,PBE,DFT-SR-PBE-BCC-Al3_U97_342
"{""Cr"": 0.036571, ""U"": 0.963429}",0.491209,,NFM-1540-PathB-Star-xingyi,PBE,DFT-SR-PBE-BCC-Cr4_U96_276
"{""Nb"": 0.047161, ""U"": 0.952839}",0.271105,,NFM-1540-PathB-Star-xingyi,PBE,DFT-SR-PBE-BCC-Nb5_U95_21
"{""Al"": 0.022466, ""U"": 0.977534}",-0.176605,,NFM-1540-PathB-Star-xingyi,PBE,DFT-SR-PBE-BCC-Al2_U98_213
"{""Si"": 0.010058999999999998, ""U"": 0.989941}",-0.721538,,NFM-1540-PathB-Star-xingyi,PBE,DFT-SR-PBE-BCC-Si1_U99_293
"{""Ru"": 0.07208300000000001, ""U"": 0.927917}",-1.831225,,NFM-1540-PathB-Star-xingyi,PBE,DFT-SR-PBE-BCC-Ru7_U93_126
"{""Mo"": 0.082053, ""U"": 0.802307, ""Zr"": 0.11563999999999999}",0.358719,,NFM-1540-PathB-Star-xingyi,PBE,DFT-SR-PBE-BCC-Mo8_U80_Zr12_349
"{""Mo"": 0.037, ""U"": 0.963}",0.203548,,NFM-1540-PathB-Star-xingyi,PBE,DFT-SR-PBE-BCC-Mo4_U96_202
"{""U"": 0.954292, ""Zr"": 0.045708000000000006}",0.322296,,NFM-1540-PathB-Star-xingyi,PBE,DFT-SR-PBE-BCC-U95_Zr5_376
"{""Cr"": 0.09805, ""U"": 0.90195}",0.307025,,NFM-1540-PathB-Star-xingyi,PBE,DFT-SR-PBE-BCC-Cr10_U90_393
"{""U"": 0.7989999999999999, ""Zr"": 0.201}",0.297090,,NFM-1540-PathB-Star-xingyi,PBE,DFT-SR-PBE-BCC-U80_Zr20_145
"{""U"": 0.892768, ""Zr"": 0.107232}",0.311935,,NFM-1540-PathB-Star-xingyi,PBE,DFT-SR-PBE-BCC-U89_Zr11_25
"{""Mo"": 0.058269, ""U"": 0.941731}",0.201977,,NFM-1540-PathB-Star-xingyi,PBE,DFT-SR-PBE-BCC-Mo6_U94_56
"{""Fe"": 0.059019, ""U"": 0.940981}",-0.048827,,NFM-1540-PathB-Star-xingyi,PBE,DFT-SR-PBE-BCC-Fe6_U94_334
"{""Mo"": 0.120687, ""U"": 0.879313}",0.200160,,NFM-1540-PathB-Star-xingyi,PBE,DFT-SR-PBE-BCC-Mo12_U88_194
"{""Nb"": 0.083693, ""U"": 0.916307}",0.274738,,NFM-1540-PathB-Star-xingyi,PBE,DFT-SR-PBE-BCC-Nb8_U92_76
"{""Ti"": 0.041, ""U"": 0.959}",0.107565,,NFM-1540-PathB-Star-xingyi,PBE,DFT-SR-PBE-BCC-Ti4_U96_228
"{""Mo"": 0.043000000000000003, ""U"": 0.957}",0.203051,,NFM-1540-PathB-Star-xingyi,PBE,DFT-SR-PBE-BCC-Mo4_U96_251
"{""Ru"": 0.059423000000000004, ""U"": 0.940577}",-1.829729,,NFM-1540-PathB-Star-xingyi,PBE,DFT-SR-PBE-BCC-Ru6_U94_328
"{""U"": 0.959611, ""Zr"": 0.040388999999999994}",0.323234,,NFM-1540-PathB-Star-xingyi,PBE,DFT-SR-PBE-BCC-U96_Zr4_261
"{""Al"": 0.024561, ""U"": 0.975439}",-0.176047,,NFM-1540-PathB-Star-xingyi,PBE,DFT-SR-PBE-BCC-Al2_U98_214
"{""Cr"": 0.054637, ""U"": 0.945363}",0.478263,,NFM-1540-PathB-Star-xingyi,PBE,DFT-SR-PBE-BCC-Cr5_U95_172
"{""Fe"": 0.052006, ""U"": 0.947994}",-0.044752,,NFM-1540-PathB-Star-xingyi,PBE,DFT-SR-PBE-BCC-Fe5_U95_167
"{""Mo"": 0.1008, ""U"": 0.8992}",0.200289,,NFM-1540-PathB-Star-xingyi,PBE,DFT-SR-PBE-BCC-Mo10_U90_27
"{""Ti"": 0.072223, ""U"": 0.864628, ""V"": 0.063149}",0.122981,,NFM-1540-PathB-Star-xingyi,PBE,DFT-SR-PBE-BCC-Ti7_U86_V6_369
"{""Fe"": 0.010015, ""U"": 0.989985}",-0.017826,,NFM-1540-PathB-Star-xingyi,PBE,DFT-SR-PBE-BCC-Fe1_U99_211
"{""Cr"": 0.052816, ""Mn"": 0.013775, ""U"": 0.933409}",0.316454,,NFM-1540-PathB-Star-xingyi,PBE,DFT-SR-PBE-BCC-Cr5_Mn1_U93_6
"{""U"": 20, ""Zr"": 80.0}",0.220210,,NFM-1540-PathB-Star-xingyi,PBE,DFT-SR-PBE-BCC-U2000_Zr8000_345
"{""Cr"": 0.084381, ""U"": 0.915619}",0.310195,,NFM-1540-PathB-Star-xingyi,PBE,DFT-SR-PBE-BCC-Cr8_U92_203
"{""Ru"": 0.018857, ""U"": 0.981143}",-1.822919,,NFM-1540-PathB-Star-xingyi,PBE,DFT-SR-PBE-BCC-Ru2_U98_197
"{""Mo"": 0.149101, ""U"": 0.850899}",0.200718,,NFM-1540-PathB-Star-xingyi,PBE,DFT-SR-PBE-BCC-Mo15_U85_251
"{""Ti"": 0.048499, ""U"": 0.951501}",0.107966,,NFM-1540-PathB-Star-xingyi,PBE,DFT-SR-PBE-BCC-Ti5_U95_212
"{""Ru"": 0.044738999999999994, ""U"": 0.955261}",-1.827647,,NFM-1540-PathB-Star-xingyi,PBE,DFT-SR-PBE-BCC-Ru4_U96_373
"{""Fe"": 0.019906, ""U"": 0.980094}",-0.024431,,NFM-1540-PathB-Star-xingyi,PBE,DFT-SR-PBE-BCC-Fe2_U98_109
"{""Mn"": 0.022747, ""U"": 0.977253}",-0.045621,,NFM-1540-PathB-Star-xingyi,PBE,DFT-SR-PBE-BCC-Mn2_U98_92
"{""Mn"": 0.014087, ""U"": 0.985913}",-0.043369,,NFM-1540-PathB-Star-xingyi,PBE,DFT-SR-PBE-BCC-Mn1_U99_345
"{""Nb"": 0.057229, ""U"": 0.942771}",0.272255,,NFM-1540-PathB-Star-xingyi,PBE,DFT-SR-PBE-BCC-Nb6_U94_39
"{""Cr"": 0.088107, ""Mn"": 0.05398, ""U"": 0.857914}",0.302637,,NFM-1540-PathB-Star-xingyi,PBE,DFT-SR-PBE-BCC-Cr9_Mn5_U86_97
"{""Si"": 0.014501, ""Ti"": 0.053901, ""U"": 0.931598}",0.110273,,NFM-1540-PathB-Star-xingyi,PBE,DFT-SR-PBE-BCC-Si1_Ti5_U93_276
"{""Ti"": 33.3, ""U"": 66.7}",0.129824,,NFM-1540-PathB-Star-xingyi,PBE,DFT-SR-PBE-BCC-Ti3330_U6670_219
"{""Ti"": 0.087519, ""U"": 0.912481}",0.110157,,NFM-1540-PathB-Star-xingyi,PBE,DFT-SR-PBE-BCC-Ti9_U91_136
"{""Mn"": 0.035623, ""U"": 0.964377}",-0.048812,,NFM-1540-PathB-Star-xingyi,PBE,DFT-SR-PBE-BCC-Mn4_U96_55
"{""Mn"": 0.056327, ""U"": 0.943673}",-0.053717,,NFM-1540-PathB-Star-xingyi,PBE,DFT-SR-PBE-BCC-Mn6_U94_255
"{""Nb"": 0.070583, ""U"": 0.9294169999999999}",0.273486,,NFM-1540-PathB-Star-xingyi,PBE,DFT-SR-PBE-BCC-Nb7_U93_96
"{""Cr"": 0.052688000000000006, ""U"": 0.947312}",0.319053,,NFM-1540-PathB-Star-xingyi,PBE,DFT-SR-PBE-BCC-Cr5_U95_173
"{""Nb"": 0.042416, ""Ru"": 0.052634, ""U"": 0.90495}",-1.830844,,NFM-1540-PathB-Star-xingyi,PBE,DFT-SR-PBE-BCC-Nb4_Ru5_U90_254
"{""Ti"": 0.032464, ""U"": 0.967536}",0.107123,,NFM-1540-PathB-Star-xingyi,PBE,DFT-SR-PBE-BCC-Ti3_U97_136
"{""Ru"": 0.035734, ""U"": 0.964266}",-1.826069,,NFM-1540-PathB-Star-xingyi,PBE,DFT-SR-PBE-BCC-Ru4_U96_229
"{""U"": 0.928692, ""V"": 0.071308}",0.325060,,NFM-1540-PathB-Star-xingyi,PBE,DFT-SR-PBE-BCC-U93_V7_123
"{""Fe"": 0.054985, ""U"": 0.945015}",-0.046500,,NFM-1540-PathB-Star-xingyi,PBE,DFT-SR-PBE-BCC-Fe5_U95_42
"{""U"": 0.79548, ""V"": 0.073763, ""Zr"": 0.130757}",0.369386,,NFM-1540-PathB-Star-xingyi,PBE,DFT-SR-PBE-BCC-U80_V7_Zr13_109
"{""Mo"": 0.126202, ""U"": 0.751116, ""Zr"": 0.122682}",0.200534,,NFM-1540-PathB-Star-xingyi,PBE,DFT-SR-PBE-BCC-Mo13_U75_Zr12_268
"{""Cr"": 0.064257, ""U"": 0.935743}",0.471678,,NFM-1540-PathB-Star-xingyi,PBE,DFT-SR-PBE-BCC-Cr6_U94_354
"{""Mo"": 0.138197, ""Nb"": 0.153148, ""U"": 0.708655}",0.326026,,NFM-1540-PathB-Star-xingyi,PBE,DFT-SR-PBE-BCC-Mo14_Nb15_U71_227
"{""U"": 0.968037, ""V"": 0.031963}",0.332721,,NFM-1540-PathB-Star-xingyi,PBE,DFT-SR-PBE-BCC-U97_V3_312
"{""Ru"": 0.027592000000000002, ""Ti"": 0.116138, ""U"": 0.85627}",0.117443,,NFM-1540-PathB-Star-xingyi,PBE,DFT-SR-PBE-BCC-Ru3_Ti12_U86_270
"{""Al"": 0.021412999999999998, ""U"": 0.978587}",-0.176938,,NFM-1540-PathB-Star-xingyi,PBE,DFT-SR-PBE-BCC-Al2_U98_33
"{""Cr"": 0.071953, ""U"": 0.928047}",0.466583,,NFM-1540-PathB-Star-xingyi,PBE,DFT-SR-PBE-BCC-Cr7_U93_137
"{""Ru"": 0.074211, ""U"": 0.871213, ""V"": 0.054576}",-1.833667,,NFM-1540-PathB-Star-xingyi,PBE,DFT-SR-PBE-BCC-Ru7_U87_V5_74
"{""Mn"": 0.037086, ""U"": 0.962914}",-0.049159,,NFM-1540-PathB-Star-xingyi,PBE,DFT-SR-PBE-BCC-Mn4_U96_141
"{""Mo"": 0.046343, ""U"": 0.953657}",0.202725,,NFM-1540-PathB-Star-xingyi,PBE,DFT-SR-PBE-BCC-Mo5_U95_70
"{""Ti"": 0.056167999999999996, ""U"": 0.825211, ""Zr"": 0.118621}",0.324745,,NFM-1540-PathB-Star-xingyi,PBE,DFT-SR-PBE-BCC-Ti6_U83_Zr12_246
"{""Mn"": 0.039699, ""U"": 0.960301}",-0.049621,,NFM-1540-PathB-Star-xingyi,PBE,DFT-SR-PBE-BCC-Mn4_U96_367
"{""Al"": 0.018612, ""U"": 0.918119, ""V"": 0.063269}",0.324462,,NFM-1540-PathB-Star-xingyi,PBE,DFT-SR-PBE-BCC-Al2_U92_V6_170
"{""Ta"": 0.043341000000000005, ""Ti"": 0.106127, ""U"": 0.8505320000000001}",0.114368,,NFM-1540-PathB-Star-xingyi,PBE,DFT-SR-PBE-BCC-Ta4_Ti11_U85_96
"{""Al"": 0.023413, ""U"": 0.976587}",-0.176381,,NFM-1540-PathB-Star-xingyi,PBE,DFT-SR-PBE-BCC-Al2_U98_116
"{""Mo"": 0.035, ""U"": 0.965}",0.203725,,NFM-1540-PathB-Star-xingyi,PBE,DFT-SR-PBE-BCC-Mo4_U96_11
"{""Ru"": 0.060433, ""U"": 0.939567}",-1.829749,,NFM-1540-PathB-Star-xingyi,PBE,DFT-SR-PBE-BCC-Ru6_U94_280
"{""Mn"": 0.026896, ""U"": 0.973104}",-0.046628,,NFM-1540-PathB-Star-xingyi,PBE,DFT-SR-PBE-BCC-Mn3_U97_287
"{""Fe"": 0.021444, ""Mn"": 0.033106000000000003, ""U"": 0.94545}",-0.056513,,NFM-1540-PathB-Star-xingyi,PBE,DFT-SR-PBE-BCC-Fe2_Mn3_U95_319
"{""Mo"": 0.105277, ""U"": 0.894723}",0.200221,,NFM-1540-PathB-Star-xingyi,PBE,DFT-SR-PBE-BCC-Mo11_U89_320
"{""Nb"": 0.051000000000000004, ""U"": 0.949}",0.271724,,NFM-1540-PathB-Star-xingyi,PBE,DFT-SR-PBE-BCC-Nb5_U95_12
"{""Nb"": 0.110968, ""Ta"": 0.092826, ""U"": 0.796206}",0.288466,,NFM-1540-PathB-Star-xingyi,PBE,DFT-SR-PBE-BCC-Nb11_Ta9_U80_212
"{""Fe"": 0.055026, ""U"": 0.944974}",-0.046500,,NFM-1540-PathB-Star-xingyi,PBE,DFT-SR-PBE-BCC-Fe6_U94_144
"{""Mn"": 0.053954, ""Nb"": 0.131199, ""U"": 0.814847}",0.295943,,NFM-1540-PathB-Star-xingyi,PBE,DFT-SR-PBE-BCC-Mn5_Nb13_U81_281
"{""Nb"": 0.146484, ""U"": 0.8535159999999999}",0.281378,,NFM-1540-PathB-Star-xingyi,PBE,DFT-SR-PBE-BCC-Nb15_U85_126
"{""Mn"": 0.02188, ""U"": 0.97812}",-0.045404,,NFM-1540-PathB-Star-xingyi,PBE,DFT-SR-PBE-BCC-Mn2_U98_238
"{""Fe"": 0.021444, ""Mn"": 0.025106, ""U"": 0.95345}",-0.054547,,NFM-1540-PathB-Star-xingyi,PBE,DFT-SR-PBE-BCC-Fe2_Mn3_U95_224
"{""Mo"": 0.024999999999999998, ""U"": 0.975}",0.204657,,NFM-1540-PathB-Star-xingyi,PBE,DFT-SR-PBE-BCC-Mo2_U98_212
"{""Al"": 0.017058, ""Nb"": 0.038828, ""U"": 0.944114}",0.273030,,NFM-1540-PathB-Star-xingyi,PBE,DFT-SR-PBE-BCC-Al2_Nb4_U94_345
"{""U"": 0.893869, ""Zr"": 0.106131}",0.312118,,NFM-1540-PathB-Star-xingyi,PBE,DFT-SR-PBE-BCC-U89_Zr11_302
"{""Fe"": 0.031203, ""Ru"": 0.072007, ""U"": 0.89679}",-1.833851,,NFM-1540-PathB-Star-xingyi,PBE,DFT-SR-PBE-BCC-Fe3_Ru7_U90_279
"{""U"": 0.980914, ""V"": 0.019086000000000002}",0.338755,,NFM-1540-PathB-Star-xingyi,PBE,DFT-SR-PBE-BCC-U98_V2_229
"{""Fe"": 0.03986, ""Mo"": 0.149364, ""U"": 0.8107759999999999}",0.206283,,NFM-1540-PathB-Star-xingyi,PBE,DFT-SR-PBE-BCC-Fe4_Mo15_U81_338
"{""Mn"": 0.036118, ""U"": 0.963882}",-0.048887,,NFM-1540-PathB-Star-xingyi,PBE,DFT-SR-PBE-BCC-Mn4_U96_9
"{""Mn"": 0.025348, ""U"": 0.908087, ""Zr"": 0.066565}",0.335752,,NFM-1540-PathB-Star-xingyi,PBE,DFT-SR-PBE-BCC-Mn3_U91_Zr7_300
"{""Al"": 0.016907, ""Cr"": 0.067274, ""U"": 0.9158189999999999}",0.312760,,NFM-1540-PathB-Star-xingyi,PBE,DFT-SR-PBE-BCC-Al2_Cr7_U92_259
"{""U"": 0.9299999999999999, ""V"": 0.07}",0.325326,,NFM-1540-PathB-Star-xingyi,PBE,DFT-SR-PBE-BCC-U93_V7_109
"{""U"": 0.8734770000000001, ""Zr"": 0.126523}",0.308866,,NFM-1540-PathB-Star-xingyi,PBE,DFT-SR-PBE-BCC-U87_Zr13_102
"{""Mo"": 0.070966, ""Ru"": 0.071923, ""U"": 0.857111}",-1.833865,,NFM-1540-PathB-Star-xingyi,PBE,DFT-SR-PBE-BCC-Mo7_Ru7_U86_145
"{""Mo"": 0.149301, ""U"": 0.850699}",0.200745,,NFM-1540-PathB-Star-xingyi,PBE,DFT-SR-PBE-BCC-Mo15_U85_133
"{""Cr"": 0.07881, ""U"": 0.8586659999999999, ""Zr"": 0.062524}",0.468528,,NFM-1540-PathB-Star-xingyi,PBE,DFT-SR-PBE-BCC-Cr8_U86_Zr6_181
"{""Mo"": 0.14436, ""U"": 0.830043, ""V"": 0.025597}",0.202269,,NFM-1540-PathB-Star-xingyi,PBE,DFT-SR-PBE-BCC-Mo14_U83_V3_243
"{""Mn"": 0.051834, ""U"": 0.948166}",-0.052649,,NFM-1540-PathB-Star-xingyi,PBE,DFT-SR-PBE-BCC-Mn5_U95_295
"{""Ti"": 0.062168, ""U"": 0.819211, ""Zr"": 0.118621}",0.326268,,NFM-1540-PathB-Star-xingyi,PBE,DFT-SR-PBE-BCC-Ti6_U82_Zr12_335
"{""Si"": 0.01497, ""U"": 0.98503}",-0.720742,,NFM-1540-PathB-Star-xingyi,PBE,DFT-SR-PBE-BCC-Si1_U99_110
"{""Al"": 0.032529, ""U"": 0.967471}",-0.171680,,NFM-1540-PathB-Star-xingyi,PBE,DFT-SR-PBE-BCC-Al3_U97_371
"{""Fe"": 0.049, ""U"": 0.951}",-0.042895,,NFM-1540-PathB-Star-xingyi,PBE,DFT-SR-PBE-BCC-Fe5_U95_320
"{""Mn"": 0.016562, ""U"": 0.983438}",-0.043832,,NFM-1540-PathB-Star-xingyi,PBE,DFT-SR-PBE-BCC-Mn2_U98_336
"{""Fe"": 0.039779999999999996, ""U"": 0.96022}",-0.037296,,NFM-1540-PathB-Star-xingyi,PBE,DFT-SR-PBE-BCC-Fe4_U96_315
"{""Cr"": 0.06698799999999999, ""U"": 0.933012}",0.469800,,NFM-1540-PathB-Star-xingyi,PBE,DFT-SR-PBE-BCC-Cr7_U93_181
"{""Mn"": 0.033216999999999997, ""U"": 0.966783}",-0.048186,,NFM-1540-PathB-Star-xingyi,PBE,DFT-SR-PBE-BCC-Mn3_U97_81
"{""Nb"": 0.149484, ""U"": 0.850516}",0.281691,,NFM-1540-PathB-Star-xingyi,PBE,DFT-SR-PBE-BCC-Nb15_U85_292
"{""Nb"": 0.074496, ""U"": 0.925504}",0.273847,,NFM-1540-PathB-Star-xingyi,PBE,DFT-SR-PBE-BCC-Nb7_U93_316
"{""Mo"": 0.133794, ""U"": 0.866206}",0.200364,,NFM-1540-PathB-Star-xingyi,PBE,DFT-SR-PBE-BCC-Mo13_U87_171
"{""Fe"": 0.040885, ""U"": 0.875018, ""Zr"": 0.084097}",0.362739,,NFM-1540-PathB-Star-xingyi,PBE,DFT-SR-PBE-BCC-Fe4_U88_Zr8_315
"{""U"": 0.867999, ""Zr"": 0.132001}",0.307982,,NFM-1540-PathB-Star-xingyi,PBE,DFT-SR-PBE-BCC-U87_Zr13_367
"{""Al"": 0.024236, ""U"": 0.975764}",-0.176156,,NFM-1540-PathB-Star-xingyi,PBE,DFT-SR-PBE-BCC-Al2_U98_311
"{""U"": 0.850325, ""Zr"": 0.149675}",0.305118,,NFM-1540-PathB-Star-xingyi,PBE,DFT-SR-PBE-BCC-U85_Zr15_294
"{""Mo"": 0.150428, ""U"": 0.849572}",0.200772,,NFM-1540-PathB-Star-xingyi,PBE,DFT-SR-PBE-BCC-Mo15_U85_66
"{""Al"": 0.016089, ""U"": 0.983911}",-0.178265,,NFM-1540-PathB-Star-xingyi,PBE,DFT-SR-PBE-BCC-Al2_U98_363
"{""Fe"": 0.012722, ""Ti"": 0.06952, ""U"": 0.917758}",0.112273,,NFM-1540-PathB-Star-xingyi,PBE,DFT-SR-PBE-BCC-Fe1_Ti7_U92_189
"{""Mn"": 0.032641, ""U"": 0.967359}",-0.048036,,NFM-1540-PathB-Star-xingyi,PBE,DFT-SR-PBE-BCC-Mn3_U97_143
"{""Mo"": 0.14530099999999999, ""U"": 0.854699}",0.200609,,NFM-1540-PathB-Star-xingyi,PBE,DFT-SR-PBE-BCC-Mo15_U85_156
"{""U"": 0.972914, ""V"": 0.027086000000000002}",0.336653,,NFM-1540-PathB-Star-xingyi,PBE,DFT-SR-PBE-BCC-U97_V3_333
"{""Mo"": 9.0, ""U"": 85, ""Zr"": 6.0}",0.201208,,NFM-1540-PathB-Star-xingyi,PBE,DFT-SR-PBE-BCC-Mo900_U8500_Zr600_334
"{""Ti"": 0.036635999999999995, ""U"": 0.917631, ""Zr"": 0.045733}",0.332044,,NFM-1540-PathB-Star-xingyi,PBE,DFT-SR-PBE-BCC-Ti4_U92_Zr5_115
"{""Ru"": 0.026473, ""U"": 0.973527}",-1.824490,,NFM-1540-PathB-Star-xingyi,PBE,DFT-SR-PBE-BCC-Ru3_U97_264
"{""Ti"": 0.047, ""U"": 0.953}",0.107892,,NFM-1540-PathB-Star-xingyi,PBE,DFT-SR-PBE-BCC-Ti5_U95_189
"{""Mo"": 35.0, ""U"": 65}",0.230474,,NFM-1540-PathB-Star-xingyi,PBE,DFT-SR-PBE-BCC-Mo3500_U6500_314
"{""Mo"": 6.8, ""Ti"": 38.2, ""U"": 55}",0.153417,,NFM-1540-PathB-Star-xingyi,PBE,DFT-SR-PBE-BCC-Mo680_Ti3820_U5500_363
"{""Si"": 0.015813, ""U"": 0.984187}",-0.720606,,NFM-1540-PathB-Star-xingyi,PBE,DFT-SR-PBE-BCC-Si2_U98_335
"{""Cr"": 0.028966, ""Mn"": 0.01108, ""U"": 0.959954}",0.324577,,NFM-1540-PathB-Star-xingyi,PBE,DFT-SR-PBE-BCC-Cr3_Mn1_U96_323
"{""Ti"": 0.091312, ""U"": 0.885385, ""V"": 0.023303}",0.114946,,NFM-1540-PathB-Star-xingyi,PBE,DFT-SR-PBE-BCC-Ti9_U89_V2_23
"{""Si"": 0.012362000000000001, ""U"": 0.9554590000000001, ""Zr"": 0.032179}",0.332813,,NFM-1540-PathB-Star-xingyi,PBE,DFT-SR-PBE-BCC-Si1_U96_Zr3_230
"{""Mn"": 0.017246, ""Mo"": 0.111037, ""U"": 0.871718}",0.200283,,NFM-1540-PathB-Star-xingyi,PBE,DFT-SR-PBE-BCC-Mn2_Mo11_U87_153
"{""Cr"": 0.049937, ""U"": 0.950063}",0.481440,,NFM-1540-PathB-Star-xingyi,PBE,DFT-SR-PBE-BCC-Cr5_U95_322
"{""Mo"": 0.053000000000000005, ""U"": 0.947}",0.202317,,NFM-1540-PathB-Star-xingyi,PBE,DFT-SR-PBE-BCC-Mo5_U95_39
"{""Cr"": 0.067617, ""Mn"": 0.035834, ""U"": 0.896549}",0.308930,,NFM-1540-PathB-Star-xingyi,PBE,DFT-SR-PBE-BCC-Cr7_Mn4_U90_115
"{""Al"": 0.019607, ""Mn"": 0.047404, ""U"": 0.932989}",-0.054615,,NFM-1540-PathB-Star-xingyi,PBE,DFT-SR-PBE-BCC-Al2_Mn5_U93_213
"{""Ru"": 0.065225, ""U"": 0.934775}",-1.830470,,NFM-1540-PathB-Star-xingyi,PBE,DFT-SR-PBE-BCC-Ru7_U93_147
"{""Cr"": 0.05211, ""U"": 0.94789}",0.479957,,NFM-1540-PathB-Star-xingyi,PBE,DFT-SR-PBE-BCC-Cr5_U95_149
"{""Mn"": 0.050195, ""U"": 0.949805}",-0.052145,,NFM-1540-PathB-Star-xingyi,PBE,DFT-SR-PBE-BCC-Mn5_U95_190
"{""U"": 0.903266, ""Zr"": 0.096734}",0.313758,,NFM-1540-PathB-Star-xingyi,PBE,DFT-SR-PBE-BCC-U90_Zr10_112
"{""Mo"": 0.021, ""U"": 0.979}",0.205065,,NFM-1540-PathB-Star-xingyi,PBE,DFT-SR-PBE-BCC-Mo2_U98_4
"{""Nb"": 0.061181000000000006, ""U"": 0.938819}",0.272609,,NFM-1540-PathB-Star-xingyi,PBE,DFT-SR-PBE-BCC-Nb6_U94_356
"{""Ti"": 0.036899, ""U"": 0.9202980000000001, ""V"": 0.042803}",0.328959,,NFM-1540-PathB-Star-xingyi,PBE,DFT-SR-PBE-BCC-Ti4_U92_V4_113
"{""Ta"": 0.021414, ""U"": 0.919349, ""Zr"": 0.059237}",0.326078,,NFM-1540-PathB-Star-xingyi,PBE,DFT-SR-PBE-BCC-Ta2_U92_Zr6_376
"{""Ti"": 0.040178, ""U"": 0.959822}",0.107531,,NFM-1540-PathB-Star-xingyi,PBE,DFT-SR-PBE-BCC-Ti4_U96_170
"{""Nb"": 0.09991, ""U"": 0.9000900000000001}",0.276071,,NFM-1540-PathB-Star-xingyi,PBE,DFT-SR-PBE-BCC-Nb10_U90_295
"{""Ru"": 0.075197, ""U"": 0.924803}",-1.831409,,NFM-1540-PathB-Star-xingyi,PBE,DFT-SR-PBE-BCC-Ru8_U92_316
"{""U"": 0.963, ""Zr"": 0.037}",0.323799,,NFM-1540-PathB-Star-xingyi,PBE,DFT-SR-PBE-BCC-U96_Zr4_317
"{""Ru"": 0.064464, ""U"": 0.935536}",-1.830157,,NFM-1540-PathB-Star-xingyi,PBE,DFT-SR-PBE-BCC-Ru6_U94_325
"{""U"": 0.8617859999999999, ""Zr"": 0.138214}",0.307077,,NFM-1540-PathB-Star-xingyi,PBE,DFT-SR-PBE-BCC-U86_Zr14_232
"{""Nb"": 0.095844, ""U"": 0.904156}",0.275663,,NFM-1540-PathB-Star-xingyi,PBE,DFT-SR-PBE-BCC-Nb10_U90_234
"{""Cr"": 0.092681, ""Fe"": 0.013932, ""U"": 0.893387}",0.305229,,NFM-1540-PathB-Star-xingyi,PBE,DFT-SR-PBE-BCC-Cr9_Fe1_U89_33
"{""Al"": 0.020512000000000002, ""U"": 0.979488}",-0.177163,,NFM-1540-PathB-Star-xingyi,PBE,DFT-SR-PBE-BCC-Al2_U98_193
"{""Ti"": 0.092866, ""U"": 0.907134}",0.110443,,NFM-1540-PathB-Star-xingyi,PBE,DFT-SR-PBE-BCC-Ti9_U91_368
"{""Ti"": 0.073223, ""U"": 0.863628, ""V"": 0.063149}",0.123110,,NFM-1540-PathB-Star-xingyi,PBE,DFT-SR-PBE-BCC-Ti7_U86_V6_242
"{""U"": 0.957971, ""Zr"": 0.042029}",0.322881,,NFM-1540-PathB-Star-xingyi,PBE,DFT-SR-PBE-BCC-U96_Zr4_84
"{""Mo"": 0.108277, ""U"": 0.891723}",0.200187,,NFM-1540-PathB-Star-xingyi,PBE,DFT-SR-PBE-BCC-Mo11_U89_195
"{""U"": 0.9551499999999999, ""Zr"": 0.04485}",0.322479,,NFM-1540-PathB-Star-xingyi,PBE,DFT-SR-PBE-BCC-U96_Zr4_137
"{""Ti"": 0.07822, ""U"": 0.92178}",0.109606,,NFM-1540-PathB-Star-xingyi,PBE,DFT-SR-PBE-BCC-Ti8_U92_177
"{""Ru"": 0.072188, ""U"": 0.927812}",-1.831116,,NFM-1540-PathB-Star-xingyi,PBE,DFT-SR-PBE-BCC-Ru7_U93_132
"{""Mo"": 0.127328, ""U"": 0.872672}",0.200228,,NFM-1540-PathB-Star-xingyi,PBE,DFT-SR-PBE-BCC-Mo13_U87_381
"{""Mn"": 0.017274, ""Ru"": 0.025629, ""U"": 0.957097}",-1.826973,,NFM-1540-PathB-Star-xingyi,PBE,DFT-SR-PBE-BCC-Mn2_Ru3_U96_115
"{""Al"": 0.024642, ""U"": 0.975358}",-0.176047,,NFM-1540-PathB-Star-xingyi,PBE,DFT-SR-PBE-BCC-Al2_U98_299
"{""U"": 0.891869, ""Zr"": 0.108131}",0.311935,,NFM-1540-PathB-Star-xingyi,PBE,DFT-SR-PBE-BCC-U89_Zr11_273
"{""Fe"": 0.026667, ""U"": 0.973333}",-0.028962,,NFM-1540-PathB-Star-xingyi,PBE,DFT-SR-PBE-BCC-Fe3_U97_274
"{""Cr"": 0.06928300000000001, ""U"": 0.889362, ""V"": 0.041355}",0.306658,,NFM-1540-PathB-Star-xingyi,PBE,DFT-SR-PBE-BCC-Cr7_U89_V4_269
"{""Nb"": 0.033, ""U"": 0.967}",0.270126,,NFM-1540-PathB-Star-xingyi,PBE,DFT-SR-PBE-BCC-Nb3_U97_360
"{""Mn"": 0.046195, ""U"": 0.953805}",-0.048438,,NFM-1540-PathB-Star-xingyi,PBE,DFT-SR-PBE-BCC-Mn5_U95_350
"{""Fe"": 0.037839000000000005, ""U"": 0.962161}",-0.035996,,NFM-1540-PathB-Star-xingyi,PBE,DFT-SR-PBE-BCC-Fe4_U96_306
"{""Nb"": 0.106052, ""U"": 0.745131, ""Zr"": 0.148817}",0.334976,,NFM-1540-PathB-Star-xingyi,PBE,DFT-SR-PBE-BCC-Nb11_U75_Zr15_179
"{""Ti"": 0.036899, ""U"": 0.912298, ""V"": 0.050803}",0.326904,,NFM-1540-PathB-Star-xingyi,PBE,DFT-SR-PBE-BCC-Ti4_U91_V5_374
"{""Al"": 0.031918, ""Nb"": 0.059232, ""U"": 0.9088499999999999}",0.277357,,NFM-1540-PathB-Star-xingyi,PBE,DFT-SR-PBE-BCC-Al3_Nb6_U91_57
"{""Ru"": 0.0697, ""U"": 0.834584, ""Zr"": 0.095716}",0.369604,,NFM-1540-PathB-Star-xingyi,PBE,DFT-SR-PBE-BCC-Ru7_U83_Zr10_57
"{""Nb"": 0.11103199999999999, ""U"": 0.888968}",0.277500,,NFM-1540-PathB-Star-xingyi,PBE,DFT-SR-PBE-BCC-Nb11_U89_98
"{""Al"": 0.01551, ""U"": 0.98449}",-0.173244,,NFM-1540-PathB-Star-xingyi,PBE,DFT-SR-PBE-BCC-Al2_U98_113
"{""Mo"": 28.0, ""U"": 65, ""Zr"": 7.0}",0.210705,,NFM-1540-PathB-Star-xingyi,PBE,DFT-SR-PBE-BCC-Mo2800_U6500_Zr700_327
"{""Mo"": 0.080425, ""U"": 0.919575}",0.200847,,NFM-1540-PathB-Star-xingyi,PBE,DFT-SR-PBE-BCC-Mo8_U92_262
"{""Nb"": 0.113251, ""Si"": 0.008997, ""U"": 0.877752}",0.279949,,NFM-1540-PathB-Star-xingyi,PBE,DFT-SR-PBE-BCC-Nb11_Si1_U88_123
"{""Ti"": 0.088519, ""U"": 0.911481}",0.110191,,NFM-1540-PathB-Star-xingyi,PBE,DFT-SR-PBE-BCC-Ti9_U91_190
"{""Ru"": 0.023857, ""U"": 0.976143}",-1.823851,,NFM-1540-PathB-Star-xingyi,PBE,DFT-SR-PBE-BCC-Ru2_U98_100
"{""Ru"": 0.029797, ""U"": 0.970203}",-1.824864,,NFM-1540-PathB-Star-xingyi,PBE,DFT-SR-PBE-BCC-Ru3_U97_206
"{""U"": 0.928914, ""V"": 0.071086}",0.325060,,NFM-1540-PathB-Star-xingyi,PBE,DFT-SR-PBE-BCC-U93_V7_314
"{""Mn"": 0.037531, ""Nb"": 0.052469, ""U"": 0.91}",0.280623,,NFM-1540-PathB-Star-xingyi,PBE,DFT-SR-PBE-BCC-Mn4_Nb5_U91_17
"{""Ti"": 0.092791, ""U"": 0.907209}",0.110443,,NFM-1540-PathB-Star-xingyi,PBE,DFT-SR-PBE-BCC-Ti9_U91_113
"{""Al"": 0.032101, ""U"": 0.967899}",-0.171795,,NFM-1540-PathB-Star-xingyi,PBE,DFT-SR-PBE-BCC-Al3_U97_71
"{""Mo"": 0.107378, ""U"": 0.892622}",0.200160,,NFM-1540-PathB-Star-xingyi,PBE,DFT-SR-PBE-BCC-Mo11_U89_296
"{""Ti"": 0.10893699999999999, ""U"": 0.891063}",0.111456,,NFM-1540-PathB-Star-xingyi,PBE,DFT-SR-PBE-BCC-Ti11_U89_165
"{""Si"": 0.006249, ""U"": 0.903207, ""Zr"": 0.090544}",0.318738,,NFM-1540-PathB-Star-xingyi,PBE,DFT-SR-PBE-BCC-Si1_U90_Zr9_133
"{""U"": 0.909911, ""Zr"": 0.090089}",0.314860,,NFM-1540-PathB-Star-xingyi,PBE,DFT-SR-PBE-BCC-U91_Zr9_203
"{""Mo"": 0.1268, ""U"": 0.8732}",0.200221,,NFM-1540-PathB-Star-xingyi,PBE,DFT-SR-PBE-BCC-Mo13_U87_83
"{""Ti"": 0.094692, ""U"": 0.905308}",0.110586,,NFM-1540-PathB-Star-xingyi,PBE,DFT-SR-PBE-BCC-Ti9_U91_327
"{""Mn"": 0.022544, ""U"": 0.977456}",-0.045546,,NFM-1540-PathB-Star-xingyi,PBE,DFT-SR-PBE-BCC-Mn2_U98_121
"{""Fe"": 0.040885, ""U"": 0.877018, ""Zr"": 0.082097}",0.363182,,NFM-1540-PathB-Star-xingyi,PBE,DFT-SR-PBE-BCC-Fe4_U88_Zr8_30
"{""Mo"": 0.099, ""U"": 0.901}",0.200310,,NFM-1540-PathB-Star-xingyi,PBE,DFT-SR-PBE-BCC-Mo10_U90_24
"{""U"": 0.860325, ""Zr"": 0.139675}",0.306723,,NFM-1540-PathB-Star-xingyi,PBE,DFT-SR-PBE-BCC-U86_Zr14_194
"{""Cr"": 0.045172000000000004, ""Mn"": 0.046527, ""U"": 0.908301}",-0.067221,,NFM-1540-PathB-Star-xingyi,PBE,DFT-SR-PBE-BCC-Cr5_Mn5_U91_162
"{""Cr"": 0.035715, ""U"": 0.9642850000000001}",0.324577,,NFM-1540-PathB-Star-xingyi,PBE,DFT-SR-PBE-BCC-Cr4_U96_393
"{""Cr"": 0.03018, ""U"": 0.96982}",0.495944,,NFM-1540-PathB-Star-xingyi,PBE,DFT-SR-PBE-BCC-Cr3_U97_31
"{""Cr"": 0.02, ""U"": 0.98}",0.503747,,NFM-1540-PathB-Star-xingyi,PBE,DFT-SR-PBE-BCC-Cr2_U98_156
"{""Mo"": 0.052269, ""U"": 0.947731}",0.202364,,NFM-1540-PathB-Star-xingyi,PBE,DFT-SR-PBE-BCC-Mo5_U95_331
"{""U"": 0.94548, ""V"": 0.05452}",0.290549,,NFM-1540-PathB-Star-xingyi,PBE,DFT-SR-PBE-BCC-U95_V5_173
"{""Mn"": 0.055056, ""Ru"": 0.032046, ""U"": 0.912898}",-0.061397,,NFM-1540-PathB-Star-xingyi,PBE,DFT-SR-PBE-BCC-Mn6_Ru3_U91_290
"{""Cr"": 0.069241, ""Mn"": 0.045589, ""U"": 0.88517}",0.451113,,NFM-1540-PathB-Star-xingyi,PBE,DFT-SR-PBE-BCC-Cr7_Mn5_U89_22
"{""Ru"": 0.074188, ""U"": 0.925812}",-1.831314,,NFM-1540-PathB-Star-xingyi,PBE,DFT-SR-PBE-BCC-Ru7_U93_137
"{""Fe"": 0.019056, ""U"": 0.980944}",-0.023969,,NFM-1540-PathB-Star-xingyi,PBE,DFT-SR-PBE-BCC-Fe2_U98_270
"{""Cr"": 0.064216, ""Ti"": 0.105546, ""U"": 0.830238}",0.133444,,NFM-1540-PathB-Star-xingyi,PBE,DFT-SR-PBE-BCC-Cr6_Ti11_U83_41
"{""Ti"": 0.031498, ""U"": 0.929922, ""Zr"": 0.038579999999999996}",0.331847,,NFM-1540-PathB-Star-xingyi,PBE,DFT-SR-PBE-BCC-Ti3_U93_Zr4_140
"{""Ti"": 0.075922, ""U"": 0.803842, ""Zr"": 0.120236}",0.329718,,NFM-1540-PathB-Star-xingyi,PBE,DFT-SR-PBE-BCC-Ti8_U80_Zr12_199
"{""Nb"": 0.120037, ""Si"": 0.010615, ""U"": 0.869348}",0.281153,,NFM-1540-PathB-Star-xingyi,PBE,DFT-SR-PBE-BCC-Nb12_Si1_U87_182
"{""Nb"": 0.131, ""U"": 0.869}",0.279589,,NFM-1540-PathB-Star-xingyi,PBE,DFT-SR-PBE-BCC-Nb13_U87_136
"{""Cr"": 0.070401, ""Fe"": 0.052854, ""U"": 0.876745}",0.436690,,NFM-1540-PathB-Star-xingyi,PBE,DFT-SR-PBE-BCC-Cr7_Fe5_U88_173
"{""Nb"": 0.08534699999999999, ""U"": 0.914653}",0.274867,,NFM-1540-PathB-Star-xingyi,PBE,DFT-SR-PBE-BCC-Nb9_U91_65
"{""Cr"": 0.083614, ""U"": 0.916386}",0.310379,,NFM-1540-PathB-Star-xingyi,PBE,DFT-SR-PBE-BCC-Cr8_U92_319
"{""Fe"": 0.043023, ""Ti"": 0.04849, ""U"": 0.908487}",0.119967,,NFM-1540-PathB-Star-xingyi,PBE,DFT-SR-PBE-BCC-Fe4_Ti5_U91_175
"{""Cr"": 0.061916000000000006, ""Si"": 0.009933, ""U"": 0.928151}",0.469106,,NFM-1540-PathB-Star-xingyi,PBE,DFT-SR-PBE-BCC-Cr6_Si1_U93_68
"{""Fe"": 0.058026, ""U"": 0.941974}",-0.048323,,NFM-1540-PathB-Star-xingyi,PBE,DFT-SR-PBE-BCC-Fe6_U94_74
"{""Ta"": 0.027758, ""U"": 0.875894, ""Zr"": 0.096348}",0.321547,,NFM-1540-PathB-Star-xingyi,PBE,DFT-SR-PBE-BCC-Ta3_U88_Zr10_215
"{""Al"": 0.023531, ""U"": 0.976469}",-0.176381,,NFM-1540-PathB-Star-xingyi,PBE,DFT-SR-PBE-BCC-Al2_U98_206
"{""U"": 0.939284, ""Zr"": 0.060716}",0.319663,,NFM-1540-PathB-Star-xingyi,PBE,DFT-SR-PBE-BCC-U94_Zr6_344
"{""Mo"": 0.06067299999999999, ""Ru"": 0.037384, ""U"": 0.901943}",0.200174,,NFM-1540-PathB-Star-xingyi,PBE,DFT-SR-PBE-BCC-Mo6_Ru4_U90_260
"{""Mn"": 0.04622, ""Ru"": 0.036424, ""U"": 0.9173560000000001}",-0.060561,,NFM-1540-PathB-Star-xingyi,PBE,DFT-SR-PBE-BCC-Mn5_Ru4_U92_175
"{""Cr"": 0.07, ""U"": 0.9299999999999999}",0.467841,,NFM-1540-PathB-Star-xingyi,PBE,DFT-SR-PBE-BCC-Cr7_U93_214
"{""Mn"": 0.046834, ""U"": 0.953166}",-0.051336,,NFM-1540-PathB-Star-xingyi,PBE,DFT-SR-PBE-BCC-Mn5_U95_376
"{""Ni"": 0.04, ""U"": 0.96}",-0.245676,,NFM-1540-PathB-Star-xingyi,PBE,DFT-SR-PBE-BCC-Ni4_U96_166
"{""Nb"": 0.044161, ""U"": 0.955839}",0.271085,,NFM-1540-PathB-Star-xingyi,PBE,DFT-SR-PBE-BCC-Nb4_U96_75
"{""Cr"": 0.035571, ""U"": 0.964429}",0.491876,,NFM-1540-PathB-Star-xingyi,PBE,DFT-SR-PBE-BCC-Cr4_U96_293
"{""Fe"": 0.014979, ""U"": 0.9243129999999999, ""Zr"": 0.060708}",0.336337,,NFM-1540-PathB-Star-xingyi,PBE,DFT-SR-PBE-BCC-Fe1_U92_Zr6_139
"{""U"": 0.955971, ""Zr"": 0.044029}",0.322479,,NFM-1540-PathB-Star-xingyi,PBE,DFT-SR-PBE-BCC-U96_Zr4_193
"{""Mn"": 0.022945999999999998, ""U"": 0.977054}",-0.045621,,NFM-1540-PathB-Star-xingyi,PBE,DFT-SR-PBE-BCC-Mn2_U98_147
"{""Cr"": 0.067953, ""U"": 0.932047}",0.469215,,NFM-1540-PathB-Star-xingyi,PBE,DFT-SR-PBE-BCC-Cr7_U93_372
"{""Nb"": 0.095346, ""U"": 0.816875, ""Zr"": 0.087779}",0.270969,,NFM-1540-PathB-Star-xingyi,PBE,DFT-SR-PBE-BCC-Nb10_U82_Zr9_70
"{""Cr"": 0.09310700000000001, ""Mn"": 0.05398, ""U"": 0.852913}",0.301841,,NFM-1540-PathB-Star-xingyi,PBE,DFT-SR-PBE-BCC-Cr9_Mn5_U85_209
"{""Cr"": 0.074644, ""U"": 0.925356}",0.312712,,NFM-1540-PathB-Star-xingyi,PBE,DFT-SR-PBE-BCC-Cr7_U93_119
"{""Ti"": 0.097942, ""U"": 0.902058}",0.110742,,NFM-1540-PathB-Star-xingyi,PBE,DFT-SR-PBE-BCC-Ti10_U90_124
"{""Fe"": 0.055, ""U"": 0.945}",-0.046500,,NFM-1540-PathB-Star-xingyi,PBE,DFT-SR-PBE-BCC-Fe6_U94_257
"{""Si"": 0.016563, ""U"": 0.983437}",-0.720463,,NFM-1540-PathB-Star-xingyi,PBE,DFT-SR-PBE-BCC-Si2_U98_190
"{""Fe"": 0.037462, ""Ti"": 0.063534, ""U"": 0.899004}",0.119321,,NFM-1540-PathB-Star-xingyi,PBE,DFT-SR-PBE-BCC-Fe4_Ti6_U90_367
"{""Ti"": 0.093312, ""U"": 0.883385, ""V"": 0.023303}",0.115103,,NFM-1540-PathB-Star-xingyi,PBE,DFT-SR-PBE-BCC-Ti9_U88_V2_223
"{""Fe"": 0.018092, ""Mn"": 0.060071, ""U"": 0.921837}",-0.061037,,NFM-1540-PathB-Star-xingyi,PBE,DFT-SR-PBE-BCC-Fe2_Mn6_U92_230
"{""Cr"": 0.027204, ""U"": 0.972796}",0.327590,,NFM-1540-PathB-Star-xingyi,PBE,DFT-SR-PBE-BCC-Cr3_U97_234
"{""Nb"": 0.045000000000000005, ""U"": 0.955}",0.271200,,NFM-1540-PathB-Star-xingyi,PBE,DFT-SR-PBE-BCC-Nb5_U96_118
"{""Mn"": 0.019125, ""Nb"": 0.141871, ""U"": 0.839004}",0.286228,,NFM-1540-PathB-Star-xingyi,PBE,DFT-SR-PBE-BCC-Mn2_Nb14_U84_56
"{""Mn"": 0.046324000000000004, ""U"": 0.953676}",-0.048438,,NFM-1540-PathB-Star-xingyi,PBE,DFT-SR-PBE-BCC-Mn5_U95_192
"{""Ti"": 0.102958, ""U"": 0.897042}",0.111048,,NFM-1540-PathB-Star-xingyi,PBE,DFT-SR-PBE-BCC-Ti10_U90_173
"{""U"": 40, ""Zr"": 60.0}",0.242483,,NFM-1540-PathB-Star-xingyi,PBE,DFT-SR-PBE-BCC-U4000_Zr6000_308
"{""Fe"": 0.049611, ""U"": 0.950389}",-0.043310,,NFM-1540-PathB-Star-xingyi,PBE,DFT-SR-PBE-BCC-Fe5_U95_152
"{""Mo"": 0.046276000000000005, ""Ru"": 0.05569, ""U"": 0.898034}",-1.832681,,NFM-1540-PathB-Star-xingyi,PBE,DFT-SR-PBE-BCC-Mo5_Ru6_U90_271
"{""Mo"": 0.06959900000000001, ""U"": 0.930401}",0.201330,,NFM-1540-PathB-Star-xingyi,PBE,DFT-SR-PBE-BCC-Mo7_U93_52
"{""Al"": 0.032561, ""U"": 0.967439}",-0.171680,,NFM-1540-PathB-Star-xingyi,PBE,DFT-SR-PBE-BCC-Al3_U97_232
"{""U"": 0.96451, ""Zr"": 0.03549}",0.323989,,NFM-1540-PathB-Star-xingyi,PBE,DFT-SR-PBE-BCC-U96_Zr4_131
"{""Ti"": 0.090866, ""U"": 0.909134}",0.110313,,NFM-1540-PathB-Star-xingyi,PBE,DFT-SR-PBE-BCC-Ti9_U91_340
"{""Fe"": 0.017722, ""Ti"": 0.06952, ""U"": 0.912758}",0.113647,,NFM-1540-PathB-Star-xingyi,PBE,DFT-SR-PBE-BCC-Fe2_Ti7_U91_358
"{""Fe"": 0.034933, ""U"": 0.965067}",-0.034262,,NFM-1540-PathB-Star-xingyi,PBE,DFT-SR-PBE-BCC-Fe3_U97_199
"{""Ti"": 0.048178, ""U"": 0.951822}",0.107926,,NFM-1540-PathB-Star-xingyi,PBE,DFT-SR-PBE-BCC-Ti5_U95_303
"{""Ru"": 0.011892, ""U"": 0.988108}",-1.821306,,NFM-1540-PathB-Star-xingyi,PBE,DFT-SR-PBE-BCC-Ru1_U99_258
"{""Ru"": 0.031572, ""U"": 0.968428}",-1.825443,,NFM-1540-PathB-Star-xingyi,PBE,DFT-SR-PBE-BCC-Ru3_U97_380
"{""U"": 0.871425, ""Zr"": 0.128575}",0.308506,,NFM-1540-PathB-Star-xingyi,PBE,DFT-SR-PBE-BCC-U87_Zr13_100
"{""Cr"": 0.087208, ""U"": 0.912792}",0.309515,,NFM-1540-PathB-Star-xingyi,PBE,DFT-SR-PBE-BCC-Cr9_U91_392
"{""Al"": 0.030223, ""U"": 0.969777}",-0.174469,,NFM-1540-PathB-Star-xingyi,PBE,DFT-SR-PBE-BCC-Al3_U97_133
"{""Ti"": 0.037655, ""U"": 0.962345}",0.107409,,NFM-1540-PathB-Star-xingyi,PBE,DFT-SR-PBE-BCC-Ti4_U96_17
"{""Ru"": 0.044256000000000004, ""U"": 0.955744}",-1.827395,,NFM-1540-PathB-Star-xingyi,PBE,DFT-SR-PBE-BCC-Ru4_U96_169
"{""Mn"": 0.015341, ""U"": 0.984659}",-0.043716,,NFM-1540-PathB-Star-xingyi,PBE,DFT-SR-PBE-BCC-Mn2_U98_303
"{""Ru"": 0.0697, ""U"": 0.833583, ""Zr"": 0.096716}",0.369386,,NFM-1540-PathB-Star-xingyi,PBE,DFT-SR-PBE-BCC-Ru7_U83_Zr10_140
"{""Nb"": 0.069181, ""U"": 0.930819}",0.273350,,NFM-1540-PathB-Star-xingyi,PBE,DFT-SR-PBE-BCC-Nb7_U93_336
"{""U"": 0.887151, ""Zr"": 0.11284899999999999}",0.311030,,NFM-1540-PathB-Star-xingyi,PBE,DFT-SR-PBE-BCC-U89_Zr11_360
"{""Ta"": 0.021414, ""U"": 0.924349, ""Zr"": 0.054237}",0.326840,,NFM-1540-PathB-Star-xingyi,PBE,DFT-SR-PBE-BCC-Ta2_U92_Zr5_67
"{""Al"": 0.02042, ""Mo"": 0.047361, ""U"": 0.932219}",0.201657,,NFM-1540-PathB-Star-xingyi,PBE,DFT-SR-PBE-BCC-Al2_Mo5_U93_37
"{""Al"": 0.019797, ""Mo"": 0.046419, ""U"": 0.933784}",0.201738,,NFM-1540-PathB-Star-xingyi,PBE,DFT-SR-PBE-BCC-Al2_Mo5_U93_125
"{""Mo"": 30.0, ""U"": 70}",0.218215,,NFM-1540-PathB-Star-xingyi,PBE,DFT-SR-PBE-BCC-Mo3000_U7000_323
"{""Nb"": 0.121683, ""U"": 0.878317}",0.278643,,NFM-1540-PathB-Star-xingyi,PBE,DFT-SR-PBE-BCC-Nb12_U88_294
"{""Nb"": 0.09791, ""U"": 0.9020900000000001}",0.275874,,NFM-1540-PathB-Star-xingyi,PBE,DFT-SR-PBE-BCC-Nb10_U90_208
"{""Ti"": 0.10430299999999999, ""U"": 0.895697}",0.111137,,NFM-1540-PathB-Star-xingyi,PBE,DFT-SR-PBE-BCC-Ti10_U90_210
"{""Nb"": 0.132032, ""U"": 0.867968}",0.279731,,NFM-1540-PathB-Star-xingyi,PBE,DFT-SR-PBE-BCC-Nb13_U87_374
"{""Cr"": 0.075644, ""U"": 0.924356}",0.464222,,NFM-1540-PathB-Star-xingyi,PBE,DFT-SR-PBE-BCC-Cr8_U92_174
"{""Cr"": 0.076351, ""U"": 0.9236489999999999}",0.463766,,NFM-1540-PathB-Star-xingyi,PBE,DFT-SR-PBE-BCC-Cr8_U92_204
"{""Mn"": 0.051195, ""U"": 0.948805}",-0.052513,,NFM-1540-PathB-Star-xingyi,PBE,DFT-SR-PBE-BCC-Mn5_U95_48
"{""Ti"": 0.086519, ""U"": 0.913481}",0.110062,,NFM-1540-PathB-Star-xingyi,PBE,DFT-SR-PBE-BCC-Ti9_U91_393
"{""Si"": 0.009955, ""Ti"": 0.091642, ""U"": 0.898403}",0.111905,,NFM-1540-PathB-Star-xingyi,PBE,DFT-SR-PBE-BCC-Si1_Ti9_U90_175
"{""Cr"": 0.043362000000000005, ""U"": 0.956638}",0.322032,,NFM-1540-PathB-Star-xingyi,PBE,DFT-SR-PBE-BCC-Cr4_U96_331
"{""Al"": 0.029086, ""U"": 0.970914}",-0.172584,,NFM-1540-PathB-Star-xingyi,PBE,DFT-SR-PBE-BCC-Al3_U97_7
"{""Ru"": 0.051458, ""U"": 0.948542}",-1.828511,,NFM-1540-PathB-Star-xingyi,PBE,DFT-SR-PBE-BCC-Ru5_U95_295
"{""Mn"": 0.025348, ""U"": 0.907087, ""Zr"": 0.067565}",0.335561,,NFM-1540-PathB-Star-xingyi,PBE,DFT-SR-PBE-BCC-Mn3_U91_Zr7_32
"{""Nb"": 0.113032, ""U"": 0.886968}",0.277711,,NFM-1540-PathB-Star-xingyi,PBE,DFT-SR-PBE-BCC-Nb11_U89_282
"{""U"": 0.955, ""Zr"": 0.045}",0.322296,,NFM-1540-PathB-Star-xingyi,PBE,DFT-SR-PBE-BCC-U96_Zr4_177
"{""Nb"": 0.133032, ""U"": 0.866968}",0.279874,,NFM-1540-PathB-Star-xingyi,PBE,DFT-SR-PBE-BCC-Nb13_U87_210
"{""Cr"": 0.021, ""U"": 0.979}",0.502931,,NFM-1540-PathB-Star-xingyi,PBE,DFT-SR-PBE-BCC-Cr2_U98_313
"{""Al"": 0.027467, ""U"": 0.972533}",-0.170054,,NFM-1540-PathB-Star-xingyi,PBE,DFT-SR-PBE-BCC-Al3_U97_21
"{""Cr"": 0.095202, ""Nb"": 0.131559, ""U"": 0.773239}",0.339659,,NFM-1540-PathB-Star-xingyi,PBE,DFT-SR-PBE-BCC-Cr10_Nb13_U77_233
"{""Mo"": 0.142014, ""U"": 0.857986}",0.200521,,NFM-1540-PathB-Star-xingyi,PBE,DFT-SR-PBE-BCC-Mo14_U86_108
"{""Fe"": 0.02579, ""U"": 0.97421}",-0.028391,,NFM-1540-PathB-Star-xingyi,PBE,DFT-SR-PBE-BCC-Fe3_U97_143
"{""Nb"": 0.113968, ""Ta"": 0.092826, ""U"": 0.793206}",0.288820,,NFM-1540-PathB-Star-xingyi,PBE,DFT-SR-PBE-BCC-Nb11_Ta9_U79_88
"{""Ru"": 0.055, ""U"": 0.945}",-1.829075,,NFM-1540-PathB-Star-xingyi,PBE,DFT-SR-PBE-BCC-Ru6_U94_19
"{""Nb"": 0.059528, ""Si"": 0.005655, ""U"": 0.934817}",0.273656,,NFM-1540-PathB-Star-xingyi,PBE,DFT-SR-PBE-BCC-Nb6_Si1_U93_128
"{""Fe"": 0.046565999999999996, ""U"": 0.953434}",-0.041432,,NFM-1540-PathB-Star-xingyi,PBE,DFT-SR-PBE-BCC-Fe5_U95_330
"{""Al"": 0.01548, ""Mn"": 0.059704, ""U"": 0.924816}",-0.056751,,NFM-1540-PathB-Star-xingyi,PBE,DFT-SR-PBE-BCC-Al2_Mn6_U92_29
"{""Ta"": 0.045533, ""Ti"": 0.109498, ""U"": 0.844969}",0.114742,,NFM-1540-PathB-Star-xingyi,PBE,DFT-SR-PBE-BCC-Ta5_Ti11_U84_282
"{""Al"": 0.019797, ""Mo"": 0.046419, ""U"": 0.933785}",0.201738,,NFM-1540-PathB-Star-xingyi,PBE,DFT-SR-PBE-BCC-Al2_Mo5_U93_197
"{""Ru"": 0.070578, ""U"": 0.901212, ""V"": 0.028210000000000002}",-1.833232,,NFM-1540-PathB-Star-xingyi,PBE,DFT-SR-PBE-BCC-Ru7_U90_V3_144
"{""Ti"": 0.082519, ""U"": 0.917481}",0.109858,,NFM-1540-PathB-Star-xingyi,PBE,DFT-SR-PBE-BCC-Ti8_U92_104
"{""Al"": 0.028467, ""U"": 0.971533}",-0.175034,,NFM-1540-PathB-Star-xingyi,PBE,DFT-SR-PBE-BCC-Al3_U97_174
"{""Mo"": 0.080897, ""U"": 0.919103}",0.200820,,NFM-1540-PathB-Star-xingyi,PBE,DFT-SR-PBE-BCC-Mo8_U92_225
"{""Ru"": 0.049599000000000004, ""U"": 0.950401}",-1.828456,,NFM-1540-PathB-Star-xingyi,PBE,DFT-SR-PBE-BCC-Ru5_U95_351
"{""U"": 0.980455, ""V"": 0.019545}",0.338952,,NFM-1540-PathB-Star-xingyi,PBE,DFT-SR-PBE-BCC-U98_V2_74
"{""Ti"": 0.074266, ""U"": 0.9257340000000001}",0.109368,,NFM-1540-PathB-Star-xingyi,PBE,DFT-SR-PBE-BCC-Ti7_U93_198
"{""U"": 0.887869, ""Zr"": 0.11213100000000001}",0.311213,,NFM-1540-PathB-Star-xingyi,PBE,DFT-SR-PBE-BCC-U89_Zr11_238
"{""Cr"": 0.043951, ""Mo"": 0.10341299999999999, ""U"": 0.852636}",0.202705,,NFM-1540-PathB-Star-xingyi,PBE,DFT-SR-PBE-BCC-Cr4_Mo10_U85_333
"{""Fe"": 0.032083, ""Nb"": 0.086896, ""U"": 0.881021}",0.289351,,NFM-1540-PathB-Star-xingyi,PBE,DFT-SR-PBE-BCC-Fe3_Nb9_U88_67
"{""U"": 0.957, ""V"": 0.043000000000000003}",0.331775,,NFM-1540-PathB-Star-xingyi,PBE,DFT-SR-PBE-BCC-U96_V4_383
"{""Nb"": 0.025, ""U"": 0.975}",0.269473,,NFM-1540-PathB-Star-xingyi,PBE,DFT-SR-PBE-BCC-Nb2_U98_99
"{""Fe"": 0.019757, ""U"": 0.980243}",-0.024431,,NFM-1540-PathB-Star-xingyi,PBE,DFT-SR-PBE-BCC-Fe2_U98_302
"{""Ti"": 0.120565, ""U"": 0.7567820000000001, ""Zr"": 0.122653}",0.341500,,NFM-1540-PathB-Star-xingyi,PBE,DFT-SR-PBE-BCC-Ti12_U76_Zr12_330
"{""Ru"": 0.045049, ""U"": 0.954951}",-1.827511,,NFM-1540-PathB-Star-xingyi,PBE,DFT-SR-PBE-BCC-Ru5_U95_336
"{""Ti"": 0.107303, ""U"": 0.892697}",0.111320,,NFM-1540-PathB-Star-xingyi,PBE,DFT-SR-PBE-BCC-Ti11_U89_66
"{""Ru"": 0.046322999999999996, ""U"": 0.953677}",-1.827960,,NFM-1540-PathB-Star-xingyi,PBE,DFT-SR-PBE-BCC-Ru5_U95_375
"{""Si"": 0.005073, ""Ti"": 0.081454, ""U"": 0.913473}",0.110531,,NFM-1540-PathB-Star-xingyi,PBE,DFT-SR-PBE-BCC-Si1_Ti8_U91_20
"{""Mo"": 0.118202, ""U"": 0.759116, ""Zr"": 0.122682}",0.380808,,NFM-1540-PathB-Star-xingyi,PBE,DFT-SR-PBE-BCC-Mo12_U76_Zr12_104
"{""Nb"": 0.050989, ""U"": 0.949011}",0.271656,,NFM-1540-PathB-Star-xingyi,PBE,DFT-SR-PBE-BCC-Nb5_U95_270
"{""Mn"": 0.020746999999999998, ""U"": 0.979253}",-0.045111,,NFM-1540-PathB-Star-xingyi,PBE,DFT-SR-PBE-BCC-Mn2_U98_324
"{""Mn"": 0.014274, ""Ru"": 0.025629, ""U"": 0.960097}",-1.826606,,NFM-1540-PathB-Star-xingyi,PBE,DFT-SR-PBE-BCC-Mn1_Ru3_U96_282
"{""U"": 0.938963, ""Zr"": 0.061037}",0.319663,,NFM-1540-PathB-Star-xingyi,PBE,DFT-SR-PBE-BCC-U94_Zr6_53
"{""Si"": 0.013361000000000001, ""U"": 0.986639}",-0.720987,,NFM-1540-PathB-Star-xingyi,PBE,DFT-SR-PBE-BCC-Si1_U99_125
"{""Nb"": 0.054528, ""Si"": 0.005655, ""U"": 0.939817}",0.273221,,NFM-1540-PathB-Star-xingyi,PBE,DFT-SR-PBE-BCC-Nb5_Si1_U94_345
"{""Nb"": 0.050213, ""U"": 0.949787}",0.271602,,NFM-1540-PathB-Star-xingyi,PBE,DFT-SR-PBE-BCC-Nb5_U95_197
"{""Fe"": 0.020722, ""Ti"": 0.06952, ""U"": 0.909758}",0.114538,,NFM-1540-PathB-Star-xingyi,PBE,DFT-SR-PBE-BCC-Fe2_Ti7_U91_349
"{""Mn"": 0.048163000000000004, ""U"": 0.951837}",-0.051832,,NFM-1540-PathB-Star-xingyi,PBE,DFT-SR-PBE-BCC-Mn5_U95_38
"{""Cr"": 0.095202, ""Nb"": 0.135559, ""U"": 0.769239}",0.340550,,NFM-1540-PathB-Star-xingyi,PBE,DFT-SR-PBE-BCC-Cr10_Nb14_U77_370
"{""Cr"": 0.068499, ""U"": 0.931501}",0.468889,,NFM-1540-PathB-Star-xingyi,PBE,DFT-SR-PBE-BCC-Cr7_U93_309
"{""U"": 0.881151, ""Zr"": 0.118849}",0.310132,,NFM-1540-PathB-Star-xingyi,PBE,DFT-SR-PBE-BCC-U88_Zr12_161
"{""Nb"": 0.053989, ""U"": 0.946011}",0.271683,,NFM-1540-PathB-Star-xingyi,PBE,DFT-SR-PBE-BCC-Nb5_U95_76
"{""Ru"": 0.020857, ""U"": 0.979143}",-1.823184,,NFM-1540-PathB-Star-xingyi,PBE,DFT-SR-PBE-BCC-Ru2_U98_51
"{""Ru"": 0.065193, ""U"": 0.9348069999999999}",-1.830470,,NFM-1540-PathB-Star-xingyi,PBE,DFT-SR-PBE-BCC-Ru7_U93_353
"{""Al"": 0.029679, ""U"": 0.970321}",-0.174693,,NFM-1540-PathB-Star-xingyi,PBE,DFT-SR-PBE-BCC-Al3_U97_367
"{""Ti"": 0.038636, ""U"": 0.915631, ""Zr"": 0.045733}",0.332622,,NFM-1540-PathB-Star-xingyi,PBE,DFT-SR-PBE-BCC-Ti4_U92_Zr5_79
"{""Mo"": 0.110277, ""U"": 0.889723}",0.200174,,NFM-1540-PathB-Star-xingyi,PBE,DFT-SR-PBE-BCC-Mo11_U89_57
"{""Si"": 0.014501, ""Ti"": 0.051901, ""U"": 0.933598}",0.110157,,NFM-1540-PathB-Star-xingyi,PBE,DFT-SR-PBE-BCC-Si1_Ti5_U93_309
"{""Si"": 0.006249, ""U"": 0.898207, ""Zr"": 0.095544}",0.317989,,NFM-1540-PathB-Star-xingyi,PBE,DFT-SR-PBE-BCC-Si1_U90_Zr10_276
"{""Mn"": 0.028971, ""U"": 0.971029}",-0.046934,,NFM-1540-PathB-Star-xingyi,PBE,DFT-SR-PBE-BCC-Mn3_U97_40
"{""Cr"": 0.029435, ""Mo"": 0.134918, ""U"": 0.835647}",0.203065,,NFM-1540-PathB-Star-xingyi,PBE,DFT-SR-PBE-BCC-Cr3_Mo13_U84_321
"{""Si"": 0.014501, ""Ti"": 0.056901, ""U"": 0.928598}",0.110443,,NFM-1540-PathB-Star-xingyi,PBE,DFT-SR-PBE-BCC-Si1_Ti6_U93_385
"{""Si"": 0.017178, ""U"": 0.982822}",-0.720368,,NFM-1540-PathB-Star-xingyi,PBE,DFT-SR-PBE-BCC-Si2_U98_316
"{""Ti"": 0.034478, ""U"": 0.965522}",0.107225,,NFM-1540-PathB-Star-xingyi,PBE,DFT-SR-PBE-BCC-Ti3_U97_224
"{""Mo"": 50.0, ""U"": 50.0}",0.289089,,NFM-1540-PathB-Star-xingyi,PBE,DFT-SR-PBE-BCC-Mo5000_U5000_216
"{""Nb"": 0.095346, ""U"": 0.810875, ""Zr"": 0.093779}",0.270690,,NFM-1540-PathB-Star-xingyi,PBE,DFT-SR-PBE-BCC-Nb10_U81_Zr9_263
"{""U"": 0.874477, ""Zr"": 0.125523}",0.309050,,NFM-1540-PathB-Star-xingyi,PBE,DFT-SR-PBE-BCC-U87_Zr13_171
"{""Nb"": 0.093844, ""U"": 0.906156}",0.275718,,NFM-1540-PathB-Star-xingyi,PBE,DFT-SR-PBE-BCC-Nb9_U91_269
"{""U"": 0.943441, ""Zr"": 0.056559}",0.320438,,NFM-1540-PathB-Star-xingyi,PBE,DFT-SR-PBE-BCC-U94_Zr6_46
"{""U"": 0.915, ""Zr"": 0.085}",0.315595,,NFM-1540-PathB-Star-xingyi,PBE,DFT-SR-PBE-BCC-U92_Zr8_149
"{""Al"": 0.012604, ""Ru"": 0.021874, ""U"": 0.965522}",-1.824973,,NFM-1540-PathB-Star-xingyi,PBE,DFT-SR-PBE-BCC-Al1_Ru2_U97_139
"{""Ta"": 0.021414, ""U"": 0.929349, ""Zr"": 0.049237}",0.327806,,NFM-1540-PathB-Star-xingyi,PBE,DFT-SR-PBE-BCC-Ta2_U93_Zr5_329
"{""Mo"": 0.082053, ""U"": 0.796307, ""Zr"": 0.12164}",0.357678,,NFM-1540-PathB-Star-xingyi,PBE,DFT-SR-PBE-BCC-Mo8_U80_Zr12_267
"{""Ti"": 0.095205, ""U"": 0.855706, ""V"": 0.049089}",0.121293,,NFM-1540-PathB-Star-xingyi,PBE,DFT-SR-PBE-BCC-Ti10_U86_V5_330
"{""Al"": 0.008511, ""U"": 0.939013, ""V"": 0.052476}",0.327408,,NFM-1540-PathB-Star-xingyi,PBE,DFT-SR-PBE-BCC-Al1_U94_V5_333
"{""Nb"": 0.115968, ""Ta"": 0.092826, ""U"": 0.791206}",0.289086,,NFM-1540-PathB-Star-xingyi,PBE,DFT-SR-PBE-BCC-Nb12_Ta9_U79_201
"{""Al"": 0.033042999999999996, ""U"": 0.966957}",-0.173782,,NFM-1540-PathB-Star-xingyi,PBE,DFT-SR-PBE-BCC-Al3_U97_206
"{""Fe"": 0.027859, ""U"": 0.92633, ""Zr"": 0.045811}",0.354140,,NFM-1540-PathB-Star-xingyi,PBE,DFT-SR-PBE-BCC-Fe3_U93_Zr5_234
"{""Mn"": 0.019341, ""U"": 0.980659}",-0.044750,,NFM-1540-PathB-Star-xingyi,PBE,DFT-SR-PBE-BCC-Mn2_U98_293
"{""Mo"": 0.062766, ""U"": 0.937234}",0.201711,,NFM-1540-PathB-Star-xingyi,PBE,DFT-SR-PBE-BCC-Mo6_U94_53
"{""Mo"": 0.136014, ""U"": 0.863986}",0.200364,,NFM-1540-PathB-Star-xingyi,PBE,DFT-SR-PBE-BCC-Mo14_U86_60
"{""Mo"": 0.054909, ""U"": 0.918611, ""V"": 0.02648}",0.200466,,NFM-1540-PathB-Star-xingyi,PBE,DFT-SR-PBE-BCC-Mo5_U92_V3_168
"{""Mn"": 0.015087, ""U"": 0.984913}",-0.043648,,NFM-1540-PathB-Star-xingyi,PBE,DFT-SR-PBE-BCC-Mn2_U98_115
"{""Mn"": 0.048894, ""U"": 0.864197, ""Zr"": 0.086909}",0.348569,,NFM-1540-PathB-Star-xingyi,PBE,DFT-SR-PBE-BCC-Mn5_U86_Zr9_283
"{""Si"": 0.010370999999999998, ""U"": 0.989629}",-0.721490,,NFM-1540-PathB-Star-xingyi,PBE,DFT-SR-PBE-BCC-Si1_U99_374
"{""Mn"": 0.041673999999999996, ""U"": 0.958326}",-0.050098,,NFM-1540-PathB-Star-xingyi,PBE,DFT-SR-PBE-BCC-Mn4_U96_205
"{""U"": 0.940284, ""Zr"": 0.059716}",0.319860,,NFM-1540-PathB-Star-xingyi,PBE,DFT-SR-PBE-BCC-U94_Zr6_310
"{""Cr"": 0.09110700000000001, ""Mn"": 0.05398, ""U"": 0.854913}",0.436690,,NFM-1540-PathB-Star-xingyi,PBE,DFT-SR-PBE-BCC-Cr9_Mn5_U85_389
"{""U"": 0.95515, ""Zr"": 0.04485}",0.322479,,NFM-1540-PathB-Star-xingyi,PBE,DFT-SR-PBE-BCC-U96_Zr4_8
"{""Ti"": 0.095942, ""U"": 0.904058}",0.110613,,NFM-1540-PathB-Star-xingyi,PBE,DFT-SR-PBE-BCC-Ti10_U90_280
"{""U"": 0.905, ""Zr"": 0.095}",0.313948,,NFM-1540-PathB-Star-xingyi,PBE,DFT-SR-PBE-BCC-U90_Zr10_369
"{""Fe"": 0.052566, ""U"": 0.947434}",-0.045058,,NFM-1540-PathB-Star-xingyi,PBE,DFT-SR-PBE-BCC-Fe5_U95_136
"{""Nb"": 0.049, ""U"": 0.951}",0.271541,,NFM-1540-PathB-Star-xingyi,PBE,DFT-SR-PBE-BCC-Nb5_U95_264
"{""Mo"": 0.033553, ""Nb"": 0.07316299999999999, ""U"": 0.893284}",0.280623,,NFM-1540-PathB-Star-xingyi,PBE,DFT-SR-PBE-BCC-Mo3_Nb7_U89_283
"{""Si"": 0.017813, ""U"": 0.982187}",-0.720273,,NFM-1540-PathB-Star-xingyi,PBE,DFT-SR-PBE-BCC-Si2_U98_251
"{""Al"": 75.0, ""U"": 25.0}",0.194322,,NFM-1540-PathB-Star-xingyi,PBE,DFT-SR-PBE-BCC-Al7500_U2500_300
"{""Mo"": 0.066484, ""U"": 0.933516}",0.201500,,NFM-1540-PathB-Star-xingyi,PBE,DFT-SR-PBE-BCC-Mo7_U93_271
"{""Mn"": 0.054409, ""U"": 0.945591}",-0.051213,,NFM-1540-PathB-Star-xingyi,PBE,DFT-SR-PBE-BCC-Mn5_U95_358
"{""Nb"": 0.116683, ""U"": 0.883317}",0.278065,,NFM-1540-PathB-Star-xingyi,PBE,DFT-SR-PBE-BCC-Nb12_U88_32
"{""Ru"": 0.069083, ""U"": 0.930917}",-1.830763,,NFM-1540-PathB-Star-xingyi,PBE,DFT-SR-PBE-BCC-Ru7_U93_238
"{""U"": 0.899, ""Zr"": 0.101}",0.313030,,NFM-1540-PathB-Star-xingyi,PBE,DFT-SR-PBE-BCC-U90_Zr10_43
"{""Fe"": 0.013905999999999998, ""U"": 0.986094}",-0.020520,,NFM-1540-PathB-Star-xingyi,PBE,DFT-SR-PBE-BCC-Fe1_U99_89
"{""Nb"": 0.085007, ""U"": 0.914993}",0.274867,,NFM-1540-PathB-Star-xingyi,PBE,DFT-SR-PBE-BCC-Nb9_U91_180
"{""Ru"": 0.054322999999999996, ""U"": 0.945677}",-1.829048,,NFM-1540-PathB-Star-xingyi,PBE,DFT-SR-PBE-BCC-Ru5_U95_68
"{""Mn"": 0.026761, ""U"": 0.973239}",-0.046628,,NFM-1540-PathB-Star-xingyi,PBE,DFT-SR-PBE-BCC-Mn3_U97_272
"{""Mn"": 0.022761, ""U"": 0.977239}",-0.045621,,NFM-1540-PathB-Star-xingyi,PBE,DFT-SR-PBE-BCC-Mn2_U98_288
"{""Mo"": 0.090084, ""Nb"": 0.104011, ""U"": 0.805905}",0.299998,,NFM-1540-PathB-Star-xingyi,PBE,DFT-SR-PBE-BCC-Mo9_Nb10_U81_110
"{""Mo"": 0.063669, ""U"": 0.936331}",0.201657,,NFM-1540-PathB-Star-xingyi,PBE,DFT-SR-PBE-BCC-Mo6_U94_336
"{""U"": 0.962359, ""V"": 0.037641}",0.333612,,NFM-1540-PathB-Star-xingyi,PBE,DFT-SR-PBE-BCC-U96_V4_284
"{""U"": 0.910911, ""Zr"": 0.089089}",0.315044,,NFM-1540-PathB-Star-xingyi,PBE,DFT-SR-PBE-BCC-U91_Zr9_42
"{""Nb"": 0.051277, ""U"": 0.948723}",0.271724,,NFM-1540-PathB-Star-xingyi,PBE,DFT-SR-PBE-BCC-Nb5_U95_11
"{""Mo"": 0.044276, ""Ru"": 0.05569, ""U"": 0.900034}",-1.832579,,NFM-1540-PathB-Star-xingyi,PBE,DFT-SR-PBE-BCC-Mo4_Ru6_U90_150
"{""Mo"": 0.10880000000000001, ""U"": 0.8912}",0.200187,,NFM-1540-PathB-Star-xingyi,PBE,DFT-SR-PBE-BCC-Mo11_U89_282
"{""Mn"": 0.047598, ""Mo"": 0.086251, ""U"": 0.866151}",0.200534,,NFM-1540-PathB-Star-xingyi,PBE,DFT-SR-PBE-BCC-Mn5_Mo9_U87_106
"{""Mn"": 0.051392, ""U"": 0.948608}",-0.052417,,NFM-1540-PathB-Star-xingyi,PBE,DFT-SR-PBE-BCC-Mn5_U95_193
"{""Mo"": 0.048909, ""U"": 0.924611, ""V"": 0.02648}",0.200643,,NFM-1540-PathB-Star-xingyi,PBE,DFT-SR-PBE-BCC-Mo5_U92_V3_20
"{""Al"": 0.027110000000000002, ""U"": 0.97289}",-0.175367,,NFM-1540-PathB-Star-xingyi,PBE,DFT-SR-PBE-BCC-Al3_U97_85
"{""U"": 0.939967, ""V"": 0.060033}",0.326904,,NFM-1540-PathB-Star-xingyi,PBE,DFT-SR-PBE-BCC-U94_V6_175
"{""Mn"": 0.013364000000000001, ""U"": 0.986636}",-0.043220,,NFM-1540-PathB-Star-xingyi,PBE,DFT-SR-PBE-BCC-Mn1_U99_198
"{""Ti"": 0.07381, ""U"": 0.92619}",0.109327,,NFM-1540-PathB-Star-xingyi,PBE,DFT-SR-PBE-BCC-Ti7_U93_276
"{""Ru"": 0.07818800000000001, ""U"": 0.921812}",-1.831701,,NFM-1540-PathB-Star-xingyi,PBE,DFT-SR-PBE-BCC-Ru8_U92_308
"{""Fe"": 0.062306, ""Nb"": 0.088764, ""U"": 0.84893}",0.307515,,NFM-1540-PathB-Star-xingyi,PBE,DFT-SR-PBE-BCC-Fe6_Nb9_U85_159
"{""Mn"": 0.013274000000000001, ""Ru"": 0.025629, ""U"": 0.961097}",-1.826375,,NFM-1540-PathB-Star-xingyi,PBE,DFT-SR-PBE-BCC-Mn1_Ru3_U96_297
"{""Fe"": 0.040576, ""U"": 0.959424}",-0.037724,,NFM-1540-PathB-Star-xingyi,PBE,DFT-SR-PBE-BCC-Fe4_U96_215
"{""Mn"": 0.054195, ""U"": 0.945805}",-0.051213,,NFM-1540-PathB-Star-xingyi,PBE,DFT-SR-PBE-BCC-Mn5_U95_6
"{""Ti"": 0.09886600000000001, ""U"": 0.901134}",0.110790,,NFM-1540-PathB-Star-xingyi,PBE,DFT-SR-PBE-BCC-Ti10_U90_154
"{""Fe"": 0.014979, ""U"": 0.921313, ""Zr"": 0.063708}",0.335942,,NFM-1540-PathB-Star-xingyi,PBE,DFT-SR-PBE-BCC-Fe1_U92_Zr6_126
"{""Mn"": 0.027117, ""Ru"": 0.034866, ""U"": 0.938017}",-1.829620,,NFM-1540-PathB-Star-xingyi,PBE,DFT-SR-PBE-BCC-Mn3_Ru3_U94_330
"{""U"": 0.898074, ""Zr"": 0.101926}",0.312846,,NFM-1540-PathB-Star-xingyi,PBE,DFT-SR-PBE-BCC-U90_Zr10_374
"{""Ru"": 0.06922500000000001, ""U"": 0.930775}",-1.830790,,NFM-1540-PathB-Star-xingyi,PBE,DFT-SR-PBE-BCC-Ru7_U93_5
"{""Cr"": 0.047481999999999996, ""U"": 0.952518}",0.483182,,NFM-1540-PathB-Star-xingyi,PBE,DFT-SR-PBE-BCC-Cr5_U95_308
"{""Cr"": 0.07881, ""U"": 0.8506659999999999, ""Zr"": 0.070524}",0.469351,,NFM-1540-PathB-Star-xingyi,PBE,DFT-SR-PBE-BCC-Cr8_U85_Zr7_296
"{""Si"": 0.014563, ""U"": 0.985437}",-0.720796,,NFM-1540-PathB-Star-xingyi,PBE,DFT-SR-PBE-BCC-Si1_U99_26
"{""Fe"": 0.022385, ""Nb"": 0.101088, ""U"": 0.8765270000000001}",0.286310,,NFM-1540-PathB-Star-xingyi,PBE,DFT-SR-PBE-BCC-Fe2_Nb10_U88_347
"{""Fe"": 0.056032, ""Mo"": 0.077826, ""U"": 0.866142}",0.202664,,NFM-1540-PathB-Star-xingyi,PBE,DFT-SR-PBE-BCC-Fe6_Mo8_U87_165
"{""Mo"": 0.031, ""U"": 0.969}",0.204086,,NFM-1540-PathB-Star-xingyi,PBE,DFT-SR-PBE-BCC-Mo3_U97_364
"{""Mn"": 0.014747, ""U"": 0.985253}",-0.043574,,NFM-1540-PathB-Star-xingyi,PBE,DFT-SR-PBE-BCC-Mn1_U99_92
"{""Ti"": 0.064168, ""U"": 0.817211, ""Zr"": 0.118621}",0.326840,,NFM-1540-PathB-Star-xingyi,PBE,DFT-SR-PBE-BCC-Ti6_U82_Zr12_251
"{""U"": 0.959, ""Zr"": 0.041}",0.323044,,NFM-1540-PathB-Star-xingyi,PBE,DFT-SR-PBE-BCC-U96_Zr4_171
"{""Ta"": 0.032825, ""Ti"": 0.102786, ""U"": 0.864389}",0.113314,,NFM-1540-PathB-Star-xingyi,PBE,DFT-SR-PBE-BCC-Ta3_Ti10_U86_313
"{""U"": 0.956071, ""Zr"": 0.043929}",0.322479,,NFM-1540-PathB-Star-xingyi,PBE,DFT-SR-PBE-BCC-U96_Zr4_105
"{""Mo"": 5.6, ""U"": 92, ""Zr"": 2.4}",0.202616,,NFM-1540-PathB-Star-xingyi,PBE,DFT-SR-PBE-BCC-Mo560_U9200_Zr240_379
"{""Mo"": 0.095607, ""U"": 0.904393}",0.200371,,NFM-1540-PathB-Star-xingyi,PBE,DFT-SR-PBE-BCC-Mo10_U90_242
"{""Cr"": 0.09305, ""U"": 0.90695}",0.453555,,NFM-1540-PathB-Star-xingyi,PBE,DFT-SR-PBE-BCC-Cr9_U91_307
"{""U"": 0.956292, ""Zr"": 0.043708000000000004}",0.322670,,NFM-1540-PathB-Star-xingyi,PBE,DFT-SR-PBE-BCC-U96_Zr4_99
"{""Cr"": 0.039, ""U"": 0.961}",0.489393,,NFM-1540-PathB-Star-xingyi,PBE,DFT-SR-PBE-BCC-Cr4_U96_259
"{""Ti"": 0.037464, ""U"": 0.962536}",0.107375,,NFM-1540-PathB-Star-xingyi,PBE,DFT-SR-PBE-BCC-Ti4_U96_366
"{""Al"": 0.030679, ""U"": 0.969321}",-0.169210,,NFM-1540-PathB-Star-xingyi,PBE,DFT-SR-PBE-BCC-Al3_U97_105
"{""Mo"": 0.147101, ""U"": 0.852899}",0.200677,,NFM-1540-PathB-Star-xingyi,PBE,DFT-SR-PBE-BCC-Mo15_U85_229
"{""Ru"": 0.07401100000000001, ""U"": 0.925989}",-1.831293,,NFM-1540-PathB-Star-xingyi,PBE,DFT-SR-PBE-BCC-Ru7_U93_194
"{""Fe"": 0.037859, ""U"": 0.91633, ""Zr"": 0.045811}",0.366372,,NFM-1540-PathB-Star-xingyi,PBE,DFT-SR-PBE-BCC-Fe4_U92_Zr5_123
"{""Mo"": 0.033553, ""Nb"": 0.075163, ""U"": 0.891284}",0.280847,,NFM-1540-PathB-Star-xingyi,PBE,DFT-SR-PBE-BCC-Mo3_Nb8_U89_166
"{""Al"": 0.025096999999999998, ""Fe"": 0.027094, ""U"": 0.947809}",-0.035786,,NFM-1540-PathB-Star-xingyi,PBE,DFT-SR-PBE-BCC-Al3_Fe3_U95_335
"{""Mn"": 0.033429, ""U"": 0.850197, ""Zr"": 0.116374}",0.332425,,NFM-1540-PathB-Star-xingyi,PBE,DFT-SR-PBE-BCC-Mn3_U85_Zr12_237
"{""Nb"": 0.143484, ""U"": 0.856516}",0.280997,,NFM-1540-PathB-Star-xingyi,PBE,DFT-SR-PBE-BCC-Nb14_U86_24
"{""Al"": 0.019642, ""U"": 0.980358}",-0.177381,,NFM-1540-PathB-Star-xingyi,PBE,DFT-SR-PBE-BCC-Al2_U98_191
"{""Al"": 0.029043, ""U"": 0.970957}",-0.172584,,NFM-1540-PathB-Star-xingyi,PBE,DFT-SR-PBE-BCC-Al3_U97_261
"{""Si"": 0.012813, ""U"": 0.987187}",-0.721075,,NFM-1540-PathB-Star-xingyi,PBE,DFT-SR-PBE-BCC-Si1_U99_370
"{""U"": 0.874359, ""Zr"": 0.125641}",0.309050,,NFM-1540-PathB-Star-xingyi,PBE,DFT-SR-PBE-BCC-U87_Zr13_261
"{""Al"": 0.015747, ""U"": 0.947354, ""V"": 0.036899}",0.331340,,NFM-1540-PathB-Star-xingyi,PBE,DFT-SR-PBE-BCC-Al2_U95_V4_97
"{""U"": 0.888768, ""Zr"": 0.111232}",0.311397,,NFM-1540-PathB-Star-xingyi,PBE,DFT-SR-PBE-BCC-U89_Zr11_106
"{""Mn"": 0.056409, ""U"": 0.943591}",-0.053717,,NFM-1540-PathB-Star-xingyi,PBE,DFT-SR-PBE-BCC-Mn6_U94_41
"{""Mo"": 0.082053, ""U"": 0.797307, ""Zr"": 0.12064}",0.357889,,NFM-1540-PathB-Star-xingyi,PBE,DFT-SR-PBE-BCC-Mo8_U80_Zr12_11
"{""Fe"": 66.7, ""U"": 33.3}",0.211150,,NFM-1540-PathB-Star-xingyi,PBE,DFT-SR-PBE-BCC-Fe6670_U3330_226
"{""Al"": 0.018698, ""Ti"": 0.117102, ""U"": 0.8642}",0.114089,,NFM-1540-PathB-Star-xingyi,PBE,DFT-SR-PBE-BCC-Al2_Ti12_U86_224
"{""Mn"": 0.018459, ""U"": 0.981541}",-0.044519,,NFM-1540-PathB-Star-xingyi,PBE,DFT-SR-PBE-BCC-Mn2_U98_239
"{""Fe"": 0.019712, ""U"": 0.980288}",-0.024316,,NFM-1540-PathB-Star-xingyi,PBE,DFT-SR-PBE-BCC-Fe2_U98_182
"{""Al"": 0.012175, ""U"": 0.929681, ""Zr"": 0.058144}",0.325697,,NFM-1540-PathB-Star-xingyi,PBE,DFT-SR-PBE-BCC-Al1_U93_Zr6_103
"{""Ru"": 0.025734, ""U"": 0.974266}",-1.824252,,NFM-1540-PathB-Star-xingyi,PBE,DFT-SR-PBE-BCC-Ru3_U97_153
"{""Ru"": 0.04211, ""Si"": 0.011202, ""U"": 0.946688}",-1.828728,,NFM-1540-PathB-Star-xingyi,PBE,DFT-SR-PBE-BCC-Ru4_Si1_U95_225
"{""Mn"": 0.025348, ""U"": 0.911087, ""Zr"": 0.063565}",0.336337,,NFM-1540-PathB-Star-xingyi,PBE,DFT-SR-PBE-BCC-Mn3_U91_Zr6_223
"{""U"": 0.857582, ""Zr"": 0.142418}",0.306363,,NFM-1540-PathB-Star-xingyi,PBE,DFT-SR-PBE-BCC-U86_Zr14_62
"{""Al"": 0.024855000000000002, ""U"": 0.975145}",-0.175932,,NFM-1540-PathB-Star-xingyi,PBE,DFT-SR-PBE-BCC-Al2_U98_28
"{""U"": 0.904911, ""Zr"": 0.095089}",0.313948,,NFM-1540-PathB-Star-xingyi,PBE,DFT-SR-PBE-BCC-U90_Zr10_277
"{""Al"": 0.013089, ""U"": 0.986911}",-0.176598,,NFM-1540-PathB-Star-xingyi,PBE,DFT-SR-PBE-BCC-Al1_U99_283
"{""Mo"": 0.070966, ""Ru"": 0.077923, ""U"": 0.851111}",-1.833674,,NFM-1540-PathB-Star-xingyi,PBE,DFT-SR-PBE-BCC-Mo7_Ru8_U85_304
"{""Nb"": 0.085693, ""U"": 0.914307}",0.274929,,NFM-1540-PathB-Star-xingyi,PBE,DFT-SR-PBE-BCC-Nb9_U91_127
"{""Nb"": 45.0, ""U"": 55}",0.330291,,NFM-1540-PathB-Star-xingyi,PBE,DFT-SR-PBE-BCC-Nb4500_U5500_318
"{""Ti"": 0.110937, ""U"": 0.889063}",0.111552,,NFM-1540-PathB-Star-xingyi,PBE,DFT-SR-PBE-BCC-Ti11_U89_29
"{""Nb"": 0.130316, ""U"": 0.869684}",0.279514,,NFM-1540-PathB-Star-xingyi,PBE,DFT-SR-PBE-BCC-Nb13_U87_300
"{""Cr"": 0.076616, ""Fe"": 0.048619, ""U"": 0.874765}",0.301868,,NFM-1540-PathB-Star-xingyi,PBE,DFT-SR-PBE-BCC-Cr8_Fe5_U87_241
"{""U"": 0.854052, ""Zr"": 0.145948}",0.305839,,NFM-1540-PathB-Star-xingyi,PBE,DFT-SR-PBE-BCC-U85_Zr15_113
"{""Mo"": 0.037, ""Nb"": 0.03, ""U"": 0.933}",0.202392,,NFM-1540-PathB-Star-xingyi,PBE,DFT-SR-PBE-BCC-Mo4_Nb3_U93_340
"{""U"": 0.98274, ""V"": 0.01726}",0.339687,,NFM-1540-PathB-Star-xingyi,PBE,DFT-SR-PBE-BCC-U98_V2_349
"{""Mo"": 0.05, ""U"": 0.877, ""Zr"": 0.07300000000000001}",0.346739,,NFM-1540-PathB-Star-xingyi,PBE,DFT-SR-PBE-BCC-Mo5_U88_Zr7_121
"{""Mo"": 0.043276, ""Ru"": 0.05569, ""U"": 0.901035}",-1.830776,,NFM-1540-PathB-Star-xingyi,PBE,DFT-SR-PBE-BCC-Mo4_Ru6_U90_342
"{""Ti"": 0.06790399999999999, ""U"": 0.932096}",0.109000,,NFM-1540-PathB-Star-xingyi,PBE,DFT-SR-PBE-BCC-Ti7_U93_98
"{""Fe"": 0.041718, ""Ti"": 0.102923, ""U"": 0.855359}",0.124273,,NFM-1540-PathB-Star-xingyi,PBE,DFT-SR-PBE-BCC-Fe4_Ti10_U86_202
"{""Ru"": 0.027572, ""U"": 0.972428}",-1.824436,,NFM-1540-PathB-Star-xingyi,PBE,DFT-SR-PBE-BCC-Ru3_U97_220
"{""Nb"": 0.122337, ""U"": 0.877663}",0.278711,,NFM-1540-PathB-Star-xingyi,PBE,DFT-SR-PBE-BCC-Nb12_U88_255
"{""Ti"": 0.031075000000000002, ""U"": 0.968925}",0.107089,,NFM-1540-PathB-Star-xingyi,PBE,DFT-SR-PBE-BCC-Ti3_U97_316
"{""Cr"": 0.067565, ""Nb"": 0.065371, ""U"": 0.8670640000000001}",0.458501,,NFM-1540-PathB-Star-xingyi,PBE,DFT-SR-PBE-BCC-Cr7_Nb7_U87_181
"{""Ti"": 0.07081, ""U"": 0.92919}",0.109164,,NFM-1540-PathB-Star-xingyi,PBE,DFT-SR-PBE-BCC-Ti7_U93_364
"{""Ru"": 0.021428, ""U"": 0.910541, ""Zr"": 0.068031}",0.334765,,NFM-1540-PathB-Star-xingyi,PBE,DFT-SR-PBE-BCC-Ru2_U91_Zr7_248
"{""Si"": 0.013254, ""U"": 0.986746}",-0.721034,,NFM-1540-PathB-Star-xingyi,PBE,DFT-SR-PBE-BCC-Si1_U99_143
"{""Fe"": 0.036419, ""U"": 0.963581}",-0.035139,,NFM-1540-PathB-Star-xingyi,PBE,DFT-SR-PBE-BCC-Fe4_U96_218
"{""Ti"": 0.065869, ""U"": 0.934131}",0.108885,,NFM-1540-PathB-Star-xingyi,PBE,DFT-SR-PBE-BCC-Ti7_U93_59
"{""Mo"": 0.104277, ""U"": 0.895723}",0.200228,,NFM-1540-PathB-Star-xingyi,PBE,DFT-SR-PBE-BCC-Mo10_U90_45
"{""Ru"": 0.062464, ""U"": 0.937536}",-1.829994,,NFM-1540-PathB-Star-xingyi,PBE,DFT-SR-PBE-BCC-Ru6_U94_45
"{""Mo"": 0.15, ""U"": 0.85}",0.200800,,NFM-1540-PathB-Star-xingyi,PBE,DFT-SR-PBE-BCC-Mo15_U85_298
"{""Fe"": 0.047022999999999995, ""Ti"": 0.04849, ""U"": 0.904487}",0.121416,,NFM-1540-PathB-Star-xingyi,PBE,DFT-SR-PBE-BCC-Fe5_Ti5_U90_57
"{""Nb"": 0.089347, ""U"": 0.910653}",0.275255,,NFM-1540-PathB-Star-xingyi,PBE,DFT-SR-PBE-BCC-Nb9_U91_16
"{""Ru"": 0.043823, ""U"": 0.956177}",-1.827313,,NFM-1540-PathB-Star-xingyi,PBE,DFT-SR-PBE-BCC-Ru4_U96_331
"{""Ta"": 0.045533, ""Ti"": 0.111498, ""U"": 0.842969}",0.114844,,NFM-1540-PathB-Star-xingyi,PBE,DFT-SR-PBE-BCC-Ta5_Ti11_U84_232
"{""Mn"": 0.04368, ""Nb"": 0.066298, ""U"": 0.890022}",0.283902,,NFM-1540-PathB-Star-xingyi,PBE,DFT-SR-PBE-BCC-Mn4_Nb7_U89_390
"{""Ru"": 0.048256, ""U"": 0.951744}",-1.828021,,NFM-1540-PathB-Star-xingyi,PBE,DFT-SR-PBE-BCC-Ru5_U95_327
"{""Mo"": 10.0, ""U"": 75, ""Zr"": 15.0}",0.363590,,NFM-1540-PathB-Star-xingyi,PBE,DFT-SR-PBE-BCC-Mo1000_U7500_Zr1500_332
"{""Mo"": 0.14436, ""U"": 0.838043, ""V"": 0.017597}",0.201623,,NFM-1540-PathB-Star-xingyi,PBE,DFT-SR-PBE-BCC-Mo14_U84_V2_296
"{""Mo"": 2.4, ""U"": 92, ""Zr"": 5.6}",0.334378,,NFM-1540-PathB-Star-xingyi,PBE,DFT-SR-PBE-BCC-Mo240_U9200_Zr560_381
"{""Nb"": 0.047, ""U"": 0.953}",0.271309,,NFM-1540-PathB-Star-xingyi,PBE,DFT-SR-PBE-BCC-Nb5_U95_42
"{""Nb"": 0.128236, ""Si"": 0.00712, ""U"": 0.864644}",0.281153,,NFM-1540-PathB-Star-xingyi,PBE,DFT-SR-PBE-BCC-Nb13_Si1_U86_98
"{""Fe"": 0.013562000000000001, ""U"": 0.986438}",-0.020288,,NFM-1540-PathB-Star-xingyi,PBE,DFT-SR-PBE-BCC-Fe1_U99_190
"{""Cr"": 0.032435, ""Mo"": 0.134918, ""U"": 0.832647}",0.203419,,NFM-1540-PathB-Star-xingyi,PBE,DFT-SR-PBE-BCC-Cr3_Mo13_U83_373
"{""Mo"": 0.124372, ""U"": 0.829068, ""V"": 0.04656}",0.202888,,NFM-1540-PathB-Star-xingyi,PBE,DFT-SR-PBE-BCC-Mo12_U83_V5_148
"{""Ru"": 0.023, ""U"": 0.977}",-1.823551,,NFM-1540-PathB-Star-xingyi,PBE,DFT-SR-PBE-BCC-Ru2_U98_376
"{""Ti"": 0.067, ""U"": 0.933}",0.108966,,NFM-1540-PathB-Star-xingyi,PBE,DFT-SR-PBE-BCC-Ti7_U93_256
"{""Nb"": 0.035996, ""U"": 0.964004}",0.270132,,NFM-1540-PathB-Star-xingyi,PBE,DFT-SR-PBE-BCC-Nb4_U96_118
"{""Mo"": 0.125328, ""U"": 0.874672}",0.200201,,NFM-1540-PathB-Star-xingyi,PBE,DFT-SR-PBE-BCC-Mo13_U87_276
"{""Mn"": 0.023341, ""U"": 0.9766589999999999}",-0.045764,,NFM-1540-PathB-Star-xingyi,PBE,DFT-SR-PBE-BCC-Mn2_U98_267
"{""Cr"": 75.0, ""U"": 25.0}",0.845387,,NFM-1540-PathB-Star-xingyi,PBE,DFT-SR-PBE-BCC-Cr7500_U2500_223
"{""Al"": 0.006257, ""U"": 0.941656, ""Zr"": 0.052086999999999994}",0.323989,,NFM-1540-PathB-Star-xingyi,PBE,DFT-SR-PBE-BCC-Al1_U94_Zr5_274
"{""Si"": 0.010054, ""U"": 0.989946}",-0.721538,,NFM-1540-PathB-Star-xingyi,PBE,DFT-SR-PBE-BCC-Si1_U99_339
"{""Mo"": 0.039, ""Nb"": 0.03, ""U"": 0.931}",0.202256,,NFM-1540-PathB-Star-xingyi,PBE,DFT-SR-PBE-BCC-Mo4_Nb3_U93_295
"{""Mn"": 0.018945999999999998, ""U"": 0.981054}",-0.044601,,NFM-1540-PathB-Star-xingyi,PBE,DFT-SR-PBE-BCC-Mn2_U98_4
"{""Cr"": 0.065084, ""U"": 0.934916}",0.315331,,NFM-1540-PathB-Star-xingyi,PBE,DFT-SR-PBE-BCC-Cr7_U93_265
"{""U"": 0.961, ""V"": 0.039}",0.333224,,NFM-1540-PathB-Star-xingyi,PBE,DFT-SR-PBE-BCC-U96_V4_85
"{""Ru"": 0.031519, ""Ti"": 0.053959, ""U"": 0.9145220000000001}",0.113749,,NFM-1540-PathB-Star-xingyi,PBE,DFT-SR-PBE-BCC-Ru3_Ti5_U91_68
"{""U"": 0.860582, ""Zr"": 0.139418}",0.306907,,NFM-1540-PathB-Star-xingyi,PBE,DFT-SR-PBE-BCC-U86_Zr14_326
"{""Ti"": 0.045000000000000005, ""U"": 0.955}",0.107783,,NFM-1540-PathB-Star-xingyi,PBE,DFT-SR-PBE-BCC-Ti5_U96_151
"{""Ti"": 0.111937, ""U"": 0.888063}",0.111626,,NFM-1540-PathB-Star-xingyi,PBE,DFT-SR-PBE-BCC-Ti11_U89_290
"{""Mn"": 0.029214, ""U"": 0.970786}",-0.047193,,NFM-1540-PathB-Star-xingyi,PBE,DFT-SR-PBE-BCC-Mn3_U97_258
"{""Nb"": 0.052599, ""Ta"": 0.015740999999999998, ""U"": 0.93166}",0.273282,,NFM-1540-PathB-Star-xingyi,PBE,DFT-SR-PBE-BCC-Nb5_Ta2_U93_340
"{""U"": 0.95015, ""Zr"": 0.04985}",0.321547,,NFM-1540-PathB-Star-xingyi,PBE,DFT-SR-PBE-BCC-U95_Zr5_138
"{""Fe"": 0.018722000000000003, ""Ti"": 0.06952, ""U"": 0.911758}",0.113946,,NFM-1540-PathB-Star-xingyi,PBE,DFT-SR-PBE-BCC-Fe2_Ti7_U91_251
"{""Fe"": 0.045462, ""Ti"": 0.063534, ""U"": 0.891004}",0.122157,,NFM-1540-PathB-Star-xingyi,PBE,DFT-SR-PBE-BCC-Fe5_Ti6_U89_73
"{""Mo"": 0.100634, ""U"": 0.899366}",0.200289,,NFM-1540-PathB-Star-xingyi,PBE,DFT-SR-PBE-BCC-Mo10_U90_132
"{""Mo"": 0.151301, ""U"": 0.848699}",0.200827,,NFM-1540-PathB-Star-xingyi,PBE,DFT-SR-PBE-BCC-Mo15_U85_285
"{""Nb"": 0.13603200000000001, ""U"": 0.863968}",0.280174,,NFM-1540-PathB-Star-xingyi,PBE,DFT-SR-PBE-BCC-Nb14_U86_72
"{""U"": 0.974037, ""V"": 0.025963}",0.337013,,NFM-1540-PathB-Star-xingyi,PBE,DFT-SR-PBE-BCC-U97_V3_220
"{""Ta"": 0.041661, ""U"": 0.900174, ""Zr"": 0.058164999999999994}",0.332044,,NFM-1540-PathB-Star-xingyi,PBE,DFT-SR-PBE-BCC-Ta4_U90_Zr6_301
"{""Nb"": 0.034999999999999996, ""U"": 0.965}",0.270085,,NFM-1540-PathB-Star-xingyi,PBE,DFT-SR-PBE-BCC-Nb3_U96_16
"{""U"": 0.96604, ""V"": 0.03396}",0.334292,,NFM-1540-PathB-Star-xingyi,PBE,DFT-SR-PBE-BCC-U97_V3_68
"{""U"": 0.859052, ""Zr"": 0.140948}",0.306547,,NFM-1540-PathB-Star-xingyi,PBE,DFT-SR-PBE-BCC-U86_Zr14_368
"{""Al"": 0.020393, ""U"": 0.871413, ""Zr"": 0.108194}",0.320969,,NFM-1540-PathB-Star-xingyi,PBE,DFT-SR-PBE-BCC-Al2_U87_Zr11_71
"{""Si"": 0.01397, ""U"": 0.98603}",-0.720892,,NFM-1540-PathB-Star-xingyi,PBE,DFT-SR-PBE-BCC-Si1_U99_245
"{""Cr"": 0.08282099999999999, ""U"": 0.917179}",0.310583,,NFM-1540-PathB-Star-xingyi,PBE,DFT-SR-PBE-BCC-Cr8_U92_334
"{""Nb"": 0.133, ""U"": 0.867}",0.279799,,NFM-1540-PathB-Star-xingyi,PBE,DFT-SR-PBE-BCC-Nb13_U87_166
"{""Mn"": 0.039674, ""U"": 0.960326}",-0.049621,,NFM-1540-PathB-Star-xingyi,PBE,DFT-SR-PBE-BCC-Mn4_U96_198
"{""Ni"": 0.025, ""U"": 0.975}",-0.238798,,NFM-1540-PathB-Star-xingyi,PBE,DFT-SR-PBE-BCC-Ni2_U98_72
"{""Cr"": 0.028152, ""Mo"": 0.09746, ""U"": 0.874388}",0.200813,,NFM-1540-PathB-Star-xingyi,PBE,DFT-SR-PBE-BCC-Cr3_Mo10_U87_340
"{""Fe"": 0.054, ""U"": 0.946}",-0.045881,,NFM-1540-PathB-Star-xingyi,PBE,DFT-SR-PBE-BCC-Fe5_U95_153
"{""Ti"": 0.046133, ""U"": 0.953867}",0.107851,,NFM-1540-PathB-Star-xingyi,PBE,DFT-SR-PBE-BCC-Ti5_U95_245
"{""Mo"": 0.124687, ""U"": 0.875313}",0.200187,,NFM-1540-PathB-Star-xingyi,PBE,DFT-SR-PBE-BCC-Mo12_U88_354
"{""Mn"": 0.017544, ""U"": 0.982456}",-0.044233,,NFM-1540-PathB-Star-xingyi,PBE,DFT-SR-PBE-BCC-Mn2_U98_163
"{""Cr"": 0.075953, ""U"": 0.924047}",0.312345,,NFM-1540-PathB-Star-xingyi,PBE,DFT-SR-PBE-BCC-Cr8_U92_151
"{""Ti"": 0.015, ""U"": 0.985}",0.106306,,NFM-1540-PathB-Star-xingyi,PBE,DFT-SR-PBE-BCC-Ti2_U98_165
"{""Mn"": 0.054032000000000004, ""Ru"": 0.036378, ""U"": 0.90959}",-0.062241,,NFM-1540-PathB-Star-xingyi,PBE,DFT-SR-PBE-BCC-Mn5_Ru4_U91_183
"{""Fe"": 0.045, ""U"": 0.955}",-0.040480,,NFM-1540-PathB-Star-xingyi,PBE,DFT-SR-PBE-BCC-Fe4_U96_110
"{""Ti"": 0.017, ""U"": 0.983}",0.106402,,NFM-1540-PathB-Star-xingyi,PBE,DFT-SR-PBE-BCC-Ti2_U98_116
"{""Ti"": 0.116937, ""U"": 0.883063}",0.111946,,NFM-1540-PathB-Star-xingyi,PBE,DFT-SR-PBE-BCC-Ti12_U88_244
"{""Nb"": 0.101844, ""U"": 0.898156}",0.276276,,NFM-1540-PathB-Star-xingyi,PBE,DFT-SR-PBE-BCC-Nb10_U90_131
"{""U"": 0.9390000000000001, ""Zr"": 0.061}",0.319663,,NFM-1540-PathB-Star-xingyi,PBE,DFT-SR-PBE-BCC-U94_Zr6_119
"{""Cr"": 0.067617, ""Mn"": 0.030834, ""U"": 0.901549}",0.309678,,NFM-1540-PathB-Star-xingyi,PBE,DFT-SR-PBE-BCC-Cr7_Mn3_U90_194
"{""Ru"": 0.039823, ""U"": 0.9601770000000001}",-1.826803,,NFM-1540-PathB-Star-xingyi,PBE,DFT-SR-PBE-BCC-Ru4_U96_240
"{""Ru"": 0.041823, ""U"": 0.9581770000000001}",-1.827137,,NFM-1540-PathB-Star-xingyi,PBE,DFT-SR-PBE-BCC-Ru4_U96_381
"{""Fe"": 0.050134, ""Si"": 0.010227, ""U"": 0.939639}",-0.047310,,NFM-1540-PathB-Star-xingyi,PBE,DFT-SR-PBE-BCC-Fe5_Si1_U94_304
"{""Ru"": 0.038445, ""U"": 0.961555}",-1.826694,,NFM-1540-PathB-Star-xingyi,PBE,DFT-SR-PBE-BCC-Ru4_U96_234
"{""Nb"": 0.036996, ""U"": 0.963004}",0.270187,,NFM-1540-PathB-Star-xingyi,PBE,DFT-SR-PBE-BCC-Nb4_U96_350
"{""Cr"": 0.067012, ""U"": 0.932988}",0.469800,,NFM-1540-PathB-Star-xingyi,PBE,DFT-SR-PBE-BCC-Cr7_U93_45
"{""Ru"": 0.070188, ""U"": 0.929812}",-1.831035,,NFM-1540-PathB-Star-xingyi,PBE,DFT-SR-PBE-BCC-Ru7_U93_162
"{""U"": 0.906911, ""Zr"": 0.093089}",0.314309,,NFM-1540-PathB-Star-xingyi,PBE,DFT-SR-PBE-BCC-U91_Zr9_149
"{""U"": 0.870425, ""Zr"": 0.129575}",0.308336,,NFM-1540-PathB-Star-xingyi,PBE,DFT-SR-PBE-BCC-U87_Zr13_59
"{""Ti"": 0.07281, ""U"": 0.92719}",0.109286,,NFM-1540-PathB-Star-xingyi,PBE,DFT-SR-PBE-BCC-Ti7_U93_54
"{""Ti"": 0.07, ""U"": 0.9299999999999999}",0.109130,,NFM-1540-PathB-Star-xingyi,PBE,DFT-SR-PBE-BCC-Ti7_U93_14
"{""Mn"": 0.032704, ""Si"": 0.012806, ""U"": 0.9544900000000001}",-0.051159,,NFM-1540-PathB-Star-xingyi,PBE,DFT-SR-PBE-BCC-Mn3_Si1_U95_246
"{""Ti"": 0.047133, ""U"": 0.952867}",0.107892,,NFM-1540-PathB-Star-xingyi,PBE,DFT-SR-PBE-BCC-Ti5_U95_128
"{""Si"": 0.011576, ""U"": 0.988424}",-0.721259,,NFM-1540-PathB-Star-xingyi,PBE,DFT-SR-PBE-BCC-Si1_U99_5
"{""Si"": 0.009585, ""U"": 0.990415}",-0.721586,,NFM-1540-PathB-Star-xingyi,PBE,DFT-SR-PBE-BCC-Si1_U99_272
"{""Ti"": 0.072608, ""U"": 0.927392}",0.109286,,NFM-1540-PathB-Star-xingyi,PBE,DFT-SR-PBE-BCC-Ti7_U93_192
"{""Nb"": 0.121337, ""U"": 0.878663}",0.278568,,NFM-1540-PathB-Star-xingyi,PBE,DFT-SR-PBE-BCC-Nb12_U88_130
"{""Mo"": 0.151, ""U"": 0.849}",0.200813,,NFM-1540-PathB-Star-xingyi,PBE,DFT-SR-PBE-BCC-Mo15_U85_160
"{""U"": 0.935848, ""V"": 0.064152}",0.326727,,NFM-1540-PathB-Star-xingyi,PBE,DFT-SR-PBE-BCC-U94_V6_46
"{""Nb"": 0.12431599999999998, ""U"": 0.875684}",0.278854,,NFM-1540-PathB-Star-xingyi,PBE,DFT-SR-PBE-BCC-Nb12_U88_219
"{""Mo"": 0.029736000000000002, ""U"": 0.970264}",0.204208,,NFM-1540-PathB-Star-xingyi,PBE,DFT-SR-PBE-BCC-Mo3_U97_169
"{""Al"": 0.025386, ""U"": 0.974614}",-0.173591,,NFM-1540-PathB-Star-xingyi,PBE,DFT-SR-PBE-BCC-Al3_U97_188
"{""Si"": 0.008833, ""U"": 0.991167}",-0.721715,,NFM-1540-PathB-Star-xingyi,PBE,DFT-SR-PBE-BCC-Si1_U99_216
"{""Al"": 0.031412999999999996, ""U"": 0.968587}",-0.171707,,NFM-1540-PathB-Star-xingyi,PBE,DFT-SR-PBE-BCC-Al3_U97_48
"{""Ti"": 0.056499, ""U"": 0.943501}",0.108381,,NFM-1540-PathB-Star-xingyi,PBE,DFT-SR-PBE-BCC-Ti6_U94_203
"{""Cr"": 0.095202, ""Nb"": 0.13755900000000001, ""U"": 0.767239}",0.341006,,NFM-1540-PathB-Star-xingyi,PBE,DFT-SR-PBE-BCC-Cr10_Nb14_U77_391
"{""Cr"": 0.069338, ""U"": 0.930662}",0.314141,,NFM-1540-PathB-Star-xingyi,PBE,DFT-SR-PBE-BCC-Cr7_U93_347
"{""Ti"": 0.11499999999999999, ""U"": 0.885}",0.111810,,NFM-1540-PathB-Star-xingyi,PBE,DFT-SR-PBE-BCC-Ti12_U88_292
"{""Fe"": 0.04, ""U"": 0.96}",-0.037405,,NFM-1540-PathB-Star-xingyi,PBE,DFT-SR-PBE-BCC-Fe4_U96_138
"{""Fe"": 0.037897, ""Si"": 0.011385, ""U"": 0.950718}",-0.040371,,NFM-1540-PathB-Star-xingyi,PBE,DFT-SR-PBE-BCC-Fe4_Si1_U95_179
"{""Al"": 0.011105, ""U"": 0.988895}",-0.177034,,NFM-1540-PathB-Star-xingyi,PBE,DFT-SR-PBE-BCC-Al1_U99_32
"{""Mn"": 0.056545, ""U"": 0.943455}",-0.053785,,NFM-1540-PathB-Star-xingyi,PBE,DFT-SR-PBE-BCC-Mn6_U94_36
"{""U"": 0.962354, ""V"": 0.037646}",0.333612,,NFM-1540-PathB-Star-xingyi,PBE,DFT-SR-PBE-BCC-U96_V4_287
"{""U"": 0.953971, ""Zr"": 0.046029}",0.322296,,NFM-1540-PathB-Star-xingyi,PBE,DFT-SR-PBE-BCC-U95_Zr5_64
"{""Mn"": 0.019274, ""Ru"": 0.025629, ""U"": 0.955097}",-1.827191,,NFM-1540-PathB-Star-xingyi,PBE,DFT-SR-PBE-BCC-Mn2_Ru3_U96_109
"{""Mn"": 0.018971, ""U"": 0.981029}",-0.044601,,NFM-1540-PathB-Star-xingyi,PBE,DFT-SR-PBE-BCC-Mn2_U98_270
"{""Mo"": 0.1228, ""U"": 0.8772}",0.200174,,NFM-1540-PathB-Star-xingyi,PBE,DFT-SR-PBE-BCC-Mo12_U88_260
"{""Mn"": 0.041217, ""U"": 0.958783}",-0.049962,,NFM-1540-PathB-Star-xingyi,PBE,DFT-SR-PBE-BCC-Mn4_U96_83
"{""Nb"": 0.056229, ""U"": 0.943771}",0.272126,,NFM-1540-PathB-Star-xingyi,PBE,DFT-SR-PBE-BCC-Nb6_U94_28
"{""U"": 0.962292, ""Zr"": 0.037708000000000005}",0.323609,,NFM-1540-PathB-Star-xingyi,PBE,DFT-SR-PBE-BCC-U96_Zr4_52
"{""U"": 0.927011, ""V"": 0.072989}",0.324639,,NFM-1540-PathB-Star-xingyi,PBE,DFT-SR-PBE-BCC-U93_V7_195
"{""Ti"": 0.071904, ""U"": 0.928096}",0.109245,,NFM-1540-PathB-Star-xingyi,PBE,DFT-SR-PBE-BCC-Ti7_U93_84
"{""Mn"": 0.01388, ""U"": 0.98612}",-0.043369,,NFM-1540-PathB-Star-xingyi,PBE,DFT-SR-PBE-BCC-Mn1_U99_172
"{""Cr"": 0.035435, ""Mo"": 0.134918, ""U"": 0.829647}",0.203888,,NFM-1540-PathB-Star-xingyi,PBE,DFT-SR-PBE-BCC-Cr4_Mo13_U83_343
"{""Al"": 0.028043, ""U"": 0.971957}",-0.169958,,NFM-1540-PathB-Star-xingyi,PBE,DFT-SR-PBE-BCC-Al3_U97_94
"{""Al"": 0.013104999999999999, ""U"": 0.986895}",-0.176598,,NFM-1540-PathB-Star-xingyi,PBE,DFT-SR-PBE-BCC-Al1_U99_309
"{""Si"": 0.01997, ""U"": 0.98003}",-0.719885,,NFM-1540-PathB-Star-xingyi,PBE,DFT-SR-PBE-BCC-Si2_U98_207
"{""U"": 0.932761, ""Zr"": 0.067239}",0.318547,,NFM-1540-PathB-Star-xingyi,PBE,DFT-SR-PBE-BCC-U93_Zr7_243
"{""Cr"": 0.022012, ""U"": 0.977988}",0.502244,,NFM-1540-PathB-Star-xingyi,PBE,DFT-SR-PBE-BCC-Cr2_U98_31
"{""Al"": 0.023829, ""U"": 0.976171}",-0.176265,,NFM-1540-PathB-Star-xingyi,PBE,DFT-SR-PBE-BCC-Al2_U98_386
"{""Ti"": 0.039478, ""U"": 0.960522}",0.107483,,NFM-1540-PathB-Star-xingyi,PBE,DFT-SR-PBE-BCC-Ti4_U96_2
"{""Mo"": 0.047, ""U"": 0.953}",0.202752,,NFM-1540-PathB-Star-xingyi,PBE,DFT-SR-PBE-BCC-Mo5_U95_287
"{""Ru"": 0.046445, ""U"": 0.953555}",-1.828001,,NFM-1540-PathB-Star-xingyi,PBE,DFT-SR-PBE-BCC-Ru5_U95_372
"{""Si"": 0.014415, ""U"": 0.944106, ""Zr"": 0.041478999999999995}",0.332622,,NFM-1540-PathB-Star-xingyi,PBE,DFT-SR-PBE-BCC-Si1_U94_Zr4_168
"{""Nb"": 0.141539, ""U"": 0.858461}",0.280772,,NFM-1540-PathB-Star-xingyi,PBE,DFT-SR-PBE-BCC-Nb14_U86_90
"{""Cr"": 0.055937, ""U"": 0.944063}",0.477270,,NFM-1540-PathB-Star-xingyi,PBE,DFT-SR-PBE-BCC-Cr6_U94_332
"{""Al"": 0.029412999999999998, ""U"": 0.970587}",-0.174693,,NFM-1540-PathB-Star-xingyi,PBE,DFT-SR-PBE-BCC-Al3_U97_307
"{""Mn"": 0.045533, ""U"": 0.954467}",-0.051159,,NFM-1540-PathB-Star-xingyi,PBE,DFT-SR-PBE-BCC-Mn5_U95_161
"{""Mn"": 0.032761, ""U"": 0.967239}",-0.047934,,NFM-1540-PathB-Star-xingyi,PBE,DFT-SR-PBE-BCC-Mn3_U97_375
"{""Si"": 0.011803000000000001, ""U"": 0.988197}",-0.721259,,NFM-1540-PathB-Star-xingyi,PBE,DFT-SR-PBE-BCC-Si1_U99_147
"{""U"": 0.97674, ""V"": 0.02326}",0.337456,,NFM-1540-PathB-Star-xingyi,PBE,DFT-SR-PBE-BCC-U98_V2_11
"{""Ru"": 0.072464, ""U"": 0.927536}",-1.831123,,NFM-1540-PathB-Star-xingyi,PBE,DFT-SR-PBE-BCC-Ru7_U93_258
"{""Ru"": 0.076188, ""U"": 0.923812}",-1.831518,,NFM-1540-PathB-Star-xingyi,PBE,DFT-SR-PBE-BCC-Ru8_U92_15
"{""Nb"": 0.069, ""U"": 0.931}",0.273282,,NFM-1540-PathB-Star-xingyi,PBE,DFT-SR-PBE-BCC-Nb7_U93_273
"{""Cr"": 0.067338, ""U"": 0.932662}",0.469562,,NFM-1540-PathB-Star-xingyi,PBE,DFT-SR-PBE-BCC-Cr7_U93_380
"{""U"": 0.957664, ""Zr"": 0.042336}",0.322881,,NFM-1540-PathB-Star-xingyi,PBE,DFT-SR-PBE-BCC-U96_Zr4_17
"{""Ru"": 0.048457999999999994, ""U"": 0.951542}",-1.828062,,NFM-1540-PathB-Star-xingyi,PBE,DFT-SR-PBE-BCC-Ru5_U95_175
"{""Cr"": 0.045362, ""U"": 0.954638}",0.484692,,NFM-1540-PathB-Star-xingyi,PBE,DFT-SR-PBE-BCC-Cr5_U95_233
"{""Mo"": 0.138197, ""Nb"": 0.143148, ""U"": 0.718655}",0.324026,,NFM-1540-PathB-Star-xingyi,PBE,DFT-SR-PBE-BCC-Mo14_Nb14_U72_196
"{""Nb"": 0.096105, ""U"": 0.903895}",0.275663,,NFM-1540-PathB-Star-xingyi,PBE,DFT-SR-PBE-BCC-Nb10_U90_300
"{""Cr"": 0.028966, ""Mn"": 0.01708, ""U"": 0.953954}",0.323318,,NFM-1540-PathB-Star-xingyi,PBE,DFT-SR-PBE-BCC-Cr3_Mn2_U95_21
"{""U"": 0.92, ""Zr"": 0.08}",0.316513,,NFM-1540-PathB-Star-xingyi,PBE,DFT-SR-PBE-BCC-U92_Zr8_29
"{""Al"": 0.013739999999999999, ""U"": 0.954362, ""V"": 0.031898}",0.333027,,NFM-1540-PathB-Star-xingyi,PBE,DFT-SR-PBE-BCC-Al1_U95_V3_263
"{""Mn"": 0.025214, ""U"": 0.974786}",-0.046009,,NFM-1540-PathB-Star-xingyi,PBE,DFT-SR-PBE-BCC-Mn3_U97_196
"{""Cr"": 0.072121, ""Mn"": 0.012111, ""U"": 0.915768}",0.311427,,NFM-1540-PathB-Star-xingyi,PBE,DFT-SR-PBE-BCC-Cr7_Mn1_U92_125
"{""Ti"": 0.031478, ""U"": 0.968522}",0.107089,,NFM-1540-PathB-Star-xingyi,PBE,DFT-SR-PBE-BCC-Ti3_U97_0
"{""Fe"": 0.052961, ""U"": 0.908907, ""V"": 0.038132}",-0.060889,,NFM-1540-PathB-Star-xingyi,PBE,DFT-SR-PBE-BCC-Fe5_U91_V4_72
"{""Cr"": 0.017, ""U"": 0.983}",0.506074,,NFM-1540-PathB-Star-xingyi,PBE,DFT-SR-PBE-BCC-Cr2_U98_329
"{""Ti"": 0.041655, ""U"": 0.958345}",0.107592,,NFM-1540-PathB-Star-xingyi,PBE,DFT-SR-PBE-BCC-Ti4_U96_145
"{""Ti"": 0.095205, ""U"": 0.852706, ""V"": 0.052089}",0.122096,,NFM-1540-PathB-Star-xingyi,PBE,DFT-SR-PBE-BCC-Ti10_U85_V5_215
"{""Al"": 0.010547, ""U"": 0.989453}",-0.177564,,NFM-1540-PathB-Star-xingyi,PBE,DFT-SR-PBE-BCC-Al1_U99_93
"{""Mo"": 0.057669000000000005, ""U"": 0.942331}",0.202011,,NFM-1540-PathB-Star-xingyi,PBE,DFT-SR-PBE-BCC-Mo6_U94_93
"{""Ru"": 0.033572, ""U"": 0.966428}",-1.825715,,NFM-1540-PathB-Star-xingyi,PBE,DFT-SR-PBE-BCC-Ru3_U97_73
"{""Fe"": 0.021056000000000002, ""U"": 0.978944}",-0.025234,,NFM-1540-PathB-Star-xingyi,PBE,DFT-SR-PBE-BCC-Fe2_U98_161
"{""Cr"": 0.067617, ""Mn"": 0.033834, ""U"": 0.898549}",0.309216,,NFM-1540-PathB-Star-xingyi,PBE,DFT-SR-PBE-BCC-Cr7_Mn3_U90_83
"{""Mo"": 0.078023, ""U"": 0.921977}",0.200943,,NFM-1540-PathB-Star-xingyi,PBE,DFT-SR-PBE-BCC-Mo8_U92_89
"{""Mn"": 0.041497, ""U"": 0.958503}",-0.050206,,NFM-1540-PathB-Star-xingyi,PBE,DFT-SR-PBE-BCC-Mn4_U96_222
"{""Nb"": 0.130032, ""U"": 0.869968}",0.279514,,NFM-1540-PathB-Star-xingyi,PBE,DFT-SR-PBE-BCC-Nb13_U87_130
"{""Mn"": 0.032704, ""Si"": 0.011806, ""U"": 0.95549}",-0.050792,,NFM-1540-PathB-Star-xingyi,PBE,DFT-SR-PBE-BCC-Mn3_Si1_U96_106
"{""Mo"": 0.085, ""Nb"": 0.04, ""U"": 0.875}",0.200215,,NFM-1540-PathB-Star-xingyi,PBE,DFT-SR-PBE-BCC-Mo8_Nb4_U88_13
"{""Cr"": 0.090269, ""Mn"": 0.048208, ""U"": 0.861523}",0.302868,,NFM-1540-PathB-Star-xingyi,PBE,DFT-SR-PBE-BCC-Cr9_Mn5_U86_299
"{""Al"": 0.017466, ""U"": 0.982534}",-0.177938,,NFM-1540-PathB-Star-xingyi,PBE,DFT-SR-PBE-BCC-Al2_U98_295
"{""Mo"": 0.121372, ""U"": 0.832068, ""V"": 0.04656}",0.202684,,NFM-1540-PathB-Star-xingyi,PBE,DFT-SR-PBE-BCC-Mo12_U83_V5_325
"{""Fe"": 0.041, ""U"": 0.959}",-0.038044,,NFM-1540-PathB-Star-xingyi,PBE,DFT-SR-PBE-BCC-Fe4_U96_25
"{""Al"": 0.021642, ""U"": 0.978358}",-0.176830,,NFM-1540-PathB-Star-xingyi,PBE,DFT-SR-PBE-BCC-Al2_U98_36
"{""Mn"": 0.019596000000000002, ""U"": 0.980404}",-0.044825,,NFM-1540-PathB-Star-xingyi,PBE,DFT-SR-PBE-BCC-Mn2_U98_14
"{""Cr"": 0.072953, ""U"": 0.927047}",0.465902,,NFM-1540-PathB-Star-xingyi,PBE,DFT-SR-PBE-BCC-Cr7_U93_199
"{""Mo"": 0.034928, ""U"": 0.965072}",0.203725,,NFM-1540-PathB-Star-xingyi,PBE,DFT-SR-PBE-BCC-Mo3_U97_132
"{""U"": 0.957292, ""Zr"": 0.042708}",0.322881,,NFM-1540-PathB-Star-xingyi,PBE,DFT-SR-PBE-BCC-U96_Zr4_201
"{""Al"": 0.02042, ""Mo"": 0.049360999999999995, ""U"": 0.930219}",0.201548,,NFM-1540-PathB-Star-xingyi,PBE,DFT-SR-PBE-BCC-Al2_Mo5_U93_137
"{""U"": 0.897278, ""Zr"": 0.102722}",0.312846,,NFM-1540-PathB-Star-xingyi,PBE,DFT-SR-PBE-BCC-U90_Zr10_302
"{""U"": 0.937255, ""V"": 0.062745}",0.327020,,NFM-1540-PathB-Star-xingyi,PBE,DFT-SR-PBE-BCC-U94_V6_60
"{""U"": 0.915491, ""Zr"": 0.084509}",0.315778,,NFM-1540-PathB-Star-xingyi,PBE,DFT-SR-PBE-BCC-U92_Zr8_19
"{""Al"": 0.026774, ""Mo"": 0.125772, ""U"": 0.847454}",0.200766,,NFM-1540-PathB-Star-xingyi,PBE,DFT-SR-PBE-BCC-Al3_Mo13_U85_297
"{""Ti"": 0.088535, ""U"": 0.911465}",0.110191,,NFM-1540-PathB-Star-xingyi,PBE,DFT-SR-PBE-BCC-Ti9_U91_287
"{""Nb"": 0.052416, ""Ru"": 0.052634, ""U"": 0.89495}",-1.831116,,NFM-1540-PathB-Star-xingyi,PBE,DFT-SR-PBE-BCC-Nb5_Ru5_U89_297
"{""Al"": 0.031774, ""Mo"": 0.125772, ""U"": 0.842454}",0.200827,,NFM-1540-PathB-Star-xingyi,PBE,DFT-SR-PBE-BCC-Al3_Mo13_U84_46
"{""U"": 0.977674, ""V"": 0.022326}",0.334823,,NFM-1540-PathB-Star-xingyi,PBE,DFT-SR-PBE-BCC-U98_V2_54
"{""Fe"": 0.063026, ""U"": 0.936974}",-0.051215,,NFM-1540-PathB-Star-xingyi,PBE,DFT-SR-PBE-BCC-Fe6_U94_218
"{""U"": 0.870266, ""Zr"": 0.129734}",0.308336,,NFM-1540-PathB-Star-xingyi,PBE,DFT-SR-PBE-BCC-U87_Zr13_48
"{""Nb"": 0.126236, ""Si"": 0.00712, ""U"": 0.866644}",0.280929,,NFM-1540-PathB-Star-xingyi,PBE,DFT-SR-PBE-BCC-Nb13_Si1_U87_210
"{""Si"": 0.017743000000000002, ""U"": 0.982257}",-0.720273,,NFM-1540-PathB-Star-xingyi,PBE,DFT-SR-PBE-BCC-Si2_U98_310
"{""Nb"": 0.10300000000000001, ""U"": 0.897}",0.276344,,NFM-1540-PathB-Star-xingyi,PBE,DFT-SR-PBE-BCC-Nb10_U90_248
"{""Mo"": 0.046909, ""U"": 0.926611, ""V"": 0.02648}",0.200711,,NFM-1540-PathB-Star-xingyi,PBE,DFT-SR-PBE-BCC-Mo5_U93_V3_187
"{""Mn"": 0.056163000000000005, ""U"": 0.943837}",-0.053717,,NFM-1540-PathB-Star-xingyi,PBE,DFT-SR-PBE-BCC-Mn6_U94_386
"{""Nb"": 0.08421000000000001, ""U"": 0.91579}",0.274738,,NFM-1540-PathB-Star-xingyi,PBE,DFT-SR-PBE-BCC-Nb8_U92_133
"{""U"": 0.879382, ""Zr"": 0.120618}",0.309771,,NFM-1540-PathB-Star-xingyi,PBE,DFT-SR-PBE-BCC-U88_Zr12_13
"{""Al"": 0.02997, ""U"": 0.905467, ""Zr"": 0.064563}",0.332813,,NFM-1540-PathB-Star-xingyi,PBE,DFT-SR-PBE-BCC-Al3_U91_Zr6_118
"{""Fe"": 0.021, ""U"": 0.979}",-0.025234,,NFM-1540-PathB-Star-xingyi,PBE,DFT-SR-PBE-BCC-Fe2_U98_52
"{""Al"": 0.026223, ""U"": 0.973777}",-0.170387,,NFM-1540-PathB-Star-xingyi,PBE,DFT-SR-PBE-BCC-Al3_U97_338
"{""Mo"": 8.2, ""Ti"": 6.7, ""U"": 85}",0.200153,,NFM-1540-PathB-Star-xingyi,PBE,DFT-SR-PBE-BCC-Mo820_Ti670_U8500_377
"{""Fe"": 0.057, ""U"": 0.943}",-0.047718,,NFM-1540-PathB-Star-xingyi,PBE,DFT-SR-PBE-BCC-Fe6_U94_191
"{""Cr"": 0.050172, ""Mn"": 0.046527, ""U"": 0.903301}",0.462215,,NFM-1540-PathB-Star-xingyi,PBE,DFT-SR-PBE-BCC-Cr5_Mn5_U90_200
"{""Cr"": 0.022614, ""Si"": 0.007594, ""U"": 0.969792}",0.327590,,NFM-1540-PathB-Star-xingyi,PBE,DFT-SR-PBE-BCC-Cr2_Si1_U97_0
"{""Cr"": 0.028152, ""Mo"": 0.10246000000000001, ""U"": 0.869388}",0.200990,,NFM-1540-PathB-Star-xingyi,PBE,DFT-SR-PBE-BCC-Cr3_Mo10_U87_32
"{""Nb"": 0.109251, ""Si"": 0.008997, ""U"": 0.881752}",0.279514,,NFM-1540-PathB-Star-xingyi,PBE,DFT-SR-PBE-BCC-Nb11_Si1_U88_102
"{""Mo"": 0.138197, ""Nb"": 0.148148, ""U"": 0.713655}",0.325094,,NFM-1540-PathB-Star-xingyi,PBE,DFT-SR-PBE-BCC-Mo14_Nb15_U71_298
"{""U"": 0.948222, ""V"": 0.051778}",0.329829,,NFM-1540-PathB-Star-xingyi,PBE,DFT-SR-PBE-BCC-U95_V5_332
"{""Cr"": 0.068216, ""Ti"": 0.105546, ""U"": 0.826238}",0.135253,,NFM-1540-PathB-Star-xingyi,PBE,DFT-SR-PBE-BCC-Cr7_Ti11_U83_322
"{""Al"": 0.01751, ""U"": 0.98249}",-0.177938,,NFM-1540-PathB-Star-xingyi,PBE,DFT-SR-PBE-BCC-Al2_U98_175
"{""Mo"": 0.070966, ""Ru"": 0.074923, ""U"": 0.8541110000000001}",-1.833838,,NFM-1540-PathB-Star-xingyi,PBE,DFT-SR-PBE-BCC-Mo7_Ru7_U85_43
"{""Cr"": 0.060499000000000004, ""U"": 0.939501}",0.474154,,NFM-1540-PathB-Star-xingyi,PBE,DFT-SR-PBE-BCC-Cr6_U94_391
"{""U"": 0.926221, ""V"": 0.07377900000000001}",0.324462,,NFM-1540-PathB-Star-xingyi,PBE,DFT-SR-PBE-BCC-U93_V7_30
"{""Mo"": 0.1, ""U"": 0.9}",0.200303,,NFM-1540-PathB-Star-xingyi,PBE,DFT-SR-PBE-BCC-Mo10_U90_26
"{""Cr"": 0.061056000000000006, ""U"": 0.938944}",0.316508,,NFM-1540-PathB-Star-xingyi,PBE,DFT-SR-PBE-BCC-Cr6_U94_213
"{""Al"": 0.016904, ""U"": 0.983096}",-0.175503,,NFM-1540-PathB-Star-xingyi,PBE,DFT-SR-PBE-BCC-Al2_U98_52
"{""Mo"": 0.083789, ""Ru"": 0.030062000000000002, ""U"": 0.886149}",0.200181,,NFM-1540-PathB-Star-xingyi,PBE,DFT-SR-PBE-BCC-Mo8_Ru3_U89_214
"{""U"": 0.95238, ""Zr"": 0.04762}",0.321915,,NFM-1540-PathB-Star-xingyi,PBE,DFT-SR-PBE-BCC-U95_Zr5_180
"{""Nb"": 0.039161, ""U"": 0.960839}",0.270690,,NFM-1540-PathB-Star-xingyi,PBE,DFT-SR-PBE-BCC-Nb4_U96_360
"{""Al"": 0.02153, ""Fe"": 0.032126, ""U"": 0.946344}",-0.038044,,NFM-1540-PathB-Star-xingyi,PBE,DFT-SR-PBE-BCC-Al2_Fe3_U95_291
"{""Ti"": 0.11686, ""U"": 0.88314}",0.111946,,NFM-1540-PathB-Star-xingyi,PBE,DFT-SR-PBE-BCC-Ti12_U88_387
"{""U"": 0.79948, ""V"": 0.073763, ""Zr"": 0.126757}",0.370257,,NFM-1540-PathB-Star-xingyi,PBE,DFT-SR-PBE-BCC-U80_V7_Zr13_5
"{""Cr"": 0.050816, ""Mn"": 0.013775, ""U"": 0.935409}",0.317019,,NFM-1540-PathB-Star-xingyi,PBE,DFT-SR-PBE-BCC-Cr5_Mn1_U94_352
"{""Cr"": 0.03618, ""U"": 0.96382}",0.324447,,NFM-1540-PathB-Star-xingyi,PBE,DFT-SR-PBE-BCC-Cr4_U96_58
"{""Ru"": 0.064193, ""U"": 0.935807}",-1.830348,,NFM-1540-PathB-Star-xingyi,PBE,DFT-SR-PBE-BCC-Ru6_U94_163
"{""Fe"": 0.02379, ""U"": 0.97621}",-0.027050,,NFM-1540-PathB-Star-xingyi,PBE,DFT-SR-PBE-BCC-Fe2_U98_201
"{""Cr"": 0.047362, ""U"": 0.952638}",0.320713,,NFM-1540-PathB-Star-xingyi,PBE,DFT-SR-PBE-BCC-Cr5_U95_335
"{""Mo"": 0.083, ""Nb"": 0.04, ""U"": 0.877}",0.200249,,NFM-1540-PathB-Star-xingyi,PBE,DFT-SR-PBE-BCC-Mo8_Nb4_U88_227
"{""Cr"": 0.067241, ""Mn"": 0.045589, ""U"": 0.88717}",0.452221,,NFM-1540-PathB-Star-xingyi,PBE,DFT-SR-PBE-BCC-Cr7_Mn5_U89_86
"{""Si"": 0.006249, ""U"": 0.900207, ""Zr"": 0.093544}",0.318363,,NFM-1540-PathB-Star-xingyi,PBE,DFT-SR-PBE-BCC-Si1_U90_Zr9_335
"{""Nb"": 16.2, ""U"": 75, ""Zr"": 8.8}",0.277296,,NFM-1540-PathB-Star-xingyi,PBE,DFT-SR-PBE-BCC-Nb1620_U7500_Zr880_356
"{""Cr"": 0.09705, ""U"": 0.90295}",0.451208,,NFM-1540-PathB-Star-xingyi,PBE,DFT-SR-PBE-BCC-Cr10_U90_135
"{""Cr"": 0.050637, ""U"": 0.949363}",0.480937,,NFM-1540-PathB-Star-xingyi,PBE,DFT-SR-PBE-BCC-Cr5_U95_97
"{""U"": 0.890869, ""Zr"": 0.109131}",0.311758,,NFM-1540-PathB-Star-xingyi,PBE,DFT-SR-PBE-BCC-U89_Zr11_372
"{""Fe"": 0.039477, ""U"": 0.960523}",-0.037078,,NFM-1540-PathB-Star-xingyi,PBE,DFT-SR-PBE-BCC-Fe4_U96_275
"{""Al"": 0.027042999999999998, ""U"": 0.972957}",-0.175367,,NFM-1540-PathB-Star-xingyi,PBE,DFT-SR-PBE-BCC-Al3_U97_49
"{""Ti"": 0.096592, ""U"": 0.903408}",0.110654,,NFM-1540-PathB-Star-xingyi,PBE,DFT-SR-PBE-BCC-Ti10_U90_135
"{""U"": 0.849, ""Zr"": 0.151}",0.304948,,NFM-1540-PathB-Star-xingyi,PBE,DFT-SR-PBE-BCC-U85_Zr15_293
"{""Ti"": 0.12256500000000001, ""U"": 0.7547820000000001, ""Zr"": 0.122653}",0.342099,,NFM-1540-PathB-Star-xingyi,PBE,DFT-SR-PBE-BCC-Ti12_U75_Zr12_33
"{""Mn"": 0.037217, ""U"": 0.9627829999999999}",-0.049159,,NFM-1540-PathB-Star-xingyi,PBE,DFT-SR-PBE-BCC-Mn4_U96_333
"{""Nb"": 0.052599, ""Ta"": 0.023740999999999998, ""U"": 0.92366}",0.273779,,NFM-1540-PathB-Star-xingyi,PBE,DFT-SR-PBE-BCC-Nb5_Ta2_U92_136
"{""Ru"": 0.071655, ""U"": 0.852445, ""V"": 0.0759}",0.284725,,NFM-1540-PathB-Star-xingyi,PBE,DFT-SR-PBE-BCC-Ru7_U85_V8_390
"{""Al"": 0.027855, ""U"": 0.972145}",-0.169958,,NFM-1540-PathB-Star-xingyi,PBE,DFT-SR-PBE-BCC-Al3_U97_277
"{""U"": 0.978037, ""V"": 0.021963}",0.338224,,NFM-1540-PathB-Star-xingyi,PBE,DFT-SR-PBE-BCC-U98_V2_52
"{""Nb"": 0.07500000000000001, ""U"": 0.925}",0.273847,,NFM-1540-PathB-Star-xingyi,PBE,DFT-SR-PBE-BCC-Nb8_U92_260
"{""Si"": 0.014579000000000002, ""U"": 0.985421}",-0.720796,,NFM-1540-PathB-Star-xingyi,PBE,DFT-SR-PBE-BCC-Si1_U99_151
"{""Ti"": 0.090519, ""U"": 0.909481}",0.110313,,NFM-1540-PathB-Star-xingyi,PBE,DFT-SR-PBE-BCC-Ti9_U91_155
"{""Mo"": 0.054269, ""U"": 0.945731}",0.202228,,NFM-1540-PathB-Star-xingyi,PBE,DFT-SR-PBE-BCC-Mo5_U95_143
"{""Cr"": 0.028614, ""Si"": 0.007594, ""U"": 0.963792}",0.325420,,NFM-1540-PathB-Star-xingyi,PBE,DFT-SR-PBE-BCC-Cr3_Si1_U96_69
"{""Nb"": 0.139539, ""U"": 0.860461}",0.280541,,NFM-1540-PathB-Star-xingyi,PBE,DFT-SR-PBE-BCC-Nb14_U86_112
"{""Cr"": 0.028152, ""Mo"": 0.09446, ""U"": 0.8773880000000001}",0.200698,,NFM-1540-PathB-Star-xingyi,PBE,DFT-SR-PBE-BCC-Cr3_Mo9_U88_307
"{""Nb"": 0.080923, ""U"": 0.919077}",0.274418,,NFM-1540-PathB-Star-xingyi,PBE,DFT-SR-PBE-BCC-Nb8_U92_106
"{""U"": 25, ""Zr"": 75.0}",0.225455,,NFM-1540-PathB-Star-xingyi,PBE,DFT-SR-PBE-BCC-U2500_Zr7500_307
"{""Mo"": 33.3, ""U"": 66.7}",0.225916,,NFM-1540-PathB-Star-xingyi,PBE,DFT-SR-PBE-BCC-Mo3330_U6670_214
"{""Si"": 0.016362, ""U"": 0.951459, ""Zr"": 0.032179}",0.335561,,NFM-1540-PathB-Star-xingyi,PBE,DFT-SR-PBE-BCC-Si2_U95_Zr3_387
"{""Ta"": 0.032825, ""Ti"": 0.10878600000000001, ""U"": 0.858389}",0.113749,,NFM-1540-PathB-Star-xingyi,PBE,DFT-SR-PBE-BCC-Ta3_Ti11_U86_41
"{""Fe"": 0.018092, ""Mn"": 0.055071, ""U"": 0.926838}",-0.060152,,NFM-1540-PathB-Star-xingyi,PBE,DFT-SR-PBE-BCC-Fe2_Mn6_U93_98
"{""Cr"": 0.022203999999999998, ""U"": 0.977796}",0.501979,,NFM-1540-PathB-Star-xingyi,PBE,DFT-SR-PBE-BCC-Cr2_U98_134
"{""Ti"": 0.069608, ""U"": 0.930392}",0.109082,,NFM-1540-PathB-Star-xingyi,PBE,DFT-SR-PBE-BCC-Ti7_U93_66
"{""Mn"": 0.019117, ""Ru"": 0.034866, ""U"": 0.946017}",-1.828511,,NFM-1540-PathB-Star-xingyi,PBE,DFT-SR-PBE-BCC-Mn2_Ru3_U95_93
"{""Nb"": 0.08321, ""U"": 0.91679}",0.274677,,NFM-1540-PathB-Star-xingyi,PBE,DFT-SR-PBE-BCC-Nb8_U92_265
"{""U"": 0.921401, ""V"": 0.078599}",0.323428,,NFM-1540-PathB-Star-xingyi,PBE,DFT-SR-PBE-BCC-U92_V8_269
"{""Mo"": 0.100084, ""Nb"": 0.104011, ""U"": 0.795905}",0.303188,,NFM-1540-PathB-Star-xingyi,PBE,DFT-SR-PBE-BCC-Mo10_Nb10_U80_369
"{""Mo"": 0.037736, ""U"": 0.962264}",0.203494,,NFM-1540-PathB-Star-xingyi,PBE,DFT-SR-PBE-BCC-Mo4_U96_209
"{""Fe"": 0.030894, ""U"": 0.969106}",-0.031622,,NFM-1540-PathB-Star-xingyi,PBE,DFT-SR-PBE-BCC-Fe3_U97_94
"{""Si"": 0.011278, ""U"": 0.988722}",-0.721347,,NFM-1540-PathB-Star-xingyi,PBE,DFT-SR-PBE-BCC-Si1_U99_60
"{""Fe"": 0.04249, ""U"": 0.95751}",-0.038894,,NFM-1540-PathB-Star-xingyi,PBE,DFT-SR-PBE-BCC-Fe4_U96_205
"{""Ti"": 0.106592, ""U"": 0.893408}",0.111273,,NFM-1540-PathB-Star-xingyi,PBE,DFT-SR-PBE-BCC-Ti11_U89_14
"{""Mo"": 0.122202, ""U"": 0.755116, ""Zr"": 0.122682}",0.383495,,NFM-1540-PathB-Star-xingyi,PBE,DFT-SR-PBE-BCC-Mo12_U76_Zr12_269
"{""Fe"": 0.041915999999999995, ""U"": 0.958084}",-0.038582,,NFM-1540-PathB-Star-xingyi,PBE,DFT-SR-PBE-BCC-Fe4_U96_44
"{""Mo"": 0.032256, ""U"": 0.967744}",0.203963,,NFM-1540-PathB-Star-xingyi,PBE,DFT-SR-PBE-BCC-Mo3_U97_65
"{""Mo"": 0.083, ""U"": 0.847, ""Zr"": 0.07}",0.201752,,NFM-1540-PathB-Star-xingyi,PBE,DFT-SR-PBE-BCC-Mo8_U85_Zr7_9
"{""Cr"": 0.037715, ""U"": 0.9622850000000001}",0.323910,,NFM-1540-PathB-Star-xingyi,PBE,DFT-SR-PBE-BCC-Cr4_U96_1
"{""Fe"": 0.022667, ""U"": 0.977333}",-0.026255,,NFM-1540-PathB-Star-xingyi,PBE,DFT-SR-PBE-BCC-Fe2_U98_139
"{""U"": 0.856325, ""Zr"": 0.143675}",0.306186,,NFM-1540-PathB-Star-xingyi,PBE,DFT-SR-PBE-BCC-U86_Zr14_376
"{""Ru"": 0.031519, ""Ti"": 0.051959, ""U"": 0.9165220000000001}",0.113606,,NFM-1540-PathB-Star-xingyi,PBE,DFT-SR-PBE-BCC-Ru3_Ti5_U92_127
"{""Si"": 0.014370999999999998, ""U"": 0.985629}",-0.720844,,NFM-1540-PathB-Star-xingyi,PBE,DFT-SR-PBE-BCC-Si1_U99_86
"{""Nb"": 0.092828, ""U"": 0.907172}",0.275595,,NFM-1540-PathB-Star-xingyi,PBE,DFT-SR-PBE-BCC-Nb9_U91_96
"{""Ti"": 0.048928, ""U"": 0.951072}",0.107966,,NFM-1540-PathB-Star-xingyi,PBE,DFT-SR-PBE-BCC-Ti5_U95_350
"{""Ru"": 0.07601100000000001, ""U"": 0.923989}",-1.831620,,NFM-1540-PathB-Star-xingyi,PBE,DFT-SR-PBE-BCC-Ru8_U92_185
"{""Mn"": 0.036217, ""U"": 0.9637830000000001}",-0.048955,,NFM-1540-PathB-Star-xingyi,PBE,DFT-SR-PBE-BCC-Mn4_U96_280
"{""Mn"": 0.038612, ""Mo"": 0.057926000000000005, ""U"": 0.903462}",0.200249,,NFM-1540-PathB-Star-xingyi,PBE,DFT-SR-PBE-BCC-Mn4_Mo6_U90_380
"{""Ti"": 0.071869, ""U"": 0.928131}",0.109245,,NFM-1540-PathB-Star-xingyi,PBE,DFT-SR-PBE-BCC-Ti7_U93_92
"{""Mn"": 0.032704, ""Si"": 0.012806, ""U"": 0.95449}",-0.051159,,NFM-1540-PathB-Star-xingyi,PBE,DFT-SR-PBE-BCC-Mn3_Si1_U95_20
"{""Nb"": 0.052989, ""U"": 0.947011}",0.271833,,NFM-1540-PathB-Star-xingyi,PBE,DFT-SR-PBE-BCC-Nb5_U95_61
"{""Mn"": 0.012746999999999998, ""U"": 0.987253}",-0.043070,,NFM-1540-PathB-Star-xingyi,PBE,DFT-SR-PBE-BCC-Mn1_U99_55
"{""Mn"": 0.036623, ""U"": 0.963377}",-0.049023,,NFM-1540-PathB-Star-xingyi,PBE,DFT-SR-PBE-BCC-Mn4_U96_394
"{""Fe"": 0.026203, ""Ru"": 0.072007, ""U"": 0.90179}",-1.833715,,NFM-1540-PathB-Star-xingyi,PBE,DFT-SR-PBE-BCC-Fe3_Ru7_U90_41
"{""Nb"": 12.8, ""U"": 85, ""Zr"": 2.2}",0.277867,,NFM-1540-PathB-Star-xingyi,PBE,DFT-SR-PBE-BCC-Nb1280_U8500_Zr220_359
"{""Ti"": 0.106303, ""U"": 0.893697}",0.111273,,NFM-1540-PathB-Star-xingyi,PBE,DFT-SR-PBE-BCC-Ti11_U89_196
"{""Nb"": 0.119032, ""U"": 0.880968}",0.278350,,NFM-1540-PathB-Star-xingyi,PBE,DFT-SR-PBE-BCC-Nb12_U88_286
"{""Si"": 0.012427, ""Ti"": 0.054134, ""U"": 0.933439}",0.109980,,NFM-1540-PathB-Star-xingyi,PBE,DFT-SR-PBE-BCC-Si1_Ti5_U93_370
"{""Nb"": 0.01, ""U"": 0.99}",0.268323,,NFM-1540-PathB-Star-xingyi,PBE,DFT-SR-PBE-BCC-Nb1_U99_343
"{""Nb"": 0.047277, ""U"": 0.952723}",0.271105,,NFM-1540-PathB-Star-xingyi,PBE,DFT-SR-PBE-BCC-Nb5_U95_322
"{""Mn"": 0.055056, ""Ru"": 0.028046, ""U"": 0.916898}",-0.060581,,NFM-1540-PathB-Star-xingyi,PBE,DFT-SR-PBE-BCC-Mn6_Ru3_U92_84
"{""Mn"": 0.034641, ""U"": 0.965359}",-0.048533,,NFM-1540-PathB-Star-xingyi,PBE,DFT-SR-PBE-BCC-Mn3_U97_58
"{""Fe"": 0.040885, ""U"": 0.883018, ""Zr"": 0.076097}",0.364447,,NFM-1540-PathB-Star-xingyi,PBE,DFT-SR-PBE-BCC-Fe4_U88_Zr8_308
"{""Al"": 0.01548, ""Mn"": 0.055704000000000004, ""U"": 0.928816}",-0.055853,,NFM-1540-PathB-Star-xingyi,PBE,DFT-SR-PBE-BCC-Al2_Mn6_U93_17
"{""Nb"": 15.0, ""U"": 80, ""Zr"": 5.0}",0.278425,,NFM-1540-PathB-Star-xingyi,PBE,DFT-SR-PBE-BCC-Nb1500_U8000_Zr500_342
"{""Cr"": 0.049482, ""U"": 0.950518}",0.320046,,NFM-1540-PathB-Star-xingyi,PBE,DFT-SR-PBE-BCC-Cr5_U95_73
"{""Fe"": 0.052961, ""U"": 0.916907, ""V"": 0.030131999999999996}",-0.057793,,NFM-1540-PathB-Star-xingyi,PBE,DFT-SR-PBE-BCC-Fe5_U92_V3_114
"{""Mo"": 0.06, ""Nb"": 0.037, ""U"": 0.903}",0.200929,,NFM-1540-PathB-Star-xingyi,PBE,DFT-SR-PBE-BCC-Mo6_Nb4_U90_116
"{""Cr"": 0.054816, ""Mn"": 0.013775, ""U"": 0.931409}",0.315842,,NFM-1540-PathB-Star-xingyi,PBE,DFT-SR-PBE-BCC-Cr5_Mn1_U93_365
"{""Mo"": 0.153, ""U"": 0.847}",0.200922,,NFM-1540-PathB-Star-xingyi,PBE,DFT-SR-PBE-BCC-Mo15_U85_47
"{""Mo"": 0.10027699999999999, ""U"": 0.899723}",0.200289,,NFM-1540-PathB-Star-xingyi,PBE,DFT-SR-PBE-BCC-Mo10_U90_248
"{""U"": 0.9231, ""V"": 0.0769}",0.323645,,NFM-1540-PathB-Star-xingyi,PBE,DFT-SR-PBE-BCC-U92_V8_294
"{""Fe"": 0.038701, ""U"": 0.961299}",-0.036541,,NFM-1540-PathB-Star-xingyi,PBE,DFT-SR-PBE-BCC-Fe4_U96_103
"{""Ti"": 0.054831, ""U"": 0.945169}",0.108307,,NFM-1540-PathB-Star-xingyi,PBE,DFT-SR-PBE-BCC-Ti5_U95_22
"{""Cr"": 0.055056, ""U"": 0.944944}",0.477896,,NFM-1540-PathB-Star-xingyi,PBE,DFT-SR-PBE-BCC-Cr6_U94_293
"{""Cr"": 0.058519, ""U"": 0.941481}",0.475467,,NFM-1540-PathB-Star-xingyi,PBE,DFT-SR-PBE-BCC-Cr6_U94_211
"{""Mn"": 0.043533, ""U"": 0.956467}",-0.050513,,NFM-1540-PathB-Star-xingyi,PBE,DFT-SR-PBE-BCC-Mn4_U96_268
"{""Al"": 0.024818, ""Cr"": 0.059685, ""U"": 0.915497}",0.467725,,NFM-1540-PathB-Star-xingyi,PBE,DFT-SR-PBE-BCC-Al2_Cr6_U92_368
"{""U"": 0.965, ""V"": 0.035}",0.292937,,NFM-1540-PathB-Star-xingyi,PBE,DFT-SR-PBE-BCC-U96_V4_387
"{""Al"": 0.028512000000000003, ""U"": 0.971488}",-0.175034,,NFM-1540-PathB-Star-xingyi,PBE,DFT-SR-PBE-BCC-Al3_U97_26
"{""Nb"": 0.056527999999999995, ""Si"": 0.005655, ""U"": 0.937817}",0.273405,,NFM-1540-PathB-Star-xingyi,PBE,DFT-SR-PBE-BCC-Nb6_Si1_U94_342
"{""Nb"": 0.095346, ""U"": 0.820875, ""Zr"": 0.08377899999999999}",0.271200,,NFM-1540-PathB-Star-xingyi,PBE,DFT-SR-PBE-BCC-Nb10_U82_Zr8_362
"{""Ti"": 0.041715, ""U"": 0.958285}",0.107592,,NFM-1540-PathB-Star-xingyi,PBE,DFT-SR-PBE-BCC-Ti4_U96_390
"{""Nb"": 0.095346, ""U"": 0.812875, ""Zr"": 0.091779}",0.270758,,NFM-1540-PathB-Star-xingyi,PBE,DFT-SR-PBE-BCC-Nb10_U81_Zr9_40
"{""Fe"": 0.050985, ""U"": 0.9490149999999999}",-0.044133,,NFM-1540-PathB-Star-xingyi,PBE,DFT-SR-PBE-BCC-Fe5_U95_256
"{""Ru"": 0.047, ""U"": 0.953}",-1.828075,,NFM-1540-PathB-Star-xingyi,PBE,DFT-SR-PBE-BCC-Ru5_U95_120
"{""Fe"": 0.022385, ""Nb"": 0.097088, ""U"": 0.8805270000000001}",0.285800,,NFM-1540-PathB-Star-xingyi,PBE,DFT-SR-PBE-BCC-Fe2_Nb10_U88_286
"{""Mn"": 0.044118, ""U"": 0.955882}",-0.050649,,NFM-1540-PathB-Star-xingyi,PBE,DFT-SR-PBE-BCC-Mn4_U96_113
"{""Ru"": 0.037219, ""U"": 0.962781}",-1.826375,,NFM-1540-PathB-Star-xingyi,PBE,DFT-SR-PBE-BCC-Ru4_U96_388
"{""Nb"": 35.0, ""U"": 65}",0.310794,,NFM-1540-PathB-Star-xingyi,PBE,DFT-SR-PBE-BCC-Nb3500_U6500_319
"{""Ru"": 0.061146, ""Ti"": 0.093016, ""U"": 0.845838}",0.123559,,NFM-1540-PathB-Star-xingyi,PBE,DFT-SR-PBE-BCC-Ru6_Ti9_U85_323
"{""Nb"": 0.111251, ""Si"": 0.008997, ""U"": 0.879752}",0.279731,,NFM-1540-PathB-Star-xingyi,PBE,DFT-SR-PBE-BCC-Nb11_Si1_U88_268
"{""Ru"": 0.036913999999999995, ""U"": 0.963086}",-1.826334,,NFM-1540-PathB-Star-xingyi,PBE,DFT-SR-PBE-BCC-Ru4_U96_378
"{""U"": 0.983674, ""V"": 0.016326}",0.336170,,NFM-1540-PathB-Star-xingyi,PBE,DFT-SR-PBE-BCC-U98_V2_174
"{""Ru"": 0.051523, ""U"": 0.859737, ""Zr"": 0.08874}",0.355379,,NFM-1540-PathB-Star-xingyi,PBE,DFT-SR-PBE-BCC-Ru5_U86_Zr9_115
"{""U"": 0.936967, ""V"": 0.063033}",0.326904,,NFM-1540-PathB-Star-xingyi,PBE,DFT-SR-PBE-BCC-U94_V6_55
"{""Al"": 0.021603, ""U"": 0.978397}",-0.176830,,NFM-1540-PathB-Star-xingyi,PBE,DFT-SR-PBE-BCC-Al2_U98_252
"{""Ru"": 0.031519, ""Ti"": 0.054959, ""U"": 0.913522}",0.113797,,NFM-1540-PathB-Star-xingyi,PBE,DFT-SR-PBE-BCC-Ru3_Ti5_U91_27
"{""Al"": 0.016505, ""U"": 0.983495}",-0.175612,,NFM-1540-PathB-Star-xingyi,PBE,DFT-SR-PBE-BCC-Al2_U98_204
"{""U"": 0.93, ""V"": 0.07}",0.325326,,NFM-1540-PathB-Star-xingyi,PBE,DFT-SR-PBE-BCC-U93_V7_93
"{""Si"": 0.016981, ""U"": 0.983019}",-0.720415,,NFM-1540-PathB-Star-xingyi,PBE,DFT-SR-PBE-BCC-Si2_U98_148
"{""Cr"": 0.04275, ""U"": 0.95725}",0.486604,,NFM-1540-PathB-Star-xingyi,PBE,DFT-SR-PBE-BCC-Cr4_U96_311
"{""Fe"": 0.037010999999999995, ""U"": 0.962989}",-0.035568,,NFM-1540-PathB-Star-xingyi,PBE,DFT-SR-PBE-BCC-Fe4_U96_260
"{""Nb"": 0.12631599999999998, ""U"": 0.873684}",0.278827,,NFM-1540-PathB-Star-xingyi,PBE,DFT-SR-PBE-BCC-Nb13_U87_119
"{""U"": 0.862461, ""Zr"": 0.137539}",0.307077,,NFM-1540-PathB-Star-xingyi,PBE,DFT-SR-PBE-BCC-U86_Zr14_272
"{""U"": 0.95215, ""Zr"": 0.047850000000000004}",0.321915,,NFM-1540-PathB-Star-xingyi,PBE,DFT-SR-PBE-BCC-U95_Zr5_145
"{""Fe"": 0.059026, ""U"": 0.940974}",-0.048827,,NFM-1540-PathB-Star-xingyi,PBE,DFT-SR-PBE-BCC-Fe6_U94_377
"{""U"": 30, ""Zr"": 70.0}",0.230918,,NFM-1540-PathB-Star-xingyi,PBE,DFT-SR-PBE-BCC-U3000_Zr7000_321
"{""Ti"": 0.070275, ""U"": 0.784455, ""Zr"": 0.14527}",0.323989,,NFM-1540-PathB-Star-xingyi,PBE,DFT-SR-PBE-BCC-Ti7_U78_Zr15_239
"{""Ti"": 0.076266, ""U"": 0.923734}",0.109490,,NFM-1540-PathB-Star-xingyi,PBE,DFT-SR-PBE-BCC-Ti8_U92_255
"{""Nb"": 0.013000000000000001, ""U"": 0.987}",0.268534,,NFM-1540-PathB-Star-xingyi,PBE,DFT-SR-PBE-BCC-Nb1_U99_170
"{""Cr"": 0.078351, ""U"": 0.9216489999999999}",0.311699,,NFM-1540-PathB-Star-xingyi,PBE,DFT-SR-PBE-BCC-Cr8_U92_77
"{""Mo"": 0.056269, ""U"": 0.943731}",0.202099,,NFM-1540-PathB-Star-xingyi,PBE,DFT-SR-PBE-BCC-Mo6_U94_328
"{""Mo"": 1.8, ""U"": 94, ""Zr"": 4.2}",0.333208,,NFM-1540-PathB-Star-xingyi,PBE,DFT-SR-PBE-BCC-Mo180_U9400_Zr420_384
"{""Mn"": 0.032704, ""Si"": 0.015806, ""U"": 0.95149}",-0.051914,,NFM-1540-PathB-Star-xingyi,PBE,DFT-SR-PBE-BCC-Mn3_Si2_U95_369
"{""U"": 0.96251, ""Zr"": 0.03749}",0.323609,,NFM-1540-PathB-Star-xingyi,PBE,DFT-SR-PBE-BCC-U96_Zr4_194
"{""Mo"": 0.033553, ""Nb"": 0.083163, ""U"": 0.883284}",0.281766,,NFM-1540-PathB-Star-xingyi,PBE,DFT-SR-PBE-BCC-Mo3_Nb8_U88_219
"{""Ru"": 0.031535, ""U"": 0.968465}",-1.825443,,NFM-1540-PathB-Star-xingyi,PBE,DFT-SR-PBE-BCC-Ru3_U97_95
"{""U"": 0.974116, ""V"": 0.025884}",0.337013,,NFM-1540-PathB-Star-xingyi,PBE,DFT-SR-PBE-BCC-U97_V3_17
"{""Al"": 0.01974, ""U"": 0.948362, ""V"": 0.031898}",0.331775,,NFM-1540-PathB-Star-xingyi,PBE,DFT-SR-PBE-BCC-Al2_U95_V3_216
"{""Cr"": 0.043628, ""Ru"": 0.034692, ""U"": 0.92168}",0.469215,,NFM-1540-PathB-Star-xingyi,PBE,DFT-SR-PBE-BCC-Cr4_Ru3_U92_236
"{""Ru"": 0.067883, ""U"": 0.932117}",-1.830552,,NFM-1540-PathB-Star-xingyi,PBE,DFT-SR-PBE-BCC-Ru7_U93_15
"{""Nb"": 0.068583, ""U"": 0.9314169999999999}",0.273282,,NFM-1540-PathB-Star-xingyi,PBE,DFT-SR-PBE-BCC-Nb7_U93_50
"{""Mo"": 0.12480000000000001, ""U"": 0.8752}",0.200187,,NFM-1540-PathB-Star-xingyi,PBE,DFT-SR-PBE-BCC-Mo12_U88_218
"{""Ti"": 0.078223, ""U"": 0.858628, ""V"": 0.063149}",0.123559,,NFM-1540-PathB-Star-xingyi,PBE,DFT-SR-PBE-BCC-Ti8_U86_V6_354
"{""Ti"": 0.076223, ""U"": 0.860628, ""V"": 0.063149}",0.123362,,NFM-1540-PathB-Star-xingyi,PBE,DFT-SR-PBE-BCC-Ti8_U86_V6_44
"{""Mo"": 0.045, ""U"": 0.955}",0.202902,,NFM-1540-PathB-Star-xingyi,PBE,DFT-SR-PBE-BCC-Mo4_U96_86
"{""Ru"": 0.074211, ""U"": 0.877213, ""V"": 0.048576}",-1.833865,,NFM-1540-PathB-Star-xingyi,PBE,DFT-SR-PBE-BCC-Ru7_U88_V5_28
"{""Mn"": 0.032086, ""U"": 0.9679139999999999}",-0.047730,,NFM-1540-PathB-Star-xingyi,PBE,DFT-SR-PBE-BCC-Mn3_U97_321
"{""U"": 0.856582, ""Zr"": 0.143418}",0.306186,,NFM-1540-PathB-Star-xingyi,PBE,DFT-SR-PBE-BCC-U86_Zr14_78
"{""Si"": 0.011813, ""U"": 0.988187}",-0.721259,,NFM-1540-PathB-Star-xingyi,PBE,DFT-SR-PBE-BCC-Si1_U99_116
"{""Ru"": 0.056457999999999994, ""U"": 0.943542}",-1.829361,,NFM-1540-PathB-Star-xingyi,PBE,DFT-SR-PBE-BCC-Ru6_U94_341
"{""Fe"": 0.034214, ""U"": 0.965786}",-0.033711,,NFM-1540-PathB-Star-xingyi,PBE,DFT-SR-PBE-BCC-Fe3_U97_236
"{""Nb"": 0.043133000000000005, ""U"": 0.956867}",0.271044,,NFM-1540-PathB-Star-xingyi,PBE,DFT-SR-PBE-BCC-Nb4_U96_64
"{""Nb"": 0.128682, ""U"": 0.871318}",0.279364,,NFM-1540-PathB-Star-xingyi,PBE,DFT-SR-PBE-BCC-Nb13_U87_212
"{""Ti"": 0.039, ""U"": 0.961}",0.107483,,NFM-1540-PathB-Star-xingyi,PBE,DFT-SR-PBE-BCC-Ti4_U96_241
"{""U"": 0.7010000000000001, ""Zr"": 0.299}",0.282403,,NFM-1540-PathB-Star-xingyi,PBE,DFT-SR-PBE-BCC-U70_Zr30_306
"{""Ta"": 0.035341000000000004, ""Ti"": 0.106127, ""U"": 0.858532}",0.113749,,NFM-1540-PathB-Star-xingyi,PBE,DFT-SR-PBE-BCC-Ta4_Ti11_U86_217
"{""U"": 0.861999, ""Zr"": 0.138001}",0.307077,,NFM-1540-PathB-Star-xingyi,PBE,DFT-SR-PBE-BCC-U86_Zr14_201
"{""Mo"": 0.110558, ""U"": 0.889442}",0.200174,,NFM-1540-PathB-Star-xingyi,PBE,DFT-SR-PBE-BCC-Mo11_U89_5
"{""Ti"": 0.11886000000000001, ""U"": 0.88114}",0.112041,,NFM-1540-PathB-Star-xingyi,PBE,DFT-SR-PBE-BCC-Ti12_U88_0
"{""Fe"": 0.043839, ""U"": 0.956161}",-0.039745,,NFM-1540-PathB-Star-xingyi,PBE,DFT-SR-PBE-BCC-Fe4_U96_168
"{""Mn"": 0.051032, ""Ru"": 0.036378, ""U"": 0.91259}",-0.061724,,NFM-1540-PathB-Star-xingyi,PBE,DFT-SR-PBE-BCC-Mn5_Ru4_U91_209
"{""Cr"": 0.032570999999999996, ""U"": 0.967429}",0.325665,,NFM-1540-PathB-Star-xingyi,PBE,DFT-SR-PBE-BCC-Cr3_U97_162
"{""Ru"": 0.021592, ""Ti"": 0.116138, ""U"": 0.86227}",0.116157,,NFM-1540-PathB-Star-xingyi,PBE,DFT-SR-PBE-BCC-Ru2_Ti12_U86_76
"{""Ru"": 0.040608, ""Ti"": 0.032811, ""U"": 0.926581}",-1.828728,,NFM-1540-PathB-Star-xingyi,PBE,DFT-SR-PBE-BCC-Ru4_Ti3_U93_363
"{""Cr"": 0.076977, ""U"": 0.923023}",0.463324,,NFM-1540-PathB-Star-xingyi,PBE,DFT-SR-PBE-BCC-Cr8_U92_284
"{""Al"": 0.029467, ""U"": 0.970533}",-0.174693,,NFM-1540-PathB-Star-xingyi,PBE,DFT-SR-PBE-BCC-Al3_U97_358
"{""Ru"": 0.040739, ""U"": 0.959261}",-1.826973,,NFM-1540-PathB-Star-xingyi,PBE,DFT-SR-PBE-BCC-Ru4_U96_242
"{""Nb"": 0.024999999999999998, ""U"": 0.975}",0.269473,,NFM-1540-PathB-Star-xingyi,PBE,DFT-SR-PBE-BCC-Nb2_U98_324
"{""Ru"": 0.031297000000000005, ""U"": 0.968703}",-1.825225,,NFM-1540-PathB-Star-xingyi,PBE,DFT-SR-PBE-BCC-Ru3_U97_19
"{""Mo"": 0.11537800000000001, ""U"": 0.884622}",0.200160,,NFM-1540-PathB-Star-xingyi,PBE,DFT-SR-PBE-BCC-Mo12_U88_336
"{""Cr"": 0.08161399999999999, ""U"": 0.918386}",0.460453,,NFM-1540-PathB-Star-xingyi,PBE,DFT-SR-PBE-BCC-Cr8_U92_109
"{""Mo"": 0.6, ""U"": 98, ""Zr"": 1.4}",0.331071,,NFM-1540-PathB-Star-xingyi,PBE,DFT-SR-PBE-BCC-Mo60_U9800_Zr140_390
"{""Ti"": 0.101631, ""U"": 0.898369}",0.110967,,NFM-1540-PathB-Star-xingyi,PBE,DFT-SR-PBE-BCC-Ti10_U90_160
"{""Fe"": 0.038489999999999996, ""U"": 0.96151}",-0.036432,,NFM-1540-PathB-Star-xingyi,PBE,DFT-SR-PBE-BCC-Fe4_U96_16
"{""Cr"": 0.071121, ""Mn"": 0.012111, ""U"": 0.916768}",0.462331,,NFM-1540-PathB-Star-xingyi,PBE,DFT-SR-PBE-BCC-Cr7_Mn1_U92_230
"{""Al"": 0.014547000000000001, ""U"": 0.985453}",-0.173496,,NFM-1540-PathB-Star-xingyi,PBE,DFT-SR-PBE-BCC-Al1_U99_351
"{""Cr"": 0.057056, ""U"": 0.942944}",0.317740,,NFM-1540-PathB-Star-xingyi,PBE,DFT-SR-PBE-BCC-Cr6_U94_357
"{""Al"": 0.014089, ""U"": 0.985911}",-0.173598,,NFM-1540-PathB-Star-xingyi,PBE,DFT-SR-PBE-BCC-Al1_U99_59
"{""Mo"": 0.088425, ""U"": 0.911575}",0.200562,,NFM-1540-PathB-Star-xingyi,PBE,DFT-SR-PBE-BCC-Mo9_U91_324
"{""Ru"": 0.054458, ""U"": 0.945542}",-1.829082,,NFM-1540-PathB-Star-xingyi,PBE,DFT-SR-PBE-BCC-Ru5_U95_156
"{""Nb"": 0.081693, ""U"": 0.918307}",0.274282,,NFM-1540-PathB-Star-xingyi,PBE,DFT-SR-PBE-BCC-Nb8_U92_15
"{""Ru"": 0.06342300000000001, ""U"": 0.936577}",-1.830266,,NFM-1540-PathB-Star-xingyi,PBE,DFT-SR-PBE-BCC-Ru6_U94_313
"{""Ru"": 0.02, ""U"": 0.98}",-1.822939,,NFM-1540-PathB-Star-xingyi,PBE,DFT-SR-PBE-BCC-Ru2_U98_335
"{""Ta"": 0.041661, ""U"": 0.906174, ""Zr"": 0.052164999999999996}",0.333208,,NFM-1540-PathB-Star-xingyi,PBE,DFT-SR-PBE-BCC-Ta4_U91_Zr5_13
"{""Si"": 0.011642, ""U"": 0.988358}",-0.721259,,NFM-1540-PathB-Star-xingyi,PBE,DFT-SR-PBE-BCC-Si1_U99_379
"{""Nb"": 0.037996, ""U"": 0.962004}",0.270302,,NFM-1540-PathB-Star-xingyi,PBE,DFT-SR-PBE-BCC-Nb4_U96_101
"{""Mo"": 0.071671, ""Si"": 0.013565, ""U"": 0.914764}",0.200602,,NFM-1540-PathB-Star-xingyi,PBE,DFT-SR-PBE-BCC-Mo7_Si1_U91_121
"{""Ti"": 0.071608, ""U"": 0.928392}",0.109205,,NFM-1540-PathB-Star-xingyi,PBE,DFT-SR-PBE-BCC-Ti7_U93_307
"{""Ti"": 0.07, ""U"": 0.93}",0.109130,,NFM-1540-PathB-Star-xingyi,PBE,DFT-SR-PBE-BCC-Ti7_U93_335
"{""Ti"": 0.021075, ""U"": 0.978925}",0.106300,,NFM-1540-PathB-Star-xingyi,PBE,DFT-SR-PBE-BCC-Ti2_U98_49
"{""Ru"": 0.052323, ""U"": 0.947677}",-1.828688,,NFM-1540-PathB-Star-xingyi,PBE,DFT-SR-PBE-BCC-Ru5_U95_29
"{""U"": 0.935, ""Zr"": 0.065}",0.318921,,NFM-1540-PathB-Star-xingyi,PBE,DFT-SR-PBE-BCC-U94_Zr6_58
"{""Nb"": 0.142539, ""U"": 0.857461}",0.280929,,NFM-1540-PathB-Star-xingyi,PBE,DFT-SR-PBE-BCC-Nb14_U86_49
"{""Al"": 0.026771, ""Mn"": 0.048493, ""U"": 0.924736}",-0.055982,,NFM-1540-PathB-Star-xingyi,PBE,DFT-SR-PBE-BCC-Al3_Mn5_U92_183
"{""Al"": 0.024512000000000003, ""U"": 0.975488}",-0.176047,,NFM-1540-PathB-Star-xingyi,PBE,DFT-SR-PBE-BCC-Al2_U98_157
"{""Ru"": 0.042823, ""U"": 0.957177}",-1.827300,,NFM-1540-PathB-Star-xingyi,PBE,DFT-SR-PBE-BCC-Ru4_U96_237
"{""Nb"": 0.106052, ""U"": 0.751131, ""Zr"": 0.142817}",0.336153,,NFM-1540-PathB-Star-xingyi,PBE,DFT-SR-PBE-BCC-Nb11_U75_Zr14_250
"{""Al"": 0.024818, ""Cr"": 0.061685, ""U"": 0.913497}",0.466481,,NFM-1540-PathB-Star-xingyi,PBE,DFT-SR-PBE-BCC-Al2_Cr6_U91_167
"{""U"": 0.962, ""V"": 0.038000000000000006}",0.331387,,NFM-1540-PathB-Star-xingyi,PBE,DFT-SR-PBE-BCC-U96_V4_18
"{""Cr"": 0.090269, ""Mn"": 0.042208, ""U"": 0.867523}",0.440758,,NFM-1540-PathB-Star-xingyi,PBE,DFT-SR-PBE-BCC-Cr9_Mn4_U87_119
"{""U"": 0.934113, ""V"": 0.065887}",0.326265,,NFM-1540-PathB-Star-xingyi,PBE,DFT-SR-PBE-BCC-U93_V7_334
"{""Ti"": 0.08229900000000001, ""U"": 0.917701}",0.109817,,NFM-1540-PathB-Star-xingyi,PBE,DFT-SR-PBE-BCC-Ti8_U92_199
"{""U"": 0.965848, ""V"": 0.034152}",0.334292,,NFM-1540-PathB-Star-xingyi,PBE,DFT-SR-PBE-BCC-U97_V3_349
"{""Ru"": 0.078713, ""U"": 0.921287}",-1.831749,,NFM-1540-PathB-Star-xingyi,PBE,DFT-SR-PBE-BCC-Ru8_U92_268
"{""Ni"": 0.055, ""U"": 0.945}",-0.251595,,NFM-1540-PathB-Star-xingyi,PBE,DFT-SR-PBE-BCC-Ni6_U94_353
"{""Ru"": 0.061146, ""Ti"": 0.087016, ""U"": 0.851838}",0.122981,,NFM-1540-PathB-Star-xingyi,PBE,DFT-SR-PBE-BCC-Ru6_Ti9_U85_29
"{""Ti"": 0.101592, ""U"": 0.898408}",0.110967,,NFM-1540-PathB-Star-xingyi,PBE,DFT-SR-PBE-BCC-Ti10_U90_321
"{""Si"": 0.014278, ""U"": 0.985722}",-0.720844,,NFM-1540-PathB-Star-xingyi,PBE,DFT-SR-PBE-BCC-Si1_U99_94
"{""Cr"": 0.092208, ""U"": 0.907792}",0.308318,,NFM-1540-PathB-Star-xingyi,PBE,DFT-SR-PBE-BCC-Cr9_U91_279
"{""Mn"": 0.038612, ""Mo"": 0.054926, ""U"": 0.906462}",0.200303,,NFM-1540-PathB-Star-xingyi,PBE,DFT-SR-PBE-BCC-Mn4_Mo5_U91_122
"{""Fe"": 0.039, ""U"": 0.961}",-0.036758,,NFM-1540-PathB-Star-xingyi,PBE,DFT-SR-PBE-BCC-Fe4_U96_159
"{""Cr"": 0.04475, ""U"": 0.95525}",0.321570,,NFM-1540-PathB-Star-xingyi,PBE,DFT-SR-PBE-BCC-Cr4_U96_71
"{""Ru"": 0.024473, ""U"": 0.975527}",-1.824096,,NFM-1540-PathB-Star-xingyi,PBE,DFT-SR-PBE-BCC-Ru2_U98_254
"{""Al"": 0.006257, ""U"": 0.933656, ""Zr"": 0.060086999999999995}",0.322670,,NFM-1540-PathB-Star-xingyi,PBE,DFT-SR-PBE-BCC-Al1_U93_Zr6_285
"{""Mo"": 0.082053, ""U"": 0.798307, ""Zr"": 0.11964}",0.357889,,NFM-1540-PathB-Star-xingyi,PBE,DFT-SR-PBE-BCC-Mo8_U80_Zr12_51
"{""Si"": 0.013625000000000002, ""U"": 0.986375}",-0.720932,,NFM-1540-PathB-Star-xingyi,PBE,DFT-SR-PBE-BCC-Si1_U99_170
"{""Mo"": 0.060766, ""U"": 0.939234}",0.201841,,NFM-1540-PathB-Star-xingyi,PBE,DFT-SR-PBE-BCC-Mo6_U94_341
"{""Mo"": 0.146212, ""U"": 0.853788}",0.200636,,NFM-1540-PathB-Star-xingyi,PBE,DFT-SR-PBE-BCC-Mo15_U85_283
"{""Mn"": 0.037531, ""Nb"": 0.047469000000000004, ""U"": 0.915}",0.280106,,NFM-1540-PathB-Star-xingyi,PBE,DFT-SR-PBE-BCC-Mn4_Nb5_U92_183
"{""Ru"": 0.061146, ""Ti"": 0.085016, ""U"": 0.853838}",0.122858,,NFM-1540-PathB-Star-xingyi,PBE,DFT-SR-PBE-BCC-Ru6_Ti9_U85_238
"{""U"": 0.928886, ""Zr"": 0.07111400000000001}",0.317989,,NFM-1540-PathB-Star-xingyi,PBE,DFT-SR-PBE-BCC-U93_Zr7_301
"{""Cr"": 0.10500000000000001, ""U"": 0.895}",0.305617,,NFM-1540-PathB-Star-xingyi,PBE,DFT-SR-PBE-BCC-Cr11_U90_371
"{""Al"": 0.021112, ""U"": 0.978888}",-0.176938,,NFM-1540-PathB-Star-xingyi,PBE,DFT-SR-PBE-BCC-Al2_U98_387
"{""Cr"": 0.074557, ""U"": 0.925443}",0.312712,,NFM-1540-PathB-Star-xingyi,PBE,DFT-SR-PBE-BCC-Cr7_U93_23
"{""Mo"": 0.065, ""U"": 0.935}",0.201575,,NFM-1540-PathB-Star-xingyi,PBE,DFT-SR-PBE-BCC-Mo6_U94_240
"{""U"": 0.939259, ""Zr"": 0.060741}",0.319663,,NFM-1540-PathB-Star-xingyi,PBE,DFT-SR-PBE-BCC-U94_Zr6_231
"{""Mn"": 0.019125, ""Nb"": 0.143871, ""U"": 0.837004}",0.286473,,NFM-1540-PathB-Star-xingyi,PBE,DFT-SR-PBE-BCC-Mn2_Nb14_U84_294
"{""Fe"": 0.057005999999999994, ""U"": 0.942994}",-0.047718,,NFM-1540-PathB-Star-xingyi,PBE,DFT-SR-PBE-BCC-Fe6_U94_50
"{""Mo"": 0.061599, ""U"": 0.938401}",0.201772,,NFM-1540-PathB-Star-xingyi,PBE,DFT-SR-PBE-BCC-Mo6_U94_394
"{""Si"": 0.006185, ""U"": 0.993815}",-0.722116,,NFM-1540-PathB-Star-xingyi,PBE,DFT-SR-PBE-BCC-Si1_U99_114
"{""Ti"": 0.056831, ""U"": 0.943169}",0.108415,,NFM-1540-PathB-Star-xingyi,PBE,DFT-SR-PBE-BCC-Ti6_U94_171
"{""Cr"": 0.033435, ""Mo"": 0.134918, ""U"": 0.831647}",0.203548,,NFM-1540-PathB-Star-xingyi,PBE,DFT-SR-PBE-BCC-Cr3_Mo13_U83_195
"{""Ru"": 0.070578, ""U"": 0.899212, ""V"": 0.03021}",-1.833443,,NFM-1540-PathB-Star-xingyi,PBE,DFT-SR-PBE-BCC-Ru7_U90_V3_16
"{""Cr"": 0.030012, ""U"": 0.969988}",0.496067,,NFM-1540-PathB-Star-xingyi,PBE,DFT-SR-PBE-BCC-Cr3_U97_266
"{""Ru"": 0.068193, ""U"": 0.931807}",-1.830817,,NFM-1540-PathB-Star-xingyi,PBE,DFT-SR-PBE-BCC-Ru7_U93_92
"{""Cr"": 0.088681, ""Fe"": 0.013932, ""U"": 0.897387}",0.447922,,NFM-1540-PathB-Star-xingyi,PBE,DFT-SR-PBE-BCC-Cr9_Fe1_U90_126
"{""Ti"": 0.042178, ""U"": 0.957822}",0.107626,,NFM-1540-PathB-Star-xingyi,PBE,DFT-SR-PBE-BCC-Ti4_U96_40
"{""Ti"": 0.12, ""U"": 0.88}",0.112137,,NFM-1540-PathB-Star-xingyi,PBE,DFT-SR-PBE-BCC-Ti12_U88_157
"{""U"": 0.908911, ""Zr"": 0.091089}",0.314676,,NFM-1540-PathB-Star-xingyi,PBE,DFT-SR-PBE-BCC-U91_Zr9_388
"{""Mo"": 0.06, ""Nb"": 0.041, ""U"": 0.899}",0.200847,,NFM-1540-PathB-Star-xingyi,PBE,DFT-SR-PBE-BCC-Mo6_Nb4_U90_114
"{""Ru"": 0.055423, ""U"": 0.944577}",-1.829150,,NFM-1540-PathB-Star-xingyi,PBE,DFT-SR-PBE-BCC-Ru6_U94_390
"{""Ru"": 0.052458, ""U"": 0.947542}",-1.828803,,NFM-1540-PathB-Star-xingyi,PBE,DFT-SR-PBE-BCC-Ru5_U95_243
"{""Al"": 0.019607, ""Mn"": 0.045404, ""U"": 0.934989}",-0.054315,,NFM-1540-PathB-Star-xingyi,PBE,DFT-SR-PBE-BCC-Al2_Mn5_U93_18
"{""Cr"": 0.067286, ""U"": 0.932714}",0.469562,,NFM-1540-PathB-Star-xingyi,PBE,DFT-SR-PBE-BCC-Cr7_U93_85
"{""Nb"": 11.2, ""U"": 75, ""Zr"": 13.8}",0.338711,,NFM-1540-PathB-Star-xingyi,PBE,DFT-SR-PBE-BCC-Nb1120_U7500_Zr1380_357
"{""Nb"": 0.091347, ""U"": 0.908653}",0.275452,,NFM-1540-PathB-Star-xingyi,PBE,DFT-SR-PBE-BCC-Nb9_U91_291
"{""Mo"": 0.01, ""U"": 0.99}",0.206256,,NFM-1540-PathB-Star-xingyi,PBE,DFT-SR-PBE-BCC-Mo1_U99_248
"{""Fe"": 0.047611, ""U"": 0.952389}",-0.042065,,NFM-1540-PathB-Star-xingyi,PBE,DFT-SR-PBE-BCC-Fe5_U95_366
"{""Ru"": 0.049964, ""U"": 0.950036}",-1.828286,,NFM-1540-PathB-Star-xingyi,PBE,DFT-SR-PBE-BCC-Ru5_U95_298
"{""Ru"": 0.057599000000000004, ""U"": 0.942401}",-1.829348,,NFM-1540-PathB-Star-xingyi,PBE,DFT-SR-PBE-BCC-Ru6_U94_174
"{""Fe"": 0.032011, ""U"": 0.967989}",-0.032391,,NFM-1540-PathB-Star-xingyi,PBE,DFT-SR-PBE-BCC-Fe3_U97_181
"{""U"": 0.9551769999999999, ""V"": 0.044823}",0.331659,,NFM-1540-PathB-Star-xingyi,PBE,DFT-SR-PBE-BCC-U96_V4_247
"{""Fe"": 0.045668, ""U"": 0.954332}",-0.040908,,NFM-1540-PathB-Star-xingyi,PBE,DFT-SR-PBE-BCC-Fe5_U95_151
"{""Ru"": 0.035297, ""U"": 0.964703}",-1.826021,,NFM-1540-PathB-Star-xingyi,PBE,DFT-SR-PBE-BCC-Ru4_U96_365
"{""Ni"": 0.045, ""U"": 0.955}",-0.258996,,NFM-1540-PathB-Star-xingyi,PBE,DFT-SR-PBE-BCC-Ni4_U96_364
"{""Nb"": 15.0, ""U"": 70, ""Zr"": 15.0}",0.272486,,NFM-1540-PathB-Star-xingyi,PBE,DFT-SR-PBE-BCC-Nb1500_U7000_Zr1500_340
"{""Mn"": 0.013340999999999999, ""U"": 0.986659}",-0.043220,,NFM-1540-PathB-Star-xingyi,PBE,DFT-SR-PBE-BCC-Mn1_U99_188
"{""U"": 0.901266, ""Zr"": 0.098734}",0.313397,,NFM-1540-PathB-Star-xingyi,PBE,DFT-SR-PBE-BCC-U90_Zr10_171
"{""U"": 0.975, ""Zr"": 0.025}",0.325881,,NFM-1540-PathB-Star-xingyi,PBE,DFT-SR-PBE-BCC-U98_Zr2_317
"{""Fe"": 0.041718, ""Ti"": 0.100923, ""U"": 0.857359}",0.124083,,NFM-1540-PathB-Star-xingyi,PBE,DFT-SR-PBE-BCC-Fe4_Ti10_U86_40
"{""Mo"": 0.067474, ""U"": 0.932526}",0.201453,,NFM-1540-PathB-Star-xingyi,PBE,DFT-SR-PBE-BCC-Mo7_U93_150
"{""Ti"": 0.051499, ""U"": 0.948501}",0.108109,,NFM-1540-PathB-Star-xingyi,PBE,DFT-SR-PBE-BCC-Ti5_U95_381
"{""U"": 0.930528, ""V"": 0.069472}",0.325441,,NFM-1540-PathB-Star-xingyi,PBE,DFT-SR-PBE-BCC-U93_V7_245
"{""Cr"": 0.090821, ""U"": 0.909179}",0.454800,,NFM-1540-PathB-Star-xingyi,PBE,DFT-SR-PBE-BCC-Cr9_U91_291
"{""Al"": 0.017047, ""U"": 0.982953}",-0.175503,,NFM-1540-PathB-Star-xingyi,PBE,DFT-SR-PBE-BCC-Al2_U98_43
"{""Mo"": 3.0, ""U"": 94, ""Zr"": 3.0}",0.205065,,NFM-1540-PathB-Star-xingyi,PBE,DFT-SR-PBE-BCC-Mo300_U9400_Zr300_383
"{""Ru"": 0.023388, ""U"": 0.976612}",-1.823803,,NFM-1540-PathB-Star-xingyi,PBE,DFT-SR-PBE-BCC-Ru2_U98_337
"{""Ru"": 0.066225, ""U"": 0.933775}",-1.830593,,NFM-1540-PathB-Star-xingyi,PBE,DFT-SR-PBE-BCC-Ru7_U93_337
"{""Al"": 0.027774, ""Mo"": 0.125772, ""U"": 0.846454}",0.200698,,NFM-1540-PathB-Star-xingyi,PBE,DFT-SR-PBE-BCC-Al3_Mo13_U85_263
"{""Nb"": 0.07100000000000001, ""U"": 0.929}",0.273486,,NFM-1540-PathB-Star-xingyi,PBE,DFT-SR-PBE-BCC-Nb7_U93_35
"{""Al"": 0.020393, ""U"": 0.870413, ""Zr"": 0.109194}",0.320792,,NFM-1540-PathB-Star-xingyi,PBE,DFT-SR-PBE-BCC-Al2_U87_Zr11_107
"{""Ru"": 0.050323, ""U"": 0.949677}",-1.828470,,NFM-1540-PathB-Star-xingyi,PBE,DFT-SR-PBE-BCC-Ru5_U95_108
"{""Mo"": 0.110378, ""U"": 0.889622}",0.200174,,NFM-1540-PathB-Star-xingyi,PBE,DFT-SR-PBE-BCC-Mo11_U89_308
"{""Ru"": 0.043964, ""U"": 0.956036}",-1.827504,,NFM-1540-PathB-Star-xingyi,PBE,DFT-SR-PBE-BCC-Ru4_U96_186
"{""Cr"": 0.072216, ""Ti"": 0.105546, ""U"": 0.822238}",0.137036,,NFM-1540-PathB-Star-xingyi,PBE,DFT-SR-PBE-BCC-Cr7_Ti11_U82_64
"{""Mo"": 0.123687, ""U"": 0.876313}",0.200181,,NFM-1540-PathB-Star-xingyi,PBE,DFT-SR-PBE-BCC-Mo12_U88_80
"{""Mo"": 0.131794, ""U"": 0.868206}",0.200289,,NFM-1540-PathB-Star-xingyi,PBE,DFT-SR-PBE-BCC-Mo13_U87_7
"{""U"": 0.964017, ""Zr"": 0.035983}",0.323989,,NFM-1540-PathB-Star-xingyi,PBE,DFT-SR-PBE-BCC-U96_Zr4_11
"{""Cr"": 0.036163, ""Ru"": 0.070175, ""U"": 0.893662}",-1.833878,,NFM-1540-PathB-Star-xingyi,PBE,DFT-SR-PBE-BCC-Cr4_Ru7_U89_385
"{""Cr"": 0.053000000000000005, ""U"": 0.947}",0.318944,,NFM-1540-PathB-Star-xingyi,PBE,DFT-SR-PBE-BCC-Cr5_U95_279
"{""Cr"": 0.087681, ""Fe"": 0.013932, ""U"": 0.898387}",0.448412,,NFM-1540-PathB-Star-xingyi,PBE,DFT-SR-PBE-BCC-Cr9_Fe1_U90_117
"{""Ti"": 0.065769, ""U"": 0.934231}",0.108885,,NFM-1540-PathB-Star-xingyi,PBE,DFT-SR-PBE-BCC-Ti7_U93_370
"{""Cr"": 0.05011, ""U"": 0.94989}",0.319828,,NFM-1540-PathB-Star-xingyi,PBE,DFT-SR-PBE-BCC-Cr5_U95_249
"{""U"": 0.957177, ""V"": 0.042823}",0.332176,,NFM-1540-PathB-Star-xingyi,PBE,DFT-SR-PBE-BCC-U96_V4_147
"{""Fe"": 0.04649, ""U"": 0.95351}",-0.041432,,NFM-1540-PathB-Star-xingyi,PBE,DFT-SR-PBE-BCC-Fe5_U95_155
"{""Cr"": 0.057583999999999996, ""U"": 0.942416}",0.476195,,NFM-1540-PathB-Star-xingyi,PBE,DFT-SR-PBE-BCC-Cr6_U94_101
"{""Al"": 0.02053, ""Fe"": 0.032126, ""U"": 0.947344}",-0.037826,,NFM-1540-PathB-Star-xingyi,PBE,DFT-SR-PBE-BCC-Al2_Fe3_U95_147
"{""Fe"": 0.052961, ""U"": 0.910907, ""V"": 0.036132}",-0.060147,,NFM-1540-PathB-Star-xingyi,PBE,DFT-SR-PBE-BCC-Fe5_U91_V4_157
"{""Ru"": 0.052969, ""U"": 0.947031}",-1.828837,,NFM-1540-PathB-Star-xingyi,PBE,DFT-SR-PBE-BCC-Ru5_U95_151
"{""Ru"": 0.036297, ""U"": 0.963703}",-1.826055,,NFM-1540-PathB-Star-xingyi,PBE,DFT-SR-PBE-BCC-Ru4_U96_127
"{""Nb"": 38.2, ""U"": 55, ""Zr"": 6.8}",0.309467,,NFM-1540-PathB-Star-xingyi,PBE,DFT-SR-PBE-BCC-Nb3820_U5500_Zr680_347
"{""Nb"": 0.031996000000000004, ""U"": 0.968004}",0.270078,,NFM-1540-PathB-Star-xingyi,PBE,DFT-SR-PBE-BCC-Nb3_U97_14
"{""Cr"": 0.062499, ""U"": 0.937501}",0.316093,,NFM-1540-PathB-Star-xingyi,PBE,DFT-SR-PBE-BCC-Cr6_U94_374
"{""Nb"": 29.8, ""U"": 65, ""Zr"": 5.2}",0.297331,,NFM-1540-PathB-Star-xingyi,PBE,DFT-SR-PBE-BCC-Nb2980_U6500_Zr520_351
"{""U"": 0.852325, ""Zr"": 0.147675}",0.305479,,NFM-1540-PathB-Star-xingyi,PBE,DFT-SR-PBE-BCC-U85_Zr15_65
"{""Mo"": 0.093607, ""U"": 0.906393}",0.200425,,NFM-1540-PathB-Star-xingyi,PBE,DFT-SR-PBE-BCC-Mo9_U91_233
"{""Mn"": 0.021596, ""U"": 0.978404}",-0.045322,,NFM-1540-PathB-Star-xingyi,PBE,DFT-SR-PBE-BCC-Mn2_U98_190
"{""Ti"": 0.050928, ""U"": 0.949072}",0.108075,,NFM-1540-PathB-Star-xingyi,PBE,DFT-SR-PBE-BCC-Ti5_U95_154
"{""Ru"": 0.057433, ""U"": 0.942567}",-1.829348,,NFM-1540-PathB-Star-xingyi,PBE,DFT-SR-PBE-BCC-Ru6_U94_349
"{""Mn"": 0.058163, ""U"": 0.941837}",-0.054016,,NFM-1540-PathB-Star-xingyi,PBE,DFT-SR-PBE-BCC-Mn6_U94_39
"{""Al"": 0.019797, ""Mo"": 0.049419000000000005, ""U"": 0.9307840000000001}",0.201562,,NFM-1540-PathB-Star-xingyi,PBE,DFT-SR-PBE-BCC-Al2_Mo5_U93_58
"{""Cr"": 0.049816, ""Mn"": 0.013775, ""U"": 0.936409}",0.317338,,NFM-1540-PathB-Star-xingyi,PBE,DFT-SR-PBE-BCC-Cr5_Mn1_U94_12
"{""Ti"": 0.045, ""U"": 0.955}",0.107783,,NFM-1540-PathB-Star-xingyi,PBE,DFT-SR-PBE-BCC-Ti4_U96_27
"{""Cr"": 0.048816, ""Mn"": 0.013775, ""U"": 0.937409}",0.317658,,NFM-1540-PathB-Star-xingyi,PBE,DFT-SR-PBE-BCC-Cr5_Mn1_U94_298
"{""Cr"": 0.039628000000000003, ""Ru"": 0.034692, ""U"": 0.9256800000000001}",0.471787,,NFM-1540-PathB-Star-xingyi,PBE,DFT-SR-PBE-BCC-Cr4_Ru3_U93_278
"{""Mo"": 0.07147400000000001, ""U"": 0.928526}",0.201249,,NFM-1540-PathB-Star-xingyi,PBE,DFT-SR-PBE-BCC-Mo7_U93_340
"{""Fe"": 0.016722, ""Ti"": 0.06952, ""U"": 0.913758}",0.113361,,NFM-1540-PathB-Star-xingyi,PBE,DFT-SR-PBE-BCC-Fe2_Ti7_U91_74
"{""Nb"": 0.12423599999999999, ""Si"": 0.00712, ""U"": 0.868644}",0.280691,,NFM-1540-PathB-Star-xingyi,PBE,DFT-SR-PBE-BCC-Nb12_Si1_U87_128
"{""Ru"": 0.066083, ""U"": 0.933917}",-1.830538,,NFM-1540-PathB-Star-xingyi,PBE,DFT-SR-PBE-BCC-Ru7_U93_2
"{""Mo"": 0.08, ""Nb"": 0.04, ""U"": 0.88}",0.200303,,NFM-1540-PathB-Star-xingyi,PBE,DFT-SR-PBE-BCC-Mo8_Nb4_U88_373
"{""Ni"": 0.041, ""U"": 0.959}",-0.257398,,NFM-1540-PathB-Star-xingyi,PBE,DFT-SR-PBE-BCC-Ni4_U96_38
"{""U"": 0.932221, ""V"": 0.067779}",0.325829,,NFM-1540-PathB-Star-xingyi,PBE,DFT-SR-PBE-BCC-U93_V7_362
"{""Ru"": 0.075188, ""U"": 0.924812}",-1.831409,,NFM-1540-PathB-Star-xingyi,PBE,DFT-SR-PBE-BCC-Ru8_U92_384
"{""Mn"": 0.034938, ""U"": 0.965062}",-0.048608,,NFM-1540-PathB-Star-xingyi,PBE,DFT-SR-PBE-BCC-Mn3_U97_231
"{""Mo"": 0.035256, ""U"": 0.964744}",0.203705,,NFM-1540-PathB-Star-xingyi,PBE,DFT-SR-PBE-BCC-Mo4_U96_342
"{""Si"": 0.019361, ""U"": 0.980639}",-0.719980,,NFM-1540-PathB-Star-xingyi,PBE,DFT-SR-PBE-BCC-Si2_U98_267
"{""Fe"": 0.037418, ""Nb"": 0.12407800000000001, ""U"": 0.838504}",0.297644,,NFM-1540-PathB-Star-xingyi,PBE,DFT-SR-PBE-BCC-Fe4_Nb12_U84_25
"{""Ru"": 0.035797, ""U"": 0.964203}",-1.826069,,NFM-1540-PathB-Star-xingyi,PBE,DFT-SR-PBE-BCC-Ru4_U96_7
"{""Al"": 0.030979, ""U"": 0.969021}",-0.169210,,NFM-1540-PathB-Star-xingyi,PBE,DFT-SR-PBE-BCC-Al3_U97_189
"{""Al"": 0.026855, ""U"": 0.973145}",-0.175483,,NFM-1540-PathB-Star-xingyi,PBE,DFT-SR-PBE-BCC-Al3_U97_81
"{""Si"": 0.012427, ""Ti"": 0.053134, ""U"": 0.934439}",0.109939,,NFM-1540-PathB-Star-xingyi,PBE,DFT-SR-PBE-BCC-Si1_Ti5_U93_141
"{""Ti"": 0.038473, ""U"": 0.961527}",0.107449,,NFM-1540-PathB-Star-xingyi,PBE,DFT-SR-PBE-BCC-Ti4_U96_164
"{""U"": 0.927848, ""V"": 0.07215200000000001}",0.324822,,NFM-1540-PathB-Star-xingyi,PBE,DFT-SR-PBE-BCC-U93_V7_205
"{""Ru"": 0.053599, ""U"": 0.946401}",-1.828946,,NFM-1540-PathB-Star-xingyi,PBE,DFT-SR-PBE-BCC-Ru5_U95_79
"{""Fe"": 0.045023, ""Ti"": 0.04849, ""U"": 0.906487}",0.120681,,NFM-1540-PathB-Star-xingyi,PBE,DFT-SR-PBE-BCC-Fe5_Ti5_U91_29
"{""Nb"": 0.100105, ""U"": 0.899895}",0.276071,,NFM-1540-PathB-Star-xingyi,PBE,DFT-SR-PBE-BCC-Nb10_U90_107
"{""Ti"": 0.026075, ""U"": 0.973925}",0.106844,,NFM-1540-PathB-Star-xingyi,PBE,DFT-SR-PBE-BCC-Ti3_U97_53
"{""Mo"": 0.11499999999999999, ""U"": 0.885}",0.200160,,NFM-1540-PathB-Star-xingyi,PBE,DFT-SR-PBE-BCC-Mo12_U88_316
"{""Mn"": 0.037531, ""Nb"": 0.057469, ""U"": 0.905}",0.281228,,NFM-1540-PathB-Star-xingyi,PBE,DFT-SR-PBE-BCC-Mn4_Nb6_U90_102
"{""Al"": 0.024679, ""U"": 0.975321}",-0.176047,,NFM-1540-PathB-Star-xingyi,PBE,DFT-SR-PBE-BCC-Al2_U98_246
"{""Mo"": 0.110099, ""U"": 0.784239, ""Zr"": 0.10566199999999999}",0.200929,,NFM-1540-PathB-Star-xingyi,PBE,DFT-SR-PBE-BCC-Mo11_U78_Zr11_105
"{""Mo"": 0.106277, ""U"": 0.893723}",0.200208,,NFM-1540-PathB-Star-xingyi,PBE,DFT-SR-PBE-BCC-Mo11_U89_372
"{""Cr"": 0.045, ""U"": 0.955}",0.321515,,NFM-1540-PathB-Star-xingyi,PBE,DFT-SR-PBE-BCC-Cr4_U96_63
"{""Fe"": 20.0, ""U"": 80.0}",-0.107666,,NFM-1540-PathB-Star-xingyi,PBE,DFT-SR-PBE-BCC-Fe2000_U8000_224
"{""Ru"": 0.041297, ""U"": 0.958703}",-1.826830,,NFM-1540-PathB-Star-xingyi,PBE,DFT-SR-PBE-BCC-Ru4_U96_353
"{""Al"": 0.030529, ""U"": 0.969471}",-0.174469,,NFM-1540-PathB-Star-xingyi,PBE,DFT-SR-PBE-BCC-Al3_U97_282
"{""Si"": 0.01597, ""U"": 0.98403}",-0.720558,,NFM-1540-PathB-Star-xingyi,PBE,DFT-SR-PBE-BCC-Si2_U98_48
"{""Nb"": 0.141484, ""U"": 0.8585160000000001}",0.280772,,NFM-1540-PathB-Star-xingyi,PBE,DFT-SR-PBE-BCC-Nb14_U86_344
"{""Ti"": 0.02, ""U"": 0.98}",0.106538,,NFM-1540-PathB-Star-xingyi,PBE,DFT-SR-PBE-BCC-Ti2_U98_313
"{""Ti"": 0.037, ""U"": 0.963}",0.107375,,NFM-1540-PathB-Star-xingyi,PBE,DFT-SR-PBE-BCC-Ti4_U96_273
"{""U"": 0.920331, ""Zr"": 0.079669}",0.316513,,NFM-1540-PathB-Star-xingyi,PBE,DFT-SR-PBE-BCC-U92_Zr8_347
"{""Ru"": 0.055599, ""U"": 0.944401}",-1.829150,,NFM-1540-PathB-Star-xingyi,PBE,DFT-SR-PBE-BCC-Ru6_U94_41
"{""Mo"": 0.124328, ""U"": 0.875672}",0.200194,,NFM-1540-PathB-Star-xingyi,PBE,DFT-SR-PBE-BCC-Mo12_U88_99
"{""Cr"": 0.020614, ""Si"": 0.007594, ""U"": 0.971792}",0.499679,,NFM-1540-PathB-Star-xingyi,PBE,DFT-SR-PBE-BCC-Cr2_Si1_U97_9
"{""Si"": 0.014415, ""U"": 0.941106, ""Zr"": 0.044479}",0.332044,,NFM-1540-PathB-Star-xingyi,PBE,DFT-SR-PBE-BCC-Si1_U94_Zr4_306
"{""Cr"": 0.051511, ""U"": 0.948489}",0.480325,,NFM-1540-PathB-Star-xingyi,PBE,DFT-SR-PBE-BCC-Cr5_U95_118
"{""Si"": 0.005424, ""Ti"": 0.107878, ""U"": 0.886698}",0.112225,,NFM-1540-PathB-Star-xingyi,PBE,DFT-SR-PBE-BCC-Si1_Ti11_U89_344
"{""Cr"": 0.028152, ""Mo"": 0.10046000000000001, ""U"": 0.871388}",0.200915,,NFM-1540-PathB-Star-xingyi,PBE,DFT-SR-PBE-BCC-Cr3_Mo10_U87_174
"{""Fe"": 0.037174, ""Nb"": 0.140527, ""U"": 0.822299}",0.299998,,NFM-1540-PathB-Star-xingyi,PBE,DFT-SR-PBE-BCC-Fe4_Nb14_U82_6
"{""Fe"": 0.031859, ""U"": 0.92233, ""Zr"": 0.045811}",0.359168,,NFM-1540-PathB-Star-xingyi,PBE,DFT-SR-PBE-BCC-Fe3_U92_Zr5_199
"{""Nb"": 0.106052, ""U"": 0.746131, ""Zr"": 0.147817}",0.335174,,NFM-1540-PathB-Star-xingyi,PBE,DFT-SR-PBE-BCC-Nb11_U75_Zr15_341
"{""Ru"": 0.028473000000000002, ""U"": 0.971527}",-1.824653,,NFM-1540-PathB-Star-xingyi,PBE,DFT-SR-PBE-BCC-Ru3_U97_75
"{""Ru"": 0.019388, ""U"": 0.980612}",-1.823075,,NFM-1540-PathB-Star-xingyi,PBE,DFT-SR-PBE-BCC-Ru2_U98_178
"{""Fe"": 14.3, ""U"": 85.7}",-0.089822,,NFM-1540-PathB-Star-xingyi,PBE,DFT-SR-PBE-BCC-Fe1430_U8570_225
"{""Mo"": 12.0, ""U"": 85, ""Zr"": 3.0}",0.200160,,NFM-1540-PathB-Star-xingyi,PBE,DFT-SR-PBE-BCC-Mo1200_U8500_Zr300_333
"{""Nb"": 0.060904, ""U"": 0.939096}",0.272547,,NFM-1540-PathB-Star-xingyi,PBE,DFT-SR-PBE-BCC-Nb6_U94_132
"{""Nb"": 0.054989, ""U"": 0.945011}",0.272010,,NFM-1540-PathB-Star-xingyi,PBE,DFT-SR-PBE-BCC-Nb5_U95_122
"{""Fe"": 0.037779999999999994, ""U"": 0.96222}",-0.035996,,NFM-1540-PathB-Star-xingyi,PBE,DFT-SR-PBE-BCC-Fe4_U96_357
"{""Cr"": 0.08097700000000001, ""U"": 0.919023}",0.460793,,NFM-1540-PathB-Star-xingyi,PBE,DFT-SR-PBE-BCC-Cr8_U92_163
"{""Al"": 0.02042, ""Mo"": 0.043361, ""U"": 0.936219}",0.201827,,NFM-1540-PathB-Star-xingyi,PBE,DFT-SR-PBE-BCC-Al2_Mo4_U94_69
"{""Cr"": 0.054257, ""U"": 0.945743}",0.478488,,NFM-1540-PathB-Star-xingyi,PBE,DFT-SR-PBE-BCC-Cr5_U95_59
"{""Al"": 0.025829, ""U"": 0.974171}",-0.175367,,NFM-1540-PathB-Star-xingyi,PBE,DFT-SR-PBE-BCC-Al3_U97_46
"{""Cr"": 0.07500000000000001, ""U"": 0.925}",0.464664,,NFM-1540-PathB-Star-xingyi,PBE,DFT-SR-PBE-BCC-Cr8_U92_118
"{""Ti"": 0.045334, ""U"": 0.954666}",0.107783,,NFM-1540-PathB-Star-xingyi,PBE,DFT-SR-PBE-BCC-Ti5_U95_127
"{""Mo"": 15.0, ""U"": 75, ""Zr"": 10.0}",0.200160,,NFM-1540-PathB-Star-xingyi,PBE,DFT-SR-PBE-BCC-Mo1500_U7500_Zr1000_331
"{""Cr"": 0.07818800000000001, ""U"": 0.921812}",0.311746,,NFM-1540-PathB-Star-xingyi,PBE,DFT-SR-PBE-BCC-Cr8_U92_202
"{""Nb"": 0.050471, ""U"": 0.949529}",0.271656,,NFM-1540-PathB-Star-xingyi,PBE,DFT-SR-PBE-BCC-Nb5_U95_70
"{""Mo"": 0.140428, ""U"": 0.859572}",0.200460,,NFM-1540-PathB-Star-xingyi,PBE,DFT-SR-PBE-BCC-Mo14_U86_120
"{""Ru"": 0.019, ""U"": 0.981}",-1.822973,,NFM-1540-PathB-Star-xingyi,PBE,DFT-SR-PBE-BCC-Ru2_U98_352
"{""U"": 0.923, ""Zr"": 0.077}",0.317091,,NFM-1540-PathB-Star-xingyi,PBE,DFT-SR-PBE-BCC-U92_Zr8_169
"{""Cr"": 0.094197, ""Nb"": 0.086785, ""U"": 0.819018}",0.303351,,NFM-1540-PathB-Star-xingyi,PBE,DFT-SR-PBE-BCC-Cr9_Nb9_U82_67
"{""U"": 0.95548, ""V"": 0.044520000000000004}",0.331727,,NFM-1540-PathB-Star-xingyi,PBE,DFT-SR-PBE-BCC-U96_V4_343
"{""Fe"": 0.013757000000000002, ""U"": 0.986243}",-0.020404,,NFM-1540-PathB-Star-xingyi,PBE,DFT-SR-PBE-BCC-Fe1_U99_223
"{""Cr"": 0.050482, ""U"": 0.949518}",0.319706,,NFM-1540-PathB-Star-xingyi,PBE,DFT-SR-PBE-BCC-Cr5_U95_383
"{""Mo"": 0.083789, ""Ru"": 0.024062, ""U"": 0.892149}",0.200153,,NFM-1540-PathB-Star-xingyi,PBE,DFT-SR-PBE-BCC-Mo8_Ru2_U89_35
"{""Ru"": 0.034914, ""U"": 0.965086}",-1.825980,,NFM-1540-PathB-Star-xingyi,PBE,DFT-SR-PBE-BCC-Ru3_U97_86
"{""U"": 0.974055, ""V"": 0.025945}",0.337013,,NFM-1540-PathB-Star-xingyi,PBE,DFT-SR-PBE-BCC-U97_V3_327
"{""Mo"": 1.2, ""U"": 96, ""Zr"": 2.8}",0.332235,,NFM-1540-PathB-Star-xingyi,PBE,DFT-SR-PBE-BCC-Mo120_U9600_Zr280_387
"{""Ti"": 0.095866, ""U"": 0.904134}",0.110613,,NFM-1540-PathB-Star-xingyi,PBE,DFT-SR-PBE-BCC-Ti10_U90_234
"{""Cr"": 0.028152, ""Mo"": 0.09246, ""U"": 0.8793880000000001}",0.200630,,NFM-1540-PathB-Star-xingyi,PBE,DFT-SR-PBE-BCC-Cr3_Mo9_U88_272
"{""Ru"": 0.039219000000000004, ""U"": 0.960781}",-1.826701,,NFM-1540-PathB-Star-xingyi,PBE,DFT-SR-PBE-BCC-Ru4_U96_79
"{""U"": 0.96, ""V"": 0.04}",0.330986,,NFM-1540-PathB-Star-xingyi,PBE,DFT-SR-PBE-BCC-U96_V4_338
"{""Ti"": 0.033478, ""U"": 0.966522}",0.107198,,NFM-1540-PathB-Star-xingyi,PBE,DFT-SR-PBE-BCC-Ti3_U97_38
"{""Mo"": 18.0, ""U"": 55, ""Zr"": 27.0}",0.392809,,NFM-1540-PathB-Star-xingyi,PBE,DFT-SR-PBE-BCC-Mo1800_U5500_Zr2700_326
"{""U"": 0.973037, ""V"": 0.026963}",0.336387,,NFM-1540-PathB-Star-xingyi,PBE,DFT-SR-PBE-BCC-U97_V3_120
"{""Fe"": 0.051611000000000004, ""U"": 0.948389}",-0.044439,,NFM-1540-PathB-Star-xingyi,PBE,DFT-SR-PBE-BCC-Fe5_U95_77
"{""Ta"": 0.021414, ""U"": 0.925349, ""Zr"": 0.053237}",0.327024,,NFM-1540-PathB-Star-xingyi,PBE,DFT-SR-PBE-BCC-Ta2_U93_Zr5_160
"{""Si"": 0.008642, ""U"": 0.991358}",-0.721762,,NFM-1540-PathB-Star-xingyi,PBE,DFT-SR-PBE-BCC-Si1_U99_31
"{""Ti"": 0.100692, ""U"": 0.899308}",0.110919,,NFM-1540-PathB-Star-xingyi,PBE,DFT-SR-PBE-BCC-Ti10_U90_86
"{""Ti"": 0.10086600000000001, ""U"": 0.899134}",0.110919,,NFM-1540-PathB-Star-xingyi,PBE,DFT-SR-PBE-BCC-Ti10_U90_140
"{""Si"": 0.005424, ""Ti"": 0.111878, ""U"": 0.882698}",0.112504,,NFM-1540-PathB-Star-xingyi,PBE,DFT-SR-PBE-BCC-Si1_Ti11_U88_69
"{""Ni"": 0.05, ""U"": 0.95}",-0.249717,,NFM-1540-PathB-Star-xingyi,PBE,DFT-SR-PBE-BCC-Ni5_U95_359
"{""Mn"": 0.016746999999999998, ""U"": 0.983253}",-0.044091,,NFM-1540-PathB-Star-xingyi,PBE,DFT-SR-PBE-BCC-Mn2_U98_120
"{""Al"": 0.017505, ""U"": 0.982495}",-0.177938,,NFM-1540-PathB-Star-xingyi,PBE,DFT-SR-PBE-BCC-Al2_U98_8
"{""Cr"": 0.095202, ""Nb"": 0.136559, ""U"": 0.768239}",0.340714,,NFM-1540-PathB-Star-xingyi,PBE,DFT-SR-PBE-BCC-Cr10_Nb14_U77_230
"{""Ru"": 0.054599, ""U"": 0.945401}",-1.829082,,NFM-1540-PathB-Star-xingyi,PBE,DFT-SR-PBE-BCC-Ru5_U95_128
"{""Fe"": 0.045611000000000006, ""U"": 0.954389}",-0.040908,,NFM-1540-PathB-Star-xingyi,PBE,DFT-SR-PBE-BCC-Fe5_U95_223
"{""Ti"": 0.054168, ""U"": 0.827211, ""Zr"": 0.118621}",0.324187,,NFM-1540-PathB-Star-xingyi,PBE,DFT-SR-PBE-BCC-Ti5_U83_Zr12_332
"{""Mn"": 0.059954, ""Nb"": 0.131199, ""U"": 0.808847}",0.298045,,NFM-1540-PathB-Star-xingyi,PBE,DFT-SR-PBE-BCC-Mn6_Nb13_U81_222
"{""Fe"": 0.014979, ""U"": 0.9163129999999999, ""Zr"": 0.068708}",0.334976,,NFM-1540-PathB-Star-xingyi,PBE,DFT-SR-PBE-BCC-Fe1_U92_Zr7_268
"{""Ru"": 0.013892000000000002, ""U"": 0.986108}",-1.821742,,NFM-1540-PathB-Star-xingyi,PBE,DFT-SR-PBE-BCC-Ru1_U99_133
"{""Ru"": 0.061146, ""Ti"": 0.095016, ""U"": 0.843838}",0.123756,,NFM-1540-PathB-Star-xingyi,PBE,DFT-SR-PBE-BCC-Ru6_Ti10_U84_346
"{""Mn"": 0.049673999999999996, ""U"": 0.950326}",-0.052173,,NFM-1540-PathB-Star-xingyi,PBE,DFT-SR-PBE-BCC-Mn5_U95_383
"{""Al"": 0.014589000000000001, ""Fe"": 0.043317, ""U"": 0.942094}",-0.043106,,NFM-1540-PathB-Star-xingyi,PBE,DFT-SR-PBE-BCC-Al1_Fe4_U94_356
"{""Ti"": 0.112303, ""U"": 0.887697}",0.111626,,NFM-1540-PathB-Star-xingyi,PBE,DFT-SR-PBE-BCC-Ti11_U89_353
"{""Cr"": 0.070977, ""U"": 0.929023}",0.313658,,NFM-1540-PathB-Star-xingyi,PBE,DFT-SR-PBE-BCC-Cr7_U93_363
"{""Mo"": 0.033883, ""U"": 0.966117}",0.203813,,NFM-1540-PathB-Star-xingyi,PBE,DFT-SR-PBE-BCC-Mo3_U97_142
"{""Mn"": 0.023459, ""U"": 0.976541}",-0.045764,,NFM-1540-PathB-Star-xingyi,PBE,DFT-SR-PBE-BCC-Mn2_U98_253
"{""Cr"": 0.065286, ""U"": 0.934714}",0.470977,,NFM-1540-PathB-Star-xingyi,PBE,DFT-SR-PBE-BCC-Cr7_U93_38
"{""Cr"": 0.059056000000000004, ""U"": 0.940944}",0.317073,,NFM-1540-PathB-Star-xingyi,PBE,DFT-SR-PBE-BCC-Cr6_U94_222
"{""Cr"": 0.043000000000000003, ""U"": 0.957}",0.486461,,NFM-1540-PathB-Star-xingyi,PBE,DFT-SR-PBE-BCC-Cr4_U96_157
"{""Mo"": 0.12, ""U"": 0.88}",0.200160,,NFM-1540-PathB-Star-xingyi,PBE,DFT-SR-PBE-BCC-Mo12_U88_317
"{""Nb"": 25.0, ""U"": 75.0}",0.294861,,NFM-1540-PathB-Star-xingyi,PBE,DFT-SR-PBE-BCC-Nb2500_U7500_217
"{""Mo"": 0.07300000000000001, ""U"": 0.927}",0.201167,,NFM-1540-PathB-Star-xingyi,PBE,DFT-SR-PBE-BCC-Mo7_U93_23
"{""Ta"": 0.041341, ""Ti"": 0.106127, ""U"": 0.8525320000000001}",0.114198,,NFM-1540-PathB-Star-xingyi,PBE,DFT-SR-PBE-BCC-Ta4_Ti11_U85_239
"{""U"": 0.87, ""Zr"": 0.13}",0.308336,,NFM-1540-PathB-Star-xingyi,PBE,DFT-SR-PBE-BCC-U87_Zr13_359
"{""Mo"": 0.049037, ""U"": 0.950963}",0.202602,,NFM-1540-PathB-Star-xingyi,PBE,DFT-SR-PBE-BCC-Mo5_U95_219
"{""Ti"": 0.084699, ""U"": 0.8660220000000001, ""Zr"": 0.049279}",0.108184,,NFM-1540-PathB-Star-xingyi,PBE,DFT-SR-PBE-BCC-Ti8_U87_Zr5_105
"{""Nb"": 0.021, ""U"": 0.979}",0.269153,,NFM-1540-PathB-Star-xingyi,PBE,DFT-SR-PBE-BCC-Nb2_U98_225
"{""Mo"": 0.111378, ""U"": 0.888622}",0.200167,,NFM-1540-PathB-Star-xingyi,PBE,DFT-SR-PBE-BCC-Mo11_U89_194
"{""Fe"": 0.053611000000000006, ""U"": 0.946389}",-0.045677,,NFM-1540-PathB-Star-xingyi,PBE,DFT-SR-PBE-BCC-Fe5_U95_200
"{""Fe"": 0.056019, ""U"": 0.943981}",-0.047106,,NFM-1540-PathB-Star-xingyi,PBE,DFT-SR-PBE-BCC-Fe6_U94_358
"{""Mn"": 0.037531, ""Nb"": 0.053469, ""U"": 0.909}",0.280772,,NFM-1540-PathB-Star-xingyi,PBE,DFT-SR-PBE-BCC-Mn4_Nb5_U91_272
"{""Ru"": 0.058423, ""U"": 0.941577}",-1.829620,,NFM-1540-PathB-Star-xingyi,PBE,DFT-SR-PBE-BCC-Ru6_U94_121
"{""Al"": 0.022855, ""U"": 0.977145}",-0.176489,,NFM-1540-PathB-Star-xingyi,PBE,DFT-SR-PBE-BCC-Al2_U98_353
"{""Nb"": 0.039, ""U"": 0.961}",0.270629,,NFM-1540-PathB-Star-xingyi,PBE,DFT-SR-PBE-BCC-Nb4_U96_267
"{""Cr"": 0.064565, ""Nb"": 0.065371, ""U"": 0.870064}",0.304270,,NFM-1540-PathB-Star-xingyi,PBE,DFT-SR-PBE-BCC-Cr6_Nb7_U87_250
"{""Nb"": 0.041133, ""U"": 0.958867}",0.270588,,NFM-1540-PathB-Star-xingyi,PBE,DFT-SR-PBE-BCC-Nb4_U96_325
"{""Al"": 0.01548, ""Mn"": 0.054704, ""U"": 0.929816}",-0.055656,,NFM-1540-PathB-Star-xingyi,PBE,DFT-SR-PBE-BCC-Al2_Mn5_U93_334
"{""Nb"": 50.0, ""U"": 50.0}",0.341156,,NFM-1540-PathB-Star-xingyi,PBE,DFT-SR-PBE-BCC-Nb5000_U5000_218
"{""Cr"": 0.04775, ""U"": 0.95225}",0.483053,,NFM-1540-PathB-Star-xingyi,PBE,DFT-SR-PBE-BCC-Cr5_U95_150
"{""Si"": 0.01353, ""U"": 0.98647}",-0.720987,,NFM-1540-PathB-Star-xingyi,PBE,DFT-SR-PBE-BCC-Si1_U99_352
"{""Mo"": 0.138197, ""Nb"": 0.151148, ""U"": 0.710655}",0.325631,,NFM-1540-PathB-Star-xingyi,PBE,DFT-SR-PBE-BCC-Mo14_Nb15_U71_98
"{""Mo"": 0.065599, ""U"": 0.934401}",0.201548,,NFM-1540-PathB-Star-xingyi,PBE,DFT-SR-PBE-BCC-Mo7_U93_21
"{""Mo"": 15.7, ""Ti"": 29.2, ""U"": 55}",0.168663,,NFM-1540-PathB-Star-xingyi,PBE,DFT-SR-PBE-BCC-Mo1570_Ti2920_U5500_364
"{""Fe"": 0.040885, ""U"": 0.879018, ""Zr"": 0.080097}",0.363590,,NFM-1540-PathB-Star-xingyi,PBE,DFT-SR-PBE-BCC-Fe4_U88_Zr8_192
"{""Mn"": 0.015364, ""U"": 0.984636}",-0.043716,,NFM-1540-PathB-Star-xingyi,PBE,DFT-SR-PBE-BCC-Mn2_U98_260
"{""U"": 0.944906, ""V"": 0.055094}",0.328959,,NFM-1540-PathB-Star-xingyi,PBE,DFT-SR-PBE-BCC-U94_V6_80
"{""Fe"": 0.035011, ""U"": 0.964989}",-0.034262,,NFM-1540-PathB-Star-xingyi,PBE,DFT-SR-PBE-BCC-Fe4_U96_378
"{""Ru"": 0.029734, ""U"": 0.970266}",-1.824864,,NFM-1540-PathB-Star-xingyi,PBE,DFT-SR-PBE-BCC-Ru3_U97_332
"{""Mo"": 0.147, ""U"": 0.853}",0.200677,,NFM-1540-PathB-Star-xingyi,PBE,DFT-SR-PBE-BCC-Mo15_U85_116
"{""Fe"": 0.017722, ""Ti"": 0.06952, ""U"": 0.912757}",0.113647,,NFM-1540-PathB-Star-xingyi,PBE,DFT-SR-PBE-BCC-Fe2_Ti7_U91_361
"{""Mn"": 0.01688, ""U"": 0.98312}",-0.044091,,NFM-1540-PathB-Star-xingyi,PBE,DFT-SR-PBE-BCC-Mn2_U98_256
"{""U"": 0.977169, ""V"": 0.022831}",0.337939,,NFM-1540-PathB-Star-xingyi,PBE,DFT-SR-PBE-BCC-U98_V2_121
"{""Mo"": 0.049909, ""U"": 0.923611, ""V"": 0.02648}",0.200609,,NFM-1540-PathB-Star-xingyi,PBE,DFT-SR-PBE-BCC-Mo5_U92_V3_328
"{""Ti"": 0.07881, ""U"": 0.92119}",0.109606,,NFM-1540-PathB-Star-xingyi,PBE,DFT-SR-PBE-BCC-Ti8_U92_101
"{""Fe"": 0.04535, ""U"": 0.95465}",-0.040697,,NFM-1540-PathB-Star-xingyi,PBE,DFT-SR-PBE-BCC-Fe5_U95_290
"{""Cr"": 0.051512999999999996, ""U"": 0.897342, ""V"": 0.051145}",0.309059,,NFM-1540-PathB-Star-xingyi,PBE,DFT-SR-PBE-BCC-Cr5_U90_V5_173
"{""Ti"": 0.070275, ""U"": 0.786455, ""Zr"": 0.14327}",0.324187,,NFM-1540-PathB-Star-xingyi,PBE,DFT-SR-PBE-BCC-Ti7_U79_Zr14_184
"{""U"": 0.949235, ""V"": 0.050765}",0.330054,,NFM-1540-PathB-Star-xingyi,PBE,DFT-SR-PBE-BCC-U95_V5_10
"{""Ru"": 0.070655, ""U"": 0.853445, ""V"": 0.0759}",0.284739,,NFM-1540-PathB-Star-xingyi,PBE,DFT-SR-PBE-BCC-Ru7_U85_V8_27
"{""U"": 0.896768, ""Zr"": 0.10323199999999999}",0.312662,,NFM-1540-PathB-Star-xingyi,PBE,DFT-SR-PBE-BCC-U90_Zr10_178
"{""Mo"": 0.04, ""Nb"": 0.03, ""U"": 0.9299999999999999}",0.202181,,NFM-1540-PathB-Star-xingyi,PBE,DFT-SR-PBE-BCC-Mo4_Nb3_U93_259
"{""Mn"": 0.04368, ""Nb"": 0.071298, ""U"": 0.885022}",0.284555,,NFM-1540-PathB-Star-xingyi,PBE,DFT-SR-PBE-BCC-Mn4_Nb7_U89_265
"{""Cr"": 0.038162999999999996, ""Ru"": 0.070175, ""U"": 0.891662}",-1.833749,,NFM-1540-PathB-Star-xingyi,PBE,DFT-SR-PBE-BCC-Cr4_Ru7_U89_280
"{""Cr"": 0.094197, ""Nb"": 0.078785, ""U"": 0.827018}",0.303712,,NFM-1540-PathB-Star-xingyi,PBE,DFT-SR-PBE-BCC-Cr9_Nb8_U83_237
"{""Cr"": 0.053172000000000004, ""Mn"": 0.046527, ""U"": 0.900301}",0.460358,,NFM-1540-PathB-Star-xingyi,PBE,DFT-SR-PBE-BCC-Cr5_Mn5_U90_6
"{""Cr"": 0.055, ""U"": 0.945}",0.477896,,NFM-1540-PathB-Star-xingyi,PBE,DFT-SR-PBE-BCC-Cr6_U94_287
"{""Ti"": 0.110303, ""U"": 0.889697}",0.111497,,NFM-1540-PathB-Star-xingyi,PBE,DFT-SR-PBE-BCC-Ti11_U89_220
"{""U"": 0.755, ""Zr"": 0.245}",0.290308,,NFM-1540-PathB-Star-xingyi,PBE,DFT-SR-PBE-BCC-U76_Zr24_262
"{""Mo"": 0.083789, ""Ru"": 0.022062000000000002, ""U"": 0.894149}",0.200153,,NFM-1540-PathB-Star-xingyi,PBE,DFT-SR-PBE-BCC-Mo8_Ru2_U89_240
"{""Fe"": 0.030667, ""U"": 0.969333}",-0.031513,,NFM-1540-PathB-Star-xingyi,PBE,DFT-SR-PBE-BCC-Fe3_U97_337
"{""U"": 0.879151, ""Zr"": 0.120849}",0.309771,,NFM-1540-PathB-Star-xingyi,PBE,DFT-SR-PBE-BCC-U88_Zr12_315
"{""Mo"": 0.052737, ""U"": 0.947263}",0.202283,,NFM-1540-PathB-Star-xingyi,PBE,DFT-SR-PBE-BCC-Mo5_U95_93
"{""Mo"": 0.04, ""U"": 0.96}",0.203296,,NFM-1540-PathB-Star-xingyi,PBE,DFT-SR-PBE-BCC-Mo4_U96_68
"{""Nb"": 8.8, ""U"": 65, ""Zr"": 26.2}",0.310669,,NFM-1540-PathB-Star-xingyi,PBE,DFT-SR-PBE-BCC-Nb880_U6500_Zr2620_354
"{""Mo"": 15.0, ""U"": 85}",0.200800,,NFM-1540-PathB-Star-xingyi,PBE,DFT-SR-PBE-BCC-Mo1500_U8500_316
"{""Mo"": 0.048343000000000004, ""U"": 0.951657}",0.202650,,NFM-1540-PathB-Star-xingyi,PBE,DFT-SR-PBE-BCC-Mo5_U95_244
"{""Ru"": 0.040608, ""Ti"": 0.029811, ""U"": 0.929581}",-1.828579,,NFM-1540-PathB-Star-xingyi,PBE,DFT-SR-PBE-BCC-Ru4_Ti3_U93_348
"{""Nb"": 0.125236, ""Si"": 0.00712, ""U"": 0.867644}",0.280847,,NFM-1540-PathB-Star-xingyi,PBE,DFT-SR-PBE-BCC-Nb13_Si1_U87_262
"{""Mo"": 0.040928, ""U"": 0.959072}",0.203222,,NFM-1540-PathB-Star-xingyi,PBE,DFT-SR-PBE-BCC-Mo4_U96_142
"{""Ti"": 0.123, ""U"": 0.877}",0.112320,,NFM-1540-PathB-Star-xingyi,PBE,DFT-SR-PBE-BCC-Ti12_U88_19
"{""Cr"": 0.066012, ""U"": 0.933988}",0.470501,,NFM-1540-PathB-Star-xingyi,PBE,DFT-SR-PBE-BCC-Cr7_U93_179
"{""Mo"": 0.11837199999999999, ""U"": 0.835068, ""V"": 0.04656}",0.202480,,NFM-1540-PathB-Star-xingyi,PBE,DFT-SR-PBE-BCC-Mo12_U84_V5_336
"{""Nb"": 0.049776, ""U"": 0.950224}",0.271602,,NFM-1540-PathB-Star-xingyi,PBE,DFT-SR-PBE-BCC-Nb5_U95_271
"{""Cr"": 0.096428, ""Ti"": 0.076222, ""U"": 0.82735}",0.303685,,NFM-1540-PathB-Star-xingyi,PBE,DFT-SR-PBE-BCC-Cr10_Ti8_U83_290
"{""Nb"": 0.107968, ""Ta"": 0.092826, ""U"": 0.799206}",0.288024,,NFM-1540-PathB-Star-xingyi,PBE,DFT-SR-PBE-BCC-Nb11_Ta9_U80_371
"{""Ru"": 0.031797, ""U"": 0.968203}",-1.825300,,NFM-1540-PathB-Star-xingyi,PBE,DFT-SR-PBE-BCC-Ru3_U97_328
"{""Ru"": 0.047964, ""U"": 0.952036}",-1.828007,,NFM-1540-PathB-Star-xingyi,PBE,DFT-SR-PBE-BCC-Ru5_U95_239
"{""Al"": 0.031829, ""U"": 0.968171}",-0.171598,,NFM-1540-PathB-Star-xingyi,PBE,DFT-SR-PBE-BCC-Al3_U97_27
"{""Al"": 0.025412999999999998, ""U"": 0.974587}",-0.173591,,NFM-1540-PathB-Star-xingyi,PBE,DFT-SR-PBE-BCC-Al3_U97_82
"{""Fe"": 0.029083, ""Nb"": 0.086896, ""U"": 0.884021}",0.287854,,NFM-1540-PathB-Star-xingyi,PBE,DFT-SR-PBE-BCC-Fe3_Nb9_U88_140
"{""Ti"": 0.110279, ""U"": 0.889721}",0.111497,,NFM-1540-PathB-Star-xingyi,PBE,DFT-SR-PBE-BCC-Ti11_U89_58
"{""Cr"": 0.031435, ""Mo"": 0.134918, ""U"": 0.833647}",0.203262,,NFM-1540-PathB-Star-xingyi,PBE,DFT-SR-PBE-BCC-Cr3_Mo13_U83_189
"{""Al"": 0.034679, ""U"": 0.965321}",-0.171108,,NFM-1540-PathB-Star-xingyi,PBE,DFT-SR-PBE-BCC-Al3_U97_12
"{""Fe"": 0.035174, ""Nb"": 0.140527, ""U"": 0.824299}",0.298855,,NFM-1540-PathB-Star-xingyi,PBE,DFT-SR-PBE-BCC-Fe4_Nb14_U82_225
"{""Mo"": 0.025, ""U"": 0.975}",0.204657,,NFM-1540-PathB-Star-xingyi,PBE,DFT-SR-PBE-BCC-Mo2_U98_50
"{""Mo"": 0.112558, ""U"": 0.887442}",0.200153,,NFM-1540-PathB-Star-xingyi,PBE,DFT-SR-PBE-BCC-Mo11_U89_182
"{""U"": 0.961664, ""Zr"": 0.038335999999999995}",0.323425,,NFM-1540-PathB-Star-xingyi,PBE,DFT-SR-PBE-BCC-U96_Zr4_203
"{""Fe"": 0.022385, ""Nb"": 0.102088, ""U"": 0.875527}",0.286473,,NFM-1540-PathB-Star-xingyi,PBE,DFT-SR-PBE-BCC-Fe2_Nb10_U88_35
"{""Ru"": 0.069883, ""U"": 0.930117}",-1.830926,,NFM-1540-PathB-Star-xingyi,PBE,DFT-SR-PBE-BCC-Ru7_U93_99
"{""Al"": 0.020393, ""U"": 0.875413, ""Zr"": 0.104194}",0.321547,,NFM-1540-PathB-Star-xingyi,PBE,DFT-SR-PBE-BCC-Al2_U88_Zr10_124
"{""Al"": 0.019607, ""Mn"": 0.043404000000000005, ""U"": 0.936989}",-0.053683,,NFM-1540-PathB-Star-xingyi,PBE,DFT-SR-PBE-BCC-Al2_Mn4_U94_21
"{""U"": 0.8684769999999999, ""Zr"": 0.131523}",0.308145,,NFM-1540-PathB-Star-xingyi,PBE,DFT-SR-PBE-BCC-U87_Zr13_273
"{""Mn"": 0.041533, ""U"": 0.958467}",-0.050206,,NFM-1540-PathB-Star-xingyi,PBE,DFT-SR-PBE-BCC-Mn4_U96_377
"{""Mo"": 0.048276, ""Ru"": 0.05569, ""U"": 0.896034}",-1.832783,,NFM-1540-PathB-Star-xingyi,PBE,DFT-SR-PBE-BCC-Mo5_Ru6_U90_99
"{""Al"": 0.013746999999999999, ""U"": 0.949354, ""V"": 0.036899}",0.331659,,NFM-1540-PathB-Star-xingyi,PBE,DFT-SR-PBE-BCC-Al1_U95_V4_10
"{""Ti"": 0.100592, ""U"": 0.899408}",0.110919,,NFM-1540-PathB-Star-xingyi,PBE,DFT-SR-PBE-BCC-Ti10_U90_254
"{""U"": 0.95615, ""Zr"": 0.04385}",0.322670,,NFM-1540-PathB-Star-xingyi,PBE,DFT-SR-PBE-BCC-U96_Zr4_56
"{""Mo"": 0.033, ""U"": 0.967}",0.203895,,NFM-1540-PathB-Star-xingyi,PBE,DFT-SR-PBE-BCC-Mo3_U97_289
"{""Fe"": 0.025831, ""U"": 0.974169}",-0.028391,,NFM-1540-PathB-Star-xingyi,PBE,DFT-SR-PBE-BCC-Fe3_U97_366
"{""Ru"": 0.064332, ""U"": 0.884118, ""V"": 0.05155}",-1.833735,,NFM-1540-PathB-Star-xingyi,PBE,DFT-SR-PBE-BCC-Ru6_U88_V5_3
"{""Fe"": 0.052961, ""U"": 0.912907, ""V"": 0.034131999999999996}",-0.059392,,NFM-1540-PathB-Star-xingyi,PBE,DFT-SR-PBE-BCC-Fe5_U91_V3_16
"{""Cr"": 0.063286, ""U"": 0.936714}",0.315842,,NFM-1540-PathB-Star-xingyi,PBE,DFT-SR-PBE-BCC-Cr6_U94_256
"{""Ru"": 0.044323, ""U"": 0.955677}",-1.827395,,NFM-1540-PathB-Star-xingyi,PBE,DFT-SR-PBE-BCC-Ru4_U96_55
"{""U"": 0.876359, ""Zr"": 0.123641}",0.309411,,NFM-1540-PathB-Star-xingyi,PBE,DFT-SR-PBE-BCC-U88_Zr12_371
"{""Ru"": 0.073655, ""U"": 0.850445, ""V"": 0.0759}",0.284705,,NFM-1540-PathB-Star-xingyi,PBE,DFT-SR-PBE-BCC-Ru7_U85_V8_117
"{""Mo"": 0.027883, ""U"": 0.972117}",0.204358,,NFM-1540-PathB-Star-xingyi,PBE,DFT-SR-PBE-BCC-Mo3_U97_182
"{""Al"": 0.021047, ""U"": 0.978953}",-0.176938,,NFM-1540-PathB-Star-xingyi,PBE,DFT-SR-PBE-BCC-Al2_U98_95
"{""U"": 0.79748, ""V"": 0.073763, ""Zr"": 0.128757}",0.369828,,NFM-1540-PathB-Star-xingyi,PBE,DFT-SR-PBE-BCC-U80_V7_Zr13_225
"{""Si"": 0.012427, ""Ti"": 0.051134, ""U"": 0.936439}",0.109817,,NFM-1540-PathB-Star-xingyi,PBE,DFT-SR-PBE-BCC-Si1_Ti5_U94_249
"{""Cr"": 0.064519, ""U"": 0.935481}",0.471433,,NFM-1540-PathB-Star-xingyi,PBE,DFT-SR-PBE-BCC-Cr6_U94_241
"{""Mn"": 0.035214, ""U"": 0.964786}",-0.048676,,NFM-1540-PathB-Star-xingyi,PBE,DFT-SR-PBE-BCC-Mn4_U96_154
"{""Ti"": 0.091535, ""U"": 0.908465}",0.110361,,NFM-1540-PathB-Star-xingyi,PBE,DFT-SR-PBE-BCC-Ti9_U91_22
"{""Cr"": 0.07881, ""U"": 0.8566659999999999, ""Zr"": 0.064524}",0.468766,,NFM-1540-PathB-Star-xingyi,PBE,DFT-SR-PBE-BCC-Cr8_U86_Zr6_368
"{""U"": 0.933886, ""Zr"": 0.066114}",0.318738,,NFM-1540-PathB-Star-xingyi,PBE,DFT-SR-PBE-BCC-U93_Zr7_357
"{""Cr"": 0.070121, ""Mn"": 0.012111, ""U"": 0.917768}",0.311937,,NFM-1540-PathB-Star-xingyi,PBE,DFT-SR-PBE-BCC-Cr7_Mn1_U92_177
"{""Nb"": 0.064528, ""Si"": 0.005655, ""U"": 0.929817}",0.274167,,NFM-1540-PathB-Star-xingyi,PBE,DFT-SR-PBE-BCC-Nb6_Si1_U93_202
"{""Mo"": 0.063673, ""Ru"": 0.037384, ""U"": 0.898943}",0.200167,,NFM-1540-PathB-Star-xingyi,PBE,DFT-SR-PBE-BCC-Mo6_Ru4_U90_15
"{""Fe"": 0.02031, ""Ti"": 0.027805, ""U"": 0.951885}",0.111626,,NFM-1540-PathB-Star-xingyi,PBE,DFT-SR-PBE-BCC-Fe2_Ti3_U95_311
"{""Al"": 0.028855000000000002, ""U"": 0.971145}",-0.174918,,NFM-1540-PathB-Star-xingyi,PBE,DFT-SR-PBE-BCC-Al3_U97_39
"{""Si"": 0.017625000000000002, ""U"": 0.982375}",-0.720273,,NFM-1540-PathB-Star-xingyi,PBE,DFT-SR-PBE-BCC-Si2_U98_325
"{""Mn"": 0.050163, ""U"": 0.949837}",-0.052145,,NFM-1540-PathB-Star-xingyi,PBE,DFT-SR-PBE-BCC-Mn5_U95_362
"{""Cr"": 0.077557, ""U"": 0.922443}",0.311937,,NFM-1540-PathB-Star-xingyi,PBE,DFT-SR-PBE-BCC-Cr8_U92_379
"{""Fe"": 0.018092, ""Mn"": 0.050071000000000004, ""U"": 0.931837}",-0.059044,,NFM-1540-PathB-Star-xingyi,PBE,DFT-SR-PBE-BCC-Fe2_Mn5_U93_127
"{""Al"": 0.027561, ""U"": 0.972439}",-0.170054,,NFM-1540-PathB-Star-xingyi,PBE,DFT-SR-PBE-BCC-Al3_U97_264
"{""Al"": 0.022223, ""U"": 0.977777}",-0.176714,,NFM-1540-PathB-Star-xingyi,PBE,DFT-SR-PBE-BCC-Al2_U98_115
"{""Ti"": 0.031498, ""U"": 0.937922, ""Zr"": 0.03058}",0.106170,,NFM-1540-PathB-Star-xingyi,PBE,DFT-SR-PBE-BCC-Ti3_U94_Zr3_69
"{""Ru"": 0.068332, ""U"": 0.880118, ""V"": 0.05155}",-1.833878,,NFM-1540-PathB-Star-xingyi,PBE,DFT-SR-PBE-BCC-Ru7_U88_V5_123
"{""Cr"": 0.071401, ""Fe"": 0.052854, ""U"": 0.875745}",0.436180,,NFM-1540-PathB-Star-xingyi,PBE,DFT-SR-PBE-BCC-Cr7_Fe5_U88_146
"{""Mo"": 0.069, ""U"": 0.931}",0.201358,,NFM-1540-PathB-Star-xingyi,PBE,DFT-SR-PBE-BCC-Mo7_U93_206
"{""Al"": 0.011493, ""U"": 0.988507}",-0.176918,,NFM-1540-PathB-Star-xingyi,PBE,DFT-SR-PBE-BCC-Al1_U99_51
"{""Cr"": 0.053362, ""U"": 0.946638}",0.479107,,NFM-1540-PathB-Star-xingyi,PBE,DFT-SR-PBE-BCC-Cr5_U95_18
"{""Ru"": 0.074211, ""U"": 0.875213, ""V"": 0.050575999999999996}",-1.833844,,NFM-1540-PathB-Star-xingyi,PBE,DFT-SR-PBE-BCC-Ru7_U88_V5_194
"{""Cr"": 0.068616, ""Fe"": 0.048619, ""U"": 0.882765}",0.439765,,NFM-1540-PathB-Star-xingyi,PBE,DFT-SR-PBE-BCC-Cr7_Fe5_U88_243
"{""Mn"": 0.020715, ""U"": 0.979285}",-0.045111,,NFM-1540-PathB-Star-xingyi,PBE,DFT-SR-PBE-BCC-Mn2_U98_168
"{""Mo"": 0.05, ""U"": 0.95}",0.202534,,NFM-1540-PathB-Star-xingyi,PBE,DFT-SR-PBE-BCC-Mo5_U95_30
"{""Mo"": 0.079897, ""U"": 0.920103}",0.200861,,NFM-1540-PathB-Star-xingyi,PBE,DFT-SR-PBE-BCC-Mo8_U92_158
"{""Fe"": 0.025667, ""U"": 0.974333}",-0.028268,,NFM-1540-PathB-Star-xingyi,PBE,DFT-SR-PBE-BCC-Fe3_U97_73
"{""U"": 0.95638, ""Zr"": 0.04362}",0.322670,,NFM-1540-PathB-Star-xingyi,PBE,DFT-SR-PBE-BCC-U96_Zr4_58
"{""Mo"": 45.0, ""U"": 55}",0.265762,,NFM-1540-PathB-Star-xingyi,PBE,DFT-SR-PBE-BCC-Mo4500_U5500_313
"{""Mn"": 0.032623, ""U"": 0.967377}",-0.048036,,NFM-1540-PathB-Star-xingyi,PBE,DFT-SR-PBE-BCC-Mn3_U97_203
"{""Nb"": 0.102105, ""U"": 0.897895}",0.276276,,NFM-1540-PathB-Star-xingyi,PBE,DFT-SR-PBE-BCC-Nb10_U90_365
"{""Mo"": 0.132794, ""U"": 0.867206}",0.200296,,NFM-1540-PathB-Star-xingyi,PBE,DFT-SR-PBE-BCC-Mo13_U87_31
"{""Ti"": 0.029075, ""U"": 0.970925}",0.107082,,NFM-1540-PathB-Star-xingyi,PBE,DFT-SR-PBE-BCC-Ti3_U97_79
"{""Mn"": 0.023596000000000002, ""U"": 0.976404}",-0.045839,,NFM-1540-PathB-Star-xingyi,PBE,DFT-SR-PBE-BCC-Mn2_U98_391
"{""Mo"": 0.07100000000000001, ""U"": 0.929}",0.201262,,NFM-1540-PathB-Star-xingyi,PBE,DFT-SR-PBE-BCC-Mo7_U93_326
"{""Cr"": 0.095208, ""U"": 0.904792}",0.452221,,NFM-1540-PathB-Star-xingyi,PBE,DFT-SR-PBE-BCC-Cr10_U90_191
"{""Ti"": 0.043715, ""U"": 0.956285}",0.107715,,NFM-1540-PathB-Star-xingyi,PBE,DFT-SR-PBE-BCC-Ti4_U96_20
"{""Nb"": 6.7, ""U"": 85, ""Zr"": 8.2}",0.335357,,NFM-1540-PathB-Star-xingyi,PBE,DFT-SR-PBE-BCC-Nb670_U8500_Zr820_361
"{""Fe"": 0.02336, ""U"": 0.97664}",-0.026704,,NFM-1540-PathB-Star-xingyi,PBE,DFT-SR-PBE-BCC-Fe2_U98_378
"{""Cr"": 0.020104999999999998, ""U"": 0.979895}",0.330162,,NFM-1540-PathB-Star-xingyi,PBE,DFT-SR-PBE-BCC-Cr2_U98_166
"{""U"": 0.8597859999999999, ""Zr"": 0.140214}",0.306723,,NFM-1540-PathB-Star-xingyi,PBE,DFT-SR-PBE-BCC-U86_Zr14_196
"{""Cr"": 0.041163, ""Ru"": 0.070175, ""U"": 0.888662}",-1.833708,,NFM-1540-PathB-Star-xingyi,PBE,DFT-SR-PBE-BCC-Cr4_Ru7_U89_348
"{""Mn"": 0.024715, ""U"": 0.975285}",-0.046118,,NFM-1540-PathB-Star-xingyi,PBE,DFT-SR-PBE-BCC-Mn2_U98_224
"{""U"": 0.985, ""V"": 0.015}",0.340354,,NFM-1540-PathB-Star-xingyi,PBE,DFT-SR-PBE-BCC-U98_V2_26
"{""Si"": 0.015278, ""U"": 0.984722}",-0.720694,,NFM-1540-PathB-Star-xingyi,PBE,DFT-SR-PBE-BCC-Si2_U98_86
"{""Mo"": 8.8, ""Ti"": 16.2, ""U"": 75}",0.131675,,NFM-1540-PathB-Star-xingyi,PBE,DFT-SR-PBE-BCC-Mo880_Ti1620_U7500_372
"{""Cr"": 0.090269, ""Mn"": 0.052208, ""U"": 0.857523}",0.302467,,NFM-1540-PathB-Star-xingyi,PBE,DFT-SR-PBE-BCC-Cr9_Mn5_U86_216
"{""Ru"": 0.061146, ""Ti"": 0.089016, ""U"": 0.849838}",0.123178,,NFM-1540-PathB-Star-xingyi,PBE,DFT-SR-PBE-BCC-Ru6_Ti9_U85_172
"{""Al"": 0.020222999999999998, ""U"": 0.979777}",-0.177163,,NFM-1540-PathB-Star-xingyi,PBE,DFT-SR-PBE-BCC-Al2_U98_7
"{""Ru"": 0.033999, ""U"": 0.966001}",-1.825803,,NFM-1540-PathB-Star-xingyi,PBE,DFT-SR-PBE-BCC-Ru3_U97_97
"{""U"": 0.9410000000000001, ""Zr"": 0.059}",0.320037,,NFM-1540-PathB-Star-xingyi,PBE,DFT-SR-PBE-BCC-U94_Zr6_30
"{""Al"": 0.026097, ""Fe"": 0.027094, ""U"": 0.946809}",-0.036105,,NFM-1540-PathB-Star-xingyi,PBE,DFT-SR-PBE-BCC-Al3_Fe3_U95_240
"{""Ru"": 0.073011, ""U"": 0.926989}",-1.831191,,NFM-1540-PathB-Star-xingyi,PBE,DFT-SR-PBE-BCC-Ru7_U93_355
"{""Mo"": 0.077671, ""Si"": 0.013565, ""U"": 0.908764}",0.200439,,NFM-1540-PathB-Star-xingyi,PBE,DFT-SR-PBE-BCC-Mo8_Si1_U91_247
"{""Al"": 0.025043, ""U"": 0.974957}",-0.175932,,NFM-1540-PathB-Star-xingyi,PBE,DFT-SR-PBE-BCC-Al3_U97_36
"{""Mo"": 0.063673, ""Ru"": 0.037384, ""U"": 0.898942}",0.200167,,NFM-1540-PathB-Star-xingyi,PBE,DFT-SR-PBE-BCC-Mo6_Ru4_U90_261
"{""Mo"": 0.041, ""Nb"": 0.03, ""U"": 0.929}",0.202119,,NFM-1540-PathB-Star-xingyi,PBE,DFT-SR-PBE-BCC-Mo4_Nb3_U93_261
"{""Mn"": 0.057392, ""U"": 0.942608}",-0.053819,,NFM-1540-PathB-Star-xingyi,PBE,DFT-SR-PBE-BCC-Mn6_U94_179
"{""U"": 0.872477, ""Zr"": 0.127523}",0.308683,,NFM-1540-PathB-Star-xingyi,PBE,DFT-SR-PBE-BCC-U87_Zr13_153
"{""Al"": 0.013510000000000001, ""U"": 0.98649}",-0.176483,,NFM-1540-PathB-Star-xingyi,PBE,DFT-SR-PBE-BCC-Al1_U99_57
"{""Si"": 0.011019000000000001, ""U"": 0.988981}",-0.721347,,NFM-1540-PathB-Star-xingyi,PBE,DFT-SR-PBE-BCC-Si1_U99_349
"{""Si"": 0.010254, ""U"": 0.989746}",-0.721490,,NFM-1540-PathB-Star-xingyi,PBE,DFT-SR-PBE-BCC-Si1_U99_77
"{""U"": 0.883151, ""Zr"": 0.116849}",0.310486,,NFM-1540-PathB-Star-xingyi,PBE,DFT-SR-PBE-BCC-U88_Zr12_312
"{""Cr"": 0.03826, ""Ru"": 0.062729, ""U"": 0.899011}",-1.833851,,NFM-1540-PathB-Star-xingyi,PBE,DFT-SR-PBE-BCC-Cr4_Ru6_U90_272
"{""Mn"": 0.032704, ""Si"": 0.013805999999999999, ""U"": 0.95349}",-0.051261,,NFM-1540-PathB-Star-xingyi,PBE,DFT-SR-PBE-BCC-Mn3_Si1_U95_164
"{""Ta"": 0.041661, ""U"": 0.905174, ""Zr"": 0.053165}",0.333010,,NFM-1540-PathB-Star-xingyi,PBE,DFT-SR-PBE-BCC-Ta4_U91_Zr5_189
"{""Cr"": 0.059519, ""U"": 0.940481}",0.316964,,NFM-1540-PathB-Star-xingyi,PBE,DFT-SR-PBE-BCC-Cr6_U94_371
"{""Al"": 0.022603, ""U"": 0.977397}",-0.176605,,NFM-1540-PathB-Star-xingyi,PBE,DFT-SR-PBE-BCC-Al2_U98_290
"{""U"": 0.95538, ""Zr"": 0.04462}",0.322479,,NFM-1540-PathB-Star-xingyi,PBE,DFT-SR-PBE-BCC-U96_Zr4_337
"{""Cr"": 0.049362, ""U"": 0.950638}",0.481944,,NFM-1540-PathB-Star-xingyi,PBE,DFT-SR-PBE-BCC-Cr5_U95_264
"{""Mo"": 2.8, ""U"": 96, ""Zr"": 1.2}",0.204718,,NFM-1540-PathB-Star-xingyi,PBE,DFT-SR-PBE-BCC-Mo280_U9600_Zr120_385
"{""Mo"": 0.07402299999999999, ""U"": 0.925977}",0.201113,,NFM-1540-PathB-Star-xingyi,PBE,DFT-SR-PBE-BCC-Mo7_U93_233
"{""Ta"": 0.030758, ""U"": 0.8728940000000001, ""Zr"": 0.096348}",0.322296,,NFM-1540-PathB-Star-xingyi,PBE,DFT-SR-PBE-BCC-Ta3_U87_Zr10_37
"{""Ru"": 0.035, ""U"": 0.965}",-1.825980,,NFM-1540-PathB-Star-xingyi,PBE,DFT-SR-PBE-BCC-Ru4_U96_148
"{""Mn"": 0.045380000000000004, ""U"": 0.95462}",-0.051159,,NFM-1540-PathB-Star-xingyi,PBE,DFT-SR-PBE-BCC-Mn5_U95_258
"{""Cr"": 0.076557, ""U"": 0.923443}",0.463657,,NFM-1540-PathB-Star-xingyi,PBE,DFT-SR-PBE-BCC-Cr8_U92_28
"{""Fe"": 0.032933000000000004, ""U"": 0.967067}",-0.032935,,NFM-1540-PathB-Star-xingyi,PBE,DFT-SR-PBE-BCC-Fe3_U97_286
"{""Fe"": 0.020831, ""U"": 0.979169}",-0.025112,,NFM-1540-PathB-Star-xingyi,PBE,DFT-SR-PBE-BCC-Fe2_U98_196
"{""Cr"": 0.051172, ""Mn"": 0.046527, ""U"": 0.902301}",0.461562,,NFM-1540-PathB-Star-xingyi,PBE,DFT-SR-PBE-BCC-Cr5_Mn5_U90_179
"{""Mo"": 19.2, ""Ti"": 15.7, ""U"": 65}",0.211780,,NFM-1540-PathB-Star-xingyi,PBE,DFT-SR-PBE-BCC-Mo1920_Ti1570_U6500_369
"{""Ti"": 0.085535, ""U"": 0.914465}",0.110021,,NFM-1540-PathB-Star-xingyi,PBE,DFT-SR-PBE-BCC-Ti9_U91_59
"{""Mn"": 0.037496999999999996, ""U"": 0.962503}",-0.049057,,NFM-1540-PathB-Star-xingyi,PBE,DFT-SR-PBE-BCC-Mn4_U96_302
"{""Mn"": 0.043324, ""U"": 0.956676}",-0.050513,,NFM-1540-PathB-Star-xingyi,PBE,DFT-SR-PBE-BCC-Mn4_U96_257
"{""U"": 33.3, ""Zr"": 66.7}",0.234686,,NFM-1540-PathB-Star-xingyi,PBE,DFT-SR-PBE-BCC-U3330_Zr6670_211
"{""Nb"": 0.058904, ""U"": 0.941096}",0.272364,,NFM-1540-PathB-Star-xingyi,PBE,DFT-SR-PBE-BCC-Nb6_U94_236
"{""Mo"": 0.07, ""U"": 0.9299999999999999}",0.201310,,NFM-1540-PathB-Star-xingyi,PBE,DFT-SR-PBE-BCC-Mo7_U93_338
"{""Ta"": 0.041661, ""U"": 0.908174, ""Zr"": 0.050164999999999994}",0.333398,,NFM-1540-PathB-Star-xingyi,PBE,DFT-SR-PBE-BCC-Ta4_U91_Zr5_373
"{""Nb"": 0.048277, ""U"": 0.951723}",0.271425,,NFM-1540-PathB-Star-xingyi,PBE,DFT-SR-PBE-BCC-Nb5_U95_205
"{""Ti"": 0.11204599999999999, ""U"": 0.887954}",0.111626,,NFM-1540-PathB-Star-xingyi,PBE,DFT-SR-PBE-BCC-Ti11_U89_36
"{""Ti"": 0.070904, ""U"": 0.929096}",0.109164,,NFM-1540-PathB-Star-xingyi,PBE,DFT-SR-PBE-BCC-Ti7_U93_289
"{""Nb"": 0.049160999999999996, ""U"": 0.950839}",0.271541,,NFM-1540-PathB-Star-xingyi,PBE,DFT-SR-PBE-BCC-Nb5_U95_388
"{""Ti"": 0.060769, ""U"": 0.939231}",0.108606,,NFM-1540-PathB-Star-xingyi,PBE,DFT-SR-PBE-BCC-Ti6_U94_192
"{""Al"": 0.031112, ""U"": 0.968888}",-0.171707,,NFM-1540-PathB-Star-xingyi,PBE,DFT-SR-PBE-BCC-Al3_U97_125
"{""Ti"": 0.040464, ""U"": 0.959536}",0.107565,,NFM-1540-PathB-Star-xingyi,PBE,DFT-SR-PBE-BCC-Ti4_U96_339
"{""Fe"": 0.041173999999999995, ""Nb"": 0.140527, ""U"": 0.818299}",0.302549,,NFM-1540-PathB-Star-xingyi,PBE,DFT-SR-PBE-BCC-Fe4_Nb14_U82_35
"{""Fe"": 0.056305999999999995, ""Nb"": 0.088764, ""U"": 0.85493}",0.303624,,NFM-1540-PathB-Star-xingyi,PBE,DFT-SR-PBE-BCC-Fe6_Nb9_U85_132
"{""U"": 0.9297610000000001, ""Zr"": 0.070239}",0.318187,,NFM-1540-PathB-Star-xingyi,PBE,DFT-SR-PBE-BCC-U93_Zr7_131
"{""Mo"": 0.138197, ""Nb"": 0.147148, ""U"": 0.714655}",0.324822,,NFM-1540-PathB-Star-xingyi,PBE,DFT-SR-PBE-BCC-Mo14_Nb15_U71_16
"{""Ru"": 0.036445000000000005, ""U"": 0.9635549999999999}",-1.826252,,NFM-1540-PathB-Star-xingyi,PBE,DFT-SR-PBE-BCC-Ru4_U96_131
"{""U"": 0.93567, ""V"": 0.06433}",0.326095,,NFM-1540-PathB-Star-xingyi,PBE,DFT-SR-PBE-BCC-U94_V6_150
"{""Cr"": 0.07728, ""Nb"": 0.135724, ""U"": 0.786996}",0.326026,,NFM-1540-PathB-Star-xingyi,PBE,DFT-SR-PBE-BCC-Cr8_Nb14_U79_256
"{""Cr"": 0.057513, ""U"": 0.891342, ""V"": 0.051145}",0.452221,,NFM-1540-PathB-Star-xingyi,PBE,DFT-SR-PBE-BCC-Cr6_U89_V5_148
"{""Ti"": 0.113046, ""U"": 0.886954}",0.111674,,NFM-1540-PathB-Star-xingyi,PBE,DFT-SR-PBE-BCC-Ti11_U89_3
"{""Ru"": 0.039, ""U"": 0.961}",-1.826783,,NFM-1540-PathB-Star-xingyi,PBE,DFT-SR-PBE-BCC-Ru4_U96_3
"{""Mn"": 0.045674, ""U"": 0.954326}",-0.051057,,NFM-1540-PathB-Star-xingyi,PBE,DFT-SR-PBE-BCC-Mn5_U95_19
"{""Mn"": 0.020917, ""Nb"": 0.092641, ""U"": 0.886442}",0.280772,,NFM-1540-PathB-Star-xingyi,PBE,DFT-SR-PBE-BCC-Mn2_Nb9_U89_51
"{""Mo"": 0.097607, ""U"": 0.902393}",0.200330,,NFM-1540-PathB-Star-xingyi,PBE,DFT-SR-PBE-BCC-Mo10_U90_392
"{""Mo"": 0.14436, ""U"": 0.840043, ""V"": 0.015597}",0.201487,,NFM-1540-PathB-Star-xingyi,PBE,DFT-SR-PBE-BCC-Mo14_U84_V2_75
"{""Mo"": 0.039928, ""U"": 0.960072}",0.203296,,NFM-1540-PathB-Star-xingyi,PBE,DFT-SR-PBE-BCC-Mo4_U96_61
"{""Nb"": 0.035, ""U"": 0.965}",0.270085,,NFM-1540-PathB-Star-xingyi,PBE,DFT-SR-PBE-BCC-Nb4_U96_20
"{""Al"": 0.013904, ""U"": 0.986096}",-0.176381,,NFM-1540-PathB-Star-xingyi,PBE,DFT-SR-PBE-BCC-Al1_U99_141
"{""Ta"": 0.054905, ""Ti"": 0.056697, ""U"": 0.888398}",0.111858,,NFM-1540-PathB-Star-xingyi,PBE,DFT-SR-PBE-BCC-Ta5_Ti6_U89_385
"{""Ru"": 0.051964, ""U"": 0.948036}",-1.828728,,NFM-1540-PathB-Star-xingyi,PBE,DFT-SR-PBE-BCC-Ru5_U95_1
"{""Ti"": 0.069869, ""U"": 0.930131}",0.109130,,NFM-1540-PathB-Star-xingyi,PBE,DFT-SR-PBE-BCC-Ti7_U93_157
"{""Nb"": 0.081851, ""U"": 0.918149}",0.274282,,NFM-1540-PathB-Star-xingyi,PBE,DFT-SR-PBE-BCC-Nb8_U92_195
"{""U"": 0.945, ""Zr"": 0.055}",0.320595,,NFM-1540-PathB-Star-xingyi,PBE,DFT-SR-PBE-BCC-U94_Zr6_101
"{""Nb"": 0.146484, ""U"": 0.853516}",0.281378,,NFM-1540-PathB-Star-xingyi,PBE,DFT-SR-PBE-BCC-Nb15_U85_168
"{""Si"": 0.011764, ""U"": 0.988236}",-0.721259,,NFM-1540-PathB-Star-xingyi,PBE,DFT-SR-PBE-BCC-Si1_U99_82
"{""Mn"": 0.042699, ""U"": 0.957301}",-0.050472,,NFM-1540-PathB-Star-xingyi,PBE,DFT-SR-PBE-BCC-Mn4_U96_37
"{""Mo"": 0.1068, ""U"": 0.8932}",0.200208,,NFM-1540-PathB-Star-xingyi,PBE,DFT-SR-PBE-BCC-Mo11_U89_82
"{""Cr"": 0.07540100000000001, ""Fe"": 0.052854, ""U"": 0.871745}",0.301419,,NFM-1540-PathB-Star-xingyi,PBE,DFT-SR-PBE-BCC-Cr8_Fe5_U87_126
"{""Mn"": 0.031429000000000006, ""U"": 0.852197, ""Zr"": 0.116374}",0.331071,,NFM-1540-PathB-Star-xingyi,PBE,DFT-SR-PBE-BCC-Mn3_U85_Zr12_207
"{""Nb"": 0.095346, ""U"": 0.815875, ""Zr"": 0.088779}",0.270922,,NFM-1540-PathB-Star-xingyi,PBE,DFT-SR-PBE-BCC-Nb10_U82_Zr9_150
"{""Al"": 0.011868, ""U"": 0.988132}",-0.176918,,NFM-1540-PathB-Star-xingyi,PBE,DFT-SR-PBE-BCC-Al1_U99_6
"{""Fe"": 0.051000000000000004, ""U"": 0.949}",-0.044133,,NFM-1540-PathB-Star-xingyi,PBE,DFT-SR-PBE-BCC-Fe5_U95_179
"{""Al"": 0.01548, ""Mn"": 0.049704000000000005, ""U"": 0.934816}",-0.054486,,NFM-1540-PathB-Star-xingyi,PBE,DFT-SR-PBE-BCC-Al2_Mn5_U93_25
"{""U"": 0.867786, ""Zr"": 0.132214}",0.307982,,NFM-1540-PathB-Star-xingyi,PBE,DFT-SR-PBE-BCC-U87_Zr13_149
"{""Ta"": 0.025082, ""U"": 0.920913, ""V"": 0.054005}",0.327020,,NFM-1540-PathB-Star-xingyi,PBE,DFT-SR-PBE-BCC-Ta3_U92_V5_381
"{""Nb"": 0.052599, ""Ta"": 0.020741, ""U"": 0.92666}",0.273718,,NFM-1540-PathB-Star-xingyi,PBE,DFT-SR-PBE-BCC-Nb5_Ta2_U93_104
"{""Mo"": 0.052909000000000005, ""U"": 0.920611, ""V"": 0.02648}",0.200521,,NFM-1540-PathB-Star-xingyi,PBE,DFT-SR-PBE-BCC-Mo5_U92_V3_117
"{""Al"": 0.012589, ""Fe"": 0.043317, ""U"": 0.944094}",-0.042575,,NFM-1540-PathB-Star-xingyi,PBE,DFT-SR-PBE-BCC-Al1_Fe4_U94_342
"{""Ti"": 0.036473, ""U"": 0.963527}",0.107347,,NFM-1540-PathB-Star-xingyi,PBE,DFT-SR-PBE-BCC-Ti4_U96_286
"{""Mo"": 0.070966, ""Ru"": 0.069923, ""U"": 0.859111}",0.201439,,NFM-1540-PathB-Star-xingyi,PBE,DFT-SR-PBE-BCC-Mo7_Ru7_U86_205
"{""U"": 0.952071, ""Zr"": 0.047929}",0.321915,,NFM-1540-PathB-Star-xingyi,PBE,DFT-SR-PBE-BCC-U95_Zr5_110
"{""Mn"": 0.016544, ""U"": 0.983456}",-0.043832,,NFM-1540-PathB-Star-xingyi,PBE,DFT-SR-PBE-BCC-Mn2_U98_297
"{""Ru"": 0.070578, ""U"": 0.903212, ""V"": 0.02621}",-1.833252,,NFM-1540-PathB-Star-xingyi,PBE,DFT-SR-PBE-BCC-Ru7_U90_V3_152
"{""Mn"": 0.022246000000000002, ""Mo"": 0.111037, ""U"": 0.866717}",0.200385,,NFM-1540-PathB-Star-xingyi,PBE,DFT-SR-PBE-BCC-Mn2_Mo11_U87_160
"{""U"": 0.943167, ""V"": 0.056833}",0.328489,,NFM-1540-PathB-Star-xingyi,PBE,DFT-SR-PBE-BCC-U94_V6_116
"{""Mo"": 0.082053, ""U"": 0.794307, ""Zr"": 0.12364}",0.357256,,NFM-1540-PathB-Star-xingyi,PBE,DFT-SR-PBE-BCC-Mo8_U79_Zr12_18
"{""Mo"": 0.121, ""U"": 0.879}",0.200167,,NFM-1540-PathB-Star-xingyi,PBE,DFT-SR-PBE-BCC-Mo12_U88_17
"{""U"": 0.972055, ""V"": 0.027944999999999998}",0.336442,,NFM-1540-PathB-Star-xingyi,PBE,DFT-SR-PBE-BCC-U97_V3_227
"{""Nb"": 0.11462, ""U"": 0.8853800000000001}",0.277867,,NFM-1540-PathB-Star-xingyi,PBE,DFT-SR-PBE-BCC-Nb11_U89_215
"{""Mn"": 0.030623, ""U"": 0.969377}",-0.047547,,NFM-1540-PathB-Star-xingyi,PBE,DFT-SR-PBE-BCC-Mn3_U97_111
"{""Mo"": 0.110099, ""U"": 0.776239, ""Zr"": 0.113662}",0.377264,,NFM-1540-PathB-Star-xingyi,PBE,DFT-SR-PBE-BCC-Mo11_U78_Zr11_330
"{""U"": 0.895869, ""Zr"": 0.104131}",0.312486,,NFM-1540-PathB-Star-xingyi,PBE,DFT-SR-PBE-BCC-U90_Zr10_383
"{""Nb"": 0.051213, ""U"": 0.948787}",0.271724,,NFM-1540-PathB-Star-xingyi,PBE,DFT-SR-PBE-BCC-Nb5_U95_163
"{""U"": 0.942441, ""Zr"": 0.057559}",0.320234,,NFM-1540-PathB-Star-xingyi,PBE,DFT-SR-PBE-BCC-U94_Zr6_91
"{""Cr"": 0.028966, ""Mn"": 0.01508, ""U"": 0.955954}",0.489917,,NFM-1540-PathB-Star-xingyi,PBE,DFT-SR-PBE-BCC-Cr3_Mn2_U96_389
"{""Mo"": 0.027, ""U"": 0.973}",0.204460,,NFM-1540-PathB-Star-xingyi,PBE,DFT-SR-PBE-BCC-Mo3_U97_11
"{""Al"": 0.017058, ""Nb"": 0.032827999999999996, ""U"": 0.950114}",0.272486,,NFM-1540-PathB-Star-xingyi,PBE,DFT-SR-PBE-BCC-Al2_Nb3_U95_317
"{""Mn"": 0.019562, ""U"": 0.980438}",-0.044750,,NFM-1540-PathB-Star-xingyi,PBE,DFT-SR-PBE-BCC-Mn2_U98_334
"{""Al"": 0.029979, ""U"": 0.970021}",-0.174578,,NFM-1540-PathB-Star-xingyi,PBE,DFT-SR-PBE-BCC-Al3_U97_308
"{""Ti"": 0.11004599999999999, ""U"": 0.889954}",0.111497,,NFM-1540-PathB-Star-xingyi,PBE,DFT-SR-PBE-BCC-Ti11_U89_18
"{""Mn"": 0.054327, ""U"": 0.945673}",-0.051213,,NFM-1540-PathB-Star-xingyi,PBE,DFT-SR-PBE-BCC-Mn5_U95_257
"{""U"": 0.855, ""Zr"": 0.145}",0.306009,,NFM-1540-PathB-Star-xingyi,PBE,DFT-SR-PBE-BCC-U86_Zr14_361
"{""Al"": 0.023467, ""U"": 0.976533}",-0.176381,,NFM-1540-PathB-Star-xingyi,PBE,DFT-SR-PBE-BCC-Al2_U98_381
"{""U"": 10, ""Zr"": 90.0}",0.210264,,NFM-1540-PathB-Star-xingyi,PBE,DFT-SR-PBE-BCC-U1000_Zr9000_306
"{""Ru"": 0.040914, ""U"": 0.959086}",-1.826864,,NFM-1540-PathB-Star-xingyi,PBE,DFT-SR-PBE-BCC-Ru4_U96_311
"{""Ti"": 0.041334, ""U"": 0.958666}",0.107592,,NFM-1540-PathB-Star-xingyi,PBE,DFT-SR-PBE-BCC-Ti4_U96_345
"{""U"": 0.85, ""Zr"": 0.15}",0.305118,,NFM-1540-PathB-Star-xingyi,PBE,DFT-SR-PBE-BCC-U85_Zr15_289
"{""Fe"": 0.021444, ""Mn"": 0.035106, ""U"": 0.94345}",-0.056819,,NFM-1540-PathB-Star-xingyi,PBE,DFT-SR-PBE-BCC-Fe2_Mn4_U94_264
"{""Cr"": 0.08028, ""Nb"": 0.135724, ""U"": 0.783995}",0.328346,,NFM-1540-PathB-Star-xingyi,PBE,DFT-SR-PBE-BCC-Cr8_Nb14_U78_230
"{""Nb"": 0.13803200000000002, ""U"": 0.861968}",0.280391,,NFM-1540-PathB-Star-xingyi,PBE,DFT-SR-PBE-BCC-Nb14_U86_304
"{""Nb"": 0.1, ""U"": 0.9}",0.276071,,NFM-1540-PathB-Star-xingyi,PBE,DFT-SR-PBE-BCC-Nb10_U90_151
"{""Ti"": 0.104958, ""U"": 0.895042}",0.111184,,NFM-1540-PathB-Star-xingyi,PBE,DFT-SR-PBE-BCC-Ti10_U90_146
"{""Cr"": 0.060257, ""U"": 0.939743}",0.474386,,NFM-1540-PathB-Star-xingyi,PBE,DFT-SR-PBE-BCC-Cr6_U94_39
"{""Mo"": 0.12637199999999998, ""U"": 0.827068, ""V"": 0.04656}",0.203045,,NFM-1540-PathB-Star-xingyi,PBE,DFT-SR-PBE-BCC-Mo13_U83_V5_209
"{""Cr"": 0.049637, ""U"": 0.950363}",0.319992,,NFM-1540-PathB-Star-xingyi,PBE,DFT-SR-PBE-BCC-Cr5_U95_226
"{""Nb"": 0.084851, ""U"": 0.915149}",0.274799,,NFM-1540-PathB-Star-xingyi,PBE,DFT-SR-PBE-BCC-Nb8_U92_139
"{""Cr"": 0.062012000000000005, ""U"": 0.937988}",0.316250,,NFM-1540-PathB-Star-xingyi,PBE,DFT-SR-PBE-BCC-Cr6_U94_27
"{""Fe"": 0.017757000000000002, ""U"": 0.982243}",-0.023064,,NFM-1540-PathB-Star-xingyi,PBE,DFT-SR-PBE-BCC-Fe2_U98_27
"{""Cr"": 0.097, ""U"": 0.903}",0.451208,,NFM-1540-PathB-Star-xingyi,PBE,DFT-SR-PBE-BCC-Cr10_U90_13
"{""Si"": 0.013763999999999998, ""U"": 0.986236}",-0.720932,,NFM-1540-PathB-Star-xingyi,PBE,DFT-SR-PBE-BCC-Si1_U99_127
"{""Ti"": 0.09531200000000001, ""U"": 0.881385, ""V"": 0.023303}",0.115205,,NFM-1540-PathB-Star-xingyi,PBE,DFT-SR-PBE-BCC-Ti10_U88_V2_208
"{""U"": 0.930058, ""V"": 0.06994199999999999}",0.325326,,NFM-1540-PathB-Star-xingyi,PBE,DFT-SR-PBE-BCC-U93_V7_356
"{""Ti"": 0.12456500000000001, ""U"": 0.7527820000000001, ""Zr"": 0.122653}",0.107817,,NFM-1540-PathB-Star-xingyi,PBE,DFT-SR-PBE-BCC-Ti12_U75_Zr12_133
"{""Fe"": 0.018092, ""Mn"": 0.055071, ""U"": 0.926837}",-0.060152,,NFM-1540-PathB-Star-xingyi,PBE,DFT-SR-PBE-BCC-Fe2_Mn6_U93_112
"{""Ru"": 0.049523, ""U"": 0.861737, ""Zr"": 0.08874}",0.353732,,NFM-1540-PathB-Star-xingyi,PBE,DFT-SR-PBE-BCC-Ru5_U86_Zr9_183
"{""Ni"": 0.02, ""U"": 0.98}",-0.248146,,NFM-1540-PathB-Star-xingyi,PBE,DFT-SR-PBE-BCC-Ni2_U98_363
"{""Al"": 0.025642, ""U"": 0.974358}",-0.175367,,NFM-1540-PathB-Star-xingyi,PBE,DFT-SR-PBE-BCC-Al3_U97_368
"{""Cr"": 0.028104999999999998, ""U"": 0.971895}",0.469324,,NFM-1540-PathB-Star-xingyi,PBE,DFT-SR-PBE-BCC-Cr3_U97_193
"{""Ti"": 0.058831, ""U"": 0.941169}",0.108497,,NFM-1540-PathB-Star-xingyi,PBE,DFT-SR-PBE-BCC-Ti6_U94_95
"{""Ti"": 0.031498, ""U"": 0.934921, ""Zr"": 0.03358}",0.332813,,NFM-1540-PathB-Star-xingyi,PBE,DFT-SR-PBE-BCC-Ti3_U93_Zr3_15
"{""Ti"": 0.116046, ""U"": 0.883954}",0.111858,,NFM-1540-PathB-Star-xingyi,PBE,DFT-SR-PBE-BCC-Ti12_U88_90
"{""Ru"": 0.0697, ""U"": 0.832584, ""Zr"": 0.097716}",0.369175,,NFM-1540-PathB-Star-xingyi,PBE,DFT-SR-PBE-BCC-Ru7_U83_Zr10_280
"{""Al"": 0.026560999999999998, ""U"": 0.973439}",-0.175483,,NFM-1540-PathB-Star-xingyi,PBE,DFT-SR-PBE-BCC-Al3_U97_19
"{""Ru"": 0.023592000000000002, ""Ti"": 0.116138, ""U"": 0.86027}",0.116579,,NFM-1540-PathB-Star-xingyi,PBE,DFT-SR-PBE-BCC-Ru2_Ti12_U86_5
"{""Fe"": 0.042462, ""Ti"": 0.063534, ""U"": 0.894004}",0.121049,,NFM-1540-PathB-Star-xingyi,PBE,DFT-SR-PBE-BCC-Fe4_Ti6_U89_63
"{""Cr"": 0.074616, ""Fe"": 0.048619, ""U"": 0.876765}",0.302188,,NFM-1540-PathB-Star-xingyi,PBE,DFT-SR-PBE-BCC-Cr7_Fe5_U88_167
"{""U"": 0.922331, ""Zr"": 0.077669}",0.316887,,NFM-1540-PathB-Star-xingyi,PBE,DFT-SR-PBE-BCC-U92_Zr8_344
"{""Mo"": 0.136212, ""U"": 0.863788}",0.200405,,NFM-1540-PathB-Star-xingyi,PBE,DFT-SR-PBE-BCC-Mo14_U86_116
"{""Ta"": 0.039341, ""Ti"": 0.106127, ""U"": 0.8545320000000001}",0.114035,,NFM-1540-PathB-Star-xingyi,PBE,DFT-SR-PBE-BCC-Ta4_Ti11_U85_388
"{""Fe"": 0.041718, ""Ti"": 0.108923, ""U"": 0.849359}",0.124804,,NFM-1540-PathB-Star-xingyi,PBE,DFT-SR-PBE-BCC-Fe4_Ti11_U85_89
"{""Ti"": 0.075922, ""U"": 0.8048420000000001, ""Zr"": 0.119236}",0.329908,,NFM-1540-PathB-Star-xingyi,PBE,DFT-SR-PBE-BCC-Ti8_U80_Zr12_48
"{""U"": 0.924528, ""V"": 0.07547200000000001}",0.288365,,NFM-1540-PathB-Star-xingyi,PBE,DFT-SR-PBE-BCC-U92_V8_291
"{""Mn"": 0.020946, ""U"": 0.979054}",-0.045111,,NFM-1540-PathB-Star-xingyi,PBE,DFT-SR-PBE-BCC-Mn2_U98_339
"{""Cr"": 0.063584, ""U"": 0.936416}",0.315787,,NFM-1540-PathB-Star-xingyi,PBE,DFT-SR-PBE-BCC-Cr6_U94_212
"{""Fe"": 0.041576, ""U"": 0.9584239999999999}",-0.038364,,NFM-1540-PathB-Star-xingyi,PBE,DFT-SR-PBE-BCC-Fe4_U96_272
"{""Al"": 0.02042, ""Mo"": 0.044361, ""U"": 0.935219}",0.201841,,NFM-1540-PathB-Star-xingyi,PBE,DFT-SR-PBE-BCC-Al2_Mo4_U94_291
"{""Al"": 0.01325, ""Mo"": 0.074295, ""U"": 0.912455}",0.200684,,NFM-1540-PathB-Star-xingyi,PBE,DFT-SR-PBE-BCC-Al1_Mo7_U91_80
"{""Mn"": 0.052415, ""U"": 0.947585}",-0.052608,,NFM-1540-PathB-Star-xingyi,PBE,DFT-SR-PBE-BCC-Mn5_U95_356
"{""Ti"": 0.037478000000000004, ""U"": 0.962522}",0.107375,,NFM-1540-PathB-Star-xingyi,PBE,DFT-SR-PBE-BCC-Ti4_U96_52
"{""Al"": 0.025466, ""U"": 0.974534}",-0.173591,,NFM-1540-PathB-Star-xingyi,PBE,DFT-SR-PBE-BCC-Al3_U97_300
"{""Al"": 0.010612, ""U"": 0.926119, ""V"": 0.063269}",0.325094,,NFM-1540-PathB-Star-xingyi,PBE,DFT-SR-PBE-BCC-Al1_U93_V6_11
"{""Ru"": 0.025388, ""U"": 0.974612}",-1.824130,,NFM-1540-PathB-Star-xingyi,PBE,DFT-SR-PBE-BCC-Ru3_U97_267
"{""Mn"": 0.039937999999999994, ""U"": 0.960062}",-0.049689,,NFM-1540-PathB-Star-xingyi,PBE,DFT-SR-PBE-BCC-Mn4_U96_375
"{""Ti"": 0.060922000000000004, ""U"": 0.939078}",0.108606,,NFM-1540-PathB-Star-xingyi,PBE,DFT-SR-PBE-BCC-Ti6_U94_44
"{""Mn"": 0.035533, ""U"": 0.964467}",-0.048744,,NFM-1540-PathB-Star-xingyi,PBE,DFT-SR-PBE-BCC-Mn4_U96_292
"{""Ti"": 0.095205, ""U"": 0.860706, ""V"": 0.044089}",0.120028,,NFM-1540-PathB-Star-xingyi,PBE,DFT-SR-PBE-BCC-Ti10_U86_V4_204
"{""Al"": 0.019607, ""Mn"": 0.051404000000000005, ""U"": 0.928989}",-0.055526,,NFM-1540-PathB-Star-xingyi,PBE,DFT-SR-PBE-BCC-Al2_Mn5_U93_170
"{""U"": 0.855325, ""Zr"": 0.144675}",0.306009,,NFM-1540-PathB-Star-xingyi,PBE,DFT-SR-PBE-BCC-U86_Zr14_394
"{""Nb"": 0.061904, ""U"": 0.938096}",0.272670,,NFM-1540-PathB-Star-xingyi,PBE,DFT-SR-PBE-BCC-Nb6_U94_73
"{""U"": 0.869266, ""Zr"": 0.130734}",0.308145,,NFM-1540-PathB-Star-xingyi,PBE,DFT-SR-PBE-BCC-U87_Zr13_276
"{""Mn"": 0.016246, ""Mo"": 0.111037, ""U"": 0.872717}",0.200255,,NFM-1540-PathB-Star-xingyi,PBE,DFT-SR-PBE-BCC-Mn2_Mo11_U87_55
"{""Nb"": 0.10391, ""U"": 0.89609}",0.276738,,NFM-1540-PathB-Star-xingyi,PBE,DFT-SR-PBE-BCC-Nb10_U90_210
"{""Mn"": 0.013087000000000001, ""U"": 0.986913}",-0.043145,,NFM-1540-PathB-Star-xingyi,PBE,DFT-SR-PBE-BCC-Mn1_U99_351
"{""Al"": 0.010589000000000001, ""Fe"": 0.043317, ""U"": 0.946094}",-0.042160,,NFM-1540-PathB-Star-xingyi,PBE,DFT-SR-PBE-BCC-Al1_Fe4_U95_319
"{""Ti"": 0.042463999999999995, ""U"": 0.957536}",0.107626,,NFM-1540-PathB-Star-xingyi,PBE,DFT-SR-PBE-BCC-Ti4_U96_221
"{""Nb"": 0.091844, ""U"": 0.908156}",0.275520,,NFM-1540-PathB-Star-xingyi,PBE,DFT-SR-PBE-BCC-Nb9_U91_312
"{""Cr"": 0.05411, ""U"": 0.94589}",0.478637,,NFM-1540-PathB-Star-xingyi,PBE,DFT-SR-PBE-BCC-Cr5_U95_355
"{""Mo"": 20.0, ""U"": 75, ""Zr"": 5.0}",0.202568,,NFM-1540-PathB-Star-xingyi,PBE,DFT-SR-PBE-BCC-Mo2000_U7500_Zr500_330
"{""Mn"": 0.021117, ""Ru"": 0.034866, ""U"": 0.944017}",-1.829014,,NFM-1540-PathB-Star-xingyi,PBE,DFT-SR-PBE-BCC-Mn2_Ru3_U94_228
"{""Si"": 0.018362, ""U"": 0.949459, ""Zr"": 0.032179}",0.336929,,NFM-1540-PathB-Star-xingyi,PBE,DFT-SR-PBE-BCC-Si2_U95_Zr3_246
"{""U"": 0.865786, ""Zr"": 0.134214}",0.307608,,NFM-1540-PathB-Star-xingyi,PBE,DFT-SR-PBE-BCC-U87_Zr13_84
"{""U"": 0.961611, ""Zr"": 0.038389}",0.323425,,NFM-1540-PathB-Star-xingyi,PBE,DFT-SR-PBE-BCC-U96_Zr4_132
"{""U"": 0.932113, ""V"": 0.067887}",0.325829,,NFM-1540-PathB-Star-xingyi,PBE,DFT-SR-PBE-BCC-U93_V7_118
"{""Cr"": 0.041628000000000005, ""Ru"": 0.034692, ""U"": 0.9236800000000001}",0.470501,,NFM-1540-PathB-Star-xingyi,PBE,DFT-SR-PBE-BCC-Cr4_Ru3_U92_248
"{""Cr"": 0.066216, ""Ti"": 0.105546, ""U"": 0.828238}",0.134301,,NFM-1540-PathB-Star-xingyi,PBE,DFT-SR-PBE-BCC-Cr7_Ti11_U83_120
"{""U"": 0.9337610000000001, ""Zr"": 0.06623899999999999}",0.318738,,NFM-1540-PathB-Star-xingyi,PBE,DFT-SR-PBE-BCC-U93_Zr7_187
"{""Ti"": 0.104279, ""U"": 0.895721}",0.111137,,NFM-1540-PathB-Star-xingyi,PBE,DFT-SR-PBE-BCC-Ti10_U90_82
"{""Ru"": 0.019261, ""Ti"": 0.054007, ""U"": 0.926732}",0.111456,,NFM-1540-PathB-Star-xingyi,PBE,DFT-SR-PBE-BCC-Ru2_Ti5_U93_28
"{""U"": 0.858582, ""Zr"": 0.141418}",0.306547,,NFM-1540-PathB-Star-xingyi,PBE,DFT-SR-PBE-BCC-U86_Zr14_95
"{""Al"": 0.02997, ""U"": 0.903467, ""Zr"": 0.066563}",0.332425,,NFM-1540-PathB-Star-xingyi,PBE,DFT-SR-PBE-BCC-Al3_U90_Zr7_378
"{""Nb"": 0.097828, ""U"": 0.902172}",0.275874,,NFM-1540-PathB-Star-xingyi,PBE,DFT-SR-PBE-BCC-Nb10_U90_186
"{""Fe"": 0.053026000000000004, ""U"": 0.946974}",-0.045378,,NFM-1540-PathB-Star-xingyi,PBE,DFT-SR-PBE-BCC-Fe5_U95_213
"{""U"": 0.96051, ""Zr"": 0.03949}",0.323234,,NFM-1540-PathB-Star-xingyi,PBE,DFT-SR-PBE-BCC-U96_Zr4_185
"{""Al"": 0.012604, ""Ru"": 0.023874, ""U"": 0.963522}",-1.825443,,NFM-1540-PathB-Star-xingyi,PBE,DFT-SR-PBE-BCC-Al1_Ru2_U96_126
"{""Nb"": 3.8, ""U"": 85, ""Zr"": 11.2}",0.321731,,NFM-1540-PathB-Star-xingyi,PBE,DFT-SR-PBE-BCC-Nb380_U8500_Zr1120_362
"{""Cr"": 0.08128, ""Nb"": 0.135724, ""U"": 0.782996}",0.329182,,NFM-1540-PathB-Star-xingyi,PBE,DFT-SR-PBE-BCC-Cr8_Nb14_U78_6
"{""U"": 0.943259, ""Zr"": 0.056741}",0.320438,,NFM-1540-PathB-Star-xingyi,PBE,DFT-SR-PBE-BCC-U94_Zr6_212
"{""Nb"": 9.8, ""U"": 85, ""Zr"": 5.2}",0.273092,,NFM-1540-PathB-Star-xingyi,PBE,DFT-SR-PBE-BCC-Nb980_U8500_Zr520_360
"{""Mn"": 0.042118, ""U"": 0.957882}",-0.050166,,NFM-1540-PathB-Star-xingyi,PBE,DFT-SR-PBE-BCC-Mn4_U96_325
"{""U"": 0.96015, ""Zr"": 0.039850000000000003}",0.323234,,NFM-1540-PathB-Star-xingyi,PBE,DFT-SR-PBE-BCC-U96_Zr4_144
"{""Si"": 0.005073, ""Ti"": 0.082454, ""U"": 0.912473}",0.110586,,NFM-1540-PathB-Star-xingyi,PBE,DFT-SR-PBE-BCC-Si1_Ti8_U91_219
"{""Mn"": 0.014945999999999997, ""U"": 0.985054}",-0.043574,,NFM-1540-PathB-Star-xingyi,PBE,DFT-SR-PBE-BCC-Mn1_U99_3
"{""Mn"": 0.04368, ""Nb"": 0.063298, ""U"": 0.893022}",0.283589,,NFM-1540-PathB-Star-xingyi,PBE,DFT-SR-PBE-BCC-Mn4_Nb6_U89_171
"{""Mn"": 0.031896, ""U"": 0.968104}",-0.047730,,NFM-1540-PathB-Star-xingyi,PBE,DFT-SR-PBE-BCC-Mn3_U97_59
"{""Mo"": 4.0, ""U"": 92, ""Zr"": 4.0}",0.204358,,NFM-1540-PathB-Star-xingyi,PBE,DFT-SR-PBE-BCC-Mo400_U9200_Zr400_380
"{""Mn"": 0.015917, ""Nb"": 0.092641, ""U"": 0.891442}",0.279514,,NFM-1540-PathB-Star-xingyi,PBE,DFT-SR-PBE-BCC-Mn2_Nb9_U89_156
"{""Cr"": 0.095202, ""Nb"": 0.13955900000000002, ""U"": 0.765239}",0.341462,,NFM-1540-PathB-Star-xingyi,PBE,DFT-SR-PBE-BCC-Cr10_Nb14_U77_68
"{""U"": 0.937441, ""Zr"": 0.062559}",0.319479,,NFM-1540-PathB-Star-xingyi,PBE,DFT-SR-PBE-BCC-U94_Zr6_195
"{""Mn"": 0.025348, ""U"": 0.913087, ""Zr"": 0.061565}",0.336534,,NFM-1540-PathB-Star-xingyi,PBE,DFT-SR-PBE-BCC-Mn3_U91_Zr6_289
"{""U"": 0.9581500000000001, ""Zr"": 0.04185}",0.322881,,NFM-1540-PathB-Star-xingyi,PBE,DFT-SR-PBE-BCC-U96_Zr4_66
"{""Mn"": 0.037533, ""U"": 0.962467}",-0.049057,,NFM-1540-PathB-Star-xingyi,PBE,DFT-SR-PBE-BCC-Mn4_U96_89
"{""U"": 0.968649, ""V"": 0.031351000000000004}",0.335394,,NFM-1540-PathB-Star-xingyi,PBE,DFT-SR-PBE-BCC-U97_V3_216
"{""Fe"": 0.018092, ""Mn"": 0.054071, ""U"": 0.927837}",-0.059914,,NFM-1540-PathB-Star-xingyi,PBE,DFT-SR-PBE-BCC-Fe2_Mn5_U93_382
"{""Mo"": 0.053037, ""U"": 0.946963}",0.202317,,NFM-1540-PathB-Star-xingyi,PBE,DFT-SR-PBE-BCC-Mo5_U95_211
"{""Si"": 0.009955, ""Ti"": 0.086642, ""U"": 0.903403}",0.111586,,NFM-1540-PathB-Star-xingyi,PBE,DFT-SR-PBE-BCC-Si1_Ti9_U90_37
"{""Cr"": 0.062257, ""U"": 0.937743}",0.472971,,NFM-1540-PathB-Star-xingyi,PBE,DFT-SR-PBE-BCC-Cr6_U94_117
"{""Nb"": 0.114032, ""U"": 0.885968}",0.277799,,NFM-1540-PathB-Star-xingyi,PBE,DFT-SR-PBE-BCC-Nb11_U89_358
"{""Cr"": 0.066916, ""Si"": 0.009933, ""U"": 0.923151}",0.465902,,NFM-1540-PathB-Star-xingyi,PBE,DFT-SR-PBE-BCC-Cr7_Si1_U92_134
"{""Al"": 0.01548, ""Mn"": 0.053704, ""U"": 0.930816}",-0.055397,,NFM-1540-PathB-Star-xingyi,PBE,DFT-SR-PBE-BCC-Al2_Mn5_U93_257
"{""Mn"": 0.038118, ""U"": 0.961882}",-0.049377,,NFM-1540-PathB-Star-xingyi,PBE,DFT-SR-PBE-BCC-Mn4_U96_217
"{""U"": 0.959664, ""Zr"": 0.040336}",0.323234,,NFM-1540-PathB-Star-xingyi,PBE,DFT-SR-PBE-BCC-U96_Zr4_78
"{""Ru"": 0.021428, ""U"": 0.908541, ""Zr"": 0.070031}",0.334575,,NFM-1540-PathB-Star-xingyi,PBE,DFT-SR-PBE-BCC-Ru2_U91_Zr7_284
"{""Cr"": 0.051362000000000005, ""U"": 0.948638}",0.480454,,NFM-1540-PathB-Star-xingyi,PBE,DFT-SR-PBE-BCC-Cr5_U95_392
"{""Ru"": 0.05, ""U"": 0.95}",-1.828286,,NFM-1540-PathB-Star-xingyi,PBE,DFT-SR-PBE-BCC-Ru5_U95_157
"{""U"": 0.940259, ""Zr"": 0.059741}",0.319860,,NFM-1540-PathB-Star-xingyi,PBE,DFT-SR-PBE-BCC-U94_Zr6_158
"{""Mn"": 0.027896, ""U"": 0.972104}",-0.046730,,NFM-1540-PathB-Star-xingyi,PBE,DFT-SR-PBE-BCC-Mn3_U97_206
"{""Ru"": 0.046458, ""U"": 0.953542}",-1.828001,,NFM-1540-PathB-Star-xingyi,PBE,DFT-SR-PBE-BCC-Ru5_U95_344
"{""Mo"": 0.141212, ""U"": 0.858788}",0.200500,,NFM-1540-PathB-Star-xingyi,PBE,DFT-SR-PBE-BCC-Mo14_U86_10
"{""Al"": 0.027529, ""U"": 0.972471}",-0.170054,,NFM-1540-PathB-Star-xingyi,PBE,DFT-SR-PBE-BCC-Al3_U97_160
"{""Mo"": 0.045, ""Nb"": 0.03, ""U"": 0.925}",0.201868,,NFM-1540-PathB-Star-xingyi,PBE,DFT-SR-PBE-BCC-Mo4_Nb3_U92_186
"{""Ti"": 0.095692, ""U"": 0.904308}",0.110613,,NFM-1540-PathB-Star-xingyi,PBE,DFT-SR-PBE-BCC-Ti10_U90_355
"{""Al"": 0.024978999999999998, ""U"": 0.975021}",-0.175932,,NFM-1540-PathB-Star-xingyi,PBE,DFT-SR-PBE-BCC-Al2_U98_89
"{""Nb"": 0.041996, ""U"": 0.958004}",0.270922,,NFM-1540-PathB-Star-xingyi,PBE,DFT-SR-PBE-BCC-Nb4_U96_91
"{""Al"": 0.013926000000000001, ""U"": 0.986074}",-0.176381,,NFM-1540-PathB-Star-xingyi,PBE,DFT-SR-PBE-BCC-Al1_U99_36
"{""U"": 0.8577859999999999, ""Zr"": 0.142214}",0.306363,,NFM-1540-PathB-Star-xingyi,PBE,DFT-SR-PBE-BCC-U86_Zr14_211
"{""Cr"": 0.062216, ""Ti"": 0.105546, ""U"": 0.832238}",0.132518,,NFM-1540-PathB-Star-xingyi,PBE,DFT-SR-PBE-BCC-Cr6_Ti11_U83_365
"{""Mo"": 0.136175, ""U"": 0.8638250000000001}",0.200405,,NFM-1540-PathB-Star-xingyi,PBE,DFT-SR-PBE-BCC-Mo14_U86_259
"{""Ti"": 0.070275, ""U"": 0.790455, ""Zr"": 0.13927}",0.324935,,NFM-1540-PathB-Star-xingyi,PBE,DFT-SR-PBE-BCC-Ti7_U79_Zr14_372
"{""Ru"": 0.021428, ""U"": 0.906541, ""Zr"": 0.072031}",0.334180,,NFM-1540-PathB-Star-xingyi,PBE,DFT-SR-PBE-BCC-Ru2_U91_Zr7_155
"{""Cr"": 0.072988, ""U"": 0.927012}",0.465902,,NFM-1540-PathB-Star-xingyi,PBE,DFT-SR-PBE-BCC-Cr7_U93_16
"{""Al"": 0.02997, ""U"": 0.901467, ""Zr"": 0.068563}",0.332044,,NFM-1540-PathB-Star-xingyi,PBE,DFT-SR-PBE-BCC-Al3_U90_Zr7_225
"{""Si"": 0.005904, ""U"": 0.994096}",-0.722157,,NFM-1540-PathB-Star-xingyi,PBE,DFT-SR-PBE-BCC-Si1_U99_10
"{""U"": 0.852652, ""Zr"": 0.147348}",0.305479,,NFM-1540-PathB-Star-xingyi,PBE,DFT-SR-PBE-BCC-U85_Zr15_62
"{""Si"": 0.006249, ""U"": 0.908207, ""Zr"": 0.085544}",0.319663,,NFM-1540-PathB-Star-xingyi,PBE,DFT-SR-PBE-BCC-Si1_U91_Zr9_361
"{""Ru"": 0.041, ""U"": 0.959}",-1.826864,,NFM-1540-PathB-Star-xingyi,PBE,DFT-SR-PBE-BCC-Ru4_U96_176
"{""Mo"": 0.119068, ""U"": 0.880932}",0.200153,,NFM-1540-PathB-Star-xingyi,PBE,DFT-SR-PBE-BCC-Mo12_U88_82
"{""Ru"": 0.05837, ""U"": 0.94163}",-1.829368,,NFM-1540-PathB-Star-xingyi,PBE,DFT-SR-PBE-BCC-Ru6_U94_200
"{""Ti"": 0.062922, ""U"": 0.937078}",0.108728,,NFM-1540-PathB-Star-xingyi,PBE,DFT-SR-PBE-BCC-Ti6_U94_29
"{""Al"": 0.016697999999999998, ""Ti"": 0.117102, ""U"": 0.8662}",0.113844,,NFM-1540-PathB-Star-xingyi,PBE,DFT-SR-PBE-BCC-Al2_Ti12_U87_187
"{""Cr"": 0.043951, ""Mo"": 0.111413, ""U"": 0.8446359999999999}",0.203296,,NFM-1540-PathB-Star-xingyi,PBE,DFT-SR-PBE-BCC-Cr4_Mo11_U84_346
"{""Al"": 0.010780000000000001, ""U"": 0.98922}",-0.179687,,NFM-1540-PathB-Star-xingyi,PBE,DFT-SR-PBE-BCC-Al1_U99_372
"{""Al"": 0.012604, ""Ru"": 0.029874, ""U"": 0.957522}",-1.825898,,NFM-1540-PathB-Star-xingyi,PBE,DFT-SR-PBE-BCC-Al1_Ru3_U96_216
"{""Mo"": 0.074671, ""Si"": 0.013565, ""U"": 0.911763}",0.200514,,NFM-1540-PathB-Star-xingyi,PBE,DFT-SR-PBE-BCC-Mo7_Si1_U91_329
"{""U"": 0.753, ""Zr"": 0.247}",0.290138,,NFM-1540-PathB-Star-xingyi,PBE,DFT-SR-PBE-BCC-U75_Zr25_38
"{""Ti"": 0.11086, ""U"": 0.88914}",0.111552,,NFM-1540-PathB-Star-xingyi,PBE,DFT-SR-PBE-BCC-Ti11_U89_113
"{""Cr"": 0.090269, ""Mn"": 0.044208, ""U"": 0.865523}",0.303283,,NFM-1540-PathB-Star-xingyi,PBE,DFT-SR-PBE-BCC-Cr9_Mn4_U87_171
"{""Ru"": 0.082512, ""U"": 0.917488}",-1.832212,,NFM-1540-PathB-Star-xingyi,PBE,DFT-SR-PBE-BCC-Ru8_U92_157
"{""U"": 0.973848, ""V"": 0.026151999999999998}",0.336939,,NFM-1540-PathB-Star-xingyi,PBE,DFT-SR-PBE-BCC-U97_V3_329
"{""Cr"": 0.03826, ""Ru"": 0.064729, ""U"": 0.897011}",-1.833865,,NFM-1540-PathB-Star-xingyi,PBE,DFT-SR-PBE-BCC-Cr4_Ru6_U90_341
"{""Nb"": 0.087347, ""U"": 0.912653}",0.275065,,NFM-1540-PathB-Star-xingyi,PBE,DFT-SR-PBE-BCC-Nb9_U91_104
"{""Al"": 0.024603, ""U"": 0.975397}",-0.176047,,NFM-1540-PathB-Star-xingyi,PBE,DFT-SR-PBE-BCC-Al2_U98_64
"{""Fe"": 0.034203000000000004, ""Ru"": 0.072007, ""U"": 0.89379}",-1.833872,,NFM-1540-PathB-Star-xingyi,PBE,DFT-SR-PBE-BCC-Fe3_Ru7_U89_195
"{""Nb"": 0.052213, ""U"": 0.947787}",0.271772,,NFM-1540-PathB-Star-xingyi,PBE,DFT-SR-PBE-BCC-Nb5_U95_268
"{""Fe"": 0.055611, ""U"": 0.944389}",-0.046895,,NFM-1540-PathB-Star-xingyi,PBE,DFT-SR-PBE-BCC-Fe6_U94_137
"{""U"": 0.925401, ""V"": 0.074599}",0.288447,,NFM-1540-PathB-Star-xingyi,PBE,DFT-SR-PBE-BCC-U93_V7_286
"{""Mo"": 0.082053, ""U"": 0.792307, ""Zr"": 0.12564}",0.356834,,NFM-1540-PathB-Star-xingyi,PBE,DFT-SR-PBE-BCC-Mo8_U79_Zr13_162
"{""Fe"": 0.058306, ""Nb"": 0.088764, ""U"": 0.85293}",0.304814,,NFM-1540-PathB-Star-xingyi,PBE,DFT-SR-PBE-BCC-Fe6_Nb9_U85_75
"{""Nb"": 0.07549600000000001, ""U"": 0.924504}",0.273901,,NFM-1540-PathB-Star-xingyi,PBE,DFT-SR-PBE-BCC-Nb8_U92_181
"{""Mn"": 0.048415, ""U"": 0.951585}",-0.051832,,NFM-1540-PathB-Star-xingyi,PBE,DFT-SR-PBE-BCC-Mn5_U95_81
"{""Mo"": 0.042276, ""Ru"": 0.05569, ""U"": 0.902034}",-1.832599,,NFM-1540-PathB-Star-xingyi,PBE,DFT-SR-PBE-BCC-Mo4_Ru6_U90_71
"{""Mo"": 0.07, ""U"": 0.93}",0.201310,,NFM-1540-PathB-Star-xingyi,PBE,DFT-SR-PBE-BCC-Mo7_U93_208
"{""Ru"": 0.033797, ""U"": 0.966203}",-1.825756,,NFM-1540-PathB-Star-xingyi,PBE,DFT-SR-PBE-BCC-Ru3_U97_350
"{""Cr"": 0.045000000000000005, ""U"": 0.955}",0.321515,,NFM-1540-PathB-Star-xingyi,PBE,DFT-SR-PBE-BCC-Cr5_U96_142
"{""Fe"": 0.036203, ""Ru"": 0.072007, ""U"": 0.89179}",-1.833749,,NFM-1540-PathB-Star-xingyi,PBE,DFT-SR-PBE-BCC-Fe4_Ru7_U89_383
"{""Si"": 0.014058999999999999, ""U"": 0.985941}",-0.720892,,NFM-1540-PathB-Star-xingyi,PBE,DFT-SR-PBE-BCC-Si1_U99_162
"{""Al"": 0.02511, ""U"": 0.97489}",-0.175932,,NFM-1540-PathB-Star-xingyi,PBE,DFT-SR-PBE-BCC-Al3_U97_64
"{""Fe"": 0.015757, ""U"": 0.984243}",-0.021676,,NFM-1540-PathB-Star-xingyi,PBE,DFT-SR-PBE-BCC-Fe2_U98_249
"{""Al"": 0.032679, ""U"": 0.967321}",-0.171680,,NFM-1540-PathB-Star-xingyi,PBE,DFT-SR-PBE-BCC-Al3_U97_25
"{""Ti"": 0.039655, ""U"": 0.960345}",0.107531,,NFM-1540-PathB-Star-xingyi,PBE,DFT-SR-PBE-BCC-Ti4_U96_178
"{""U"": 0.885869, ""Zr"": 0.11413100000000001}",0.310846,,NFM-1540-PathB-Star-xingyi,PBE,DFT-SR-PBE-BCC-U89_Zr11_228
"{""Ti"": 0.032814, ""U"": 0.967186}",0.107164,,NFM-1540-PathB-Star-xingyi,PBE,DFT-SR-PBE-BCC-Ti3_U97_72
"{""Ti"": 0.039636, ""U"": 0.914631, ""Zr"": 0.045733}",0.332813,,NFM-1540-PathB-Star-xingyi,PBE,DFT-SR-PBE-BCC-Ti4_U91_Zr5_201
"{""Fe"": 0.022385, ""Nb"": 0.107088, ""U"": 0.870527}",0.287079,,NFM-1540-PathB-Star-xingyi,PBE,DFT-SR-PBE-BCC-Fe2_Nb11_U87_149
"{""Mn"": 0.058409, ""U"": 0.941591}",-0.054016,,NFM-1540-PathB-Star-xingyi,PBE,DFT-SR-PBE-BCC-Mn6_U94_249
"{""Ti"": 0.09686600000000001, ""U"": 0.903134}",0.110701,,NFM-1540-PathB-Star-xingyi,PBE,DFT-SR-PBE-BCC-Ti10_U90_231
"{""Ru"": 0.040608, ""Ti"": 0.024811, ""U"": 0.934581}",-1.828320,,NFM-1540-PathB-Star-xingyi,PBE,DFT-SR-PBE-BCC-Ru4_Ti2_U93_78
"{""Nb"": 0.128037, ""Si"": 0.010615, ""U"": 0.861348}",0.282072,,NFM-1540-PathB-Star-xingyi,PBE,DFT-SR-PBE-BCC-Nb13_Si1_U86_138
"{""Ti"": 0.106279, ""U"": 0.893721}",0.111273,,NFM-1540-PathB-Star-xingyi,PBE,DFT-SR-PBE-BCC-Ti11_U89_245
"{""Mn"": 0.043834, ""U"": 0.956166}",-0.050581,,NFM-1540-PathB-Star-xingyi,PBE,DFT-SR-PBE-BCC-Mn4_U96_296
"{""Mn"": 0.030761, ""U"": 0.969239}",-0.047438,,NFM-1540-PathB-Star-xingyi,PBE,DFT-SR-PBE-BCC-Mn3_U97_185
"{""Al"": 0.019797, ""Mo"": 0.041419000000000004, ""U"": 0.938784}",0.202038,,NFM-1540-PathB-Star-xingyi,PBE,DFT-SR-PBE-BCC-Al2_Mo4_U94_15
"{""Ti"": 0.068869, ""U"": 0.931131}",0.109048,,NFM-1540-PathB-Star-xingyi,PBE,DFT-SR-PBE-BCC-Ti7_U93_345
"{""Cr"": 0.065, ""U"": 0.935}",0.471188,,NFM-1540-PathB-Star-xingyi,PBE,DFT-SR-PBE-BCC-Cr6_U94_303
"{""Mo"": 0.14436, ""U"": 0.836043, ""V"": 0.019597}",0.201759,,NFM-1540-PathB-Star-xingyi,PBE,DFT-SR-PBE-BCC-Mo14_U84_V2_5
"{""Si"": 0.005073, ""Ti"": 0.076454, ""U"": 0.918473}",0.110239,,NFM-1540-PathB-Star-xingyi,PBE,DFT-SR-PBE-BCC-Si1_Ti8_U92_232
"{""Nb"": 0.046213000000000004, ""U"": 0.9537869999999999}",0.271255,,NFM-1540-PathB-Star-xingyi,PBE,DFT-SR-PBE-BCC-Nb5_U95_48
"{""Ti"": 0.07100000000000001, ""U"": 0.929}",0.109164,,NFM-1540-PathB-Star-xingyi,PBE,DFT-SR-PBE-BCC-Ti7_U93_277
"{""Nb"": 0.127, ""U"": 0.873}",0.278901,,NFM-1540-PathB-Star-xingyi,PBE,DFT-SR-PBE-BCC-Nb13_U87_53
"{""Mo"": 0.042744, ""U"": 0.957256}",0.203085,,NFM-1540-PathB-Star-xingyi,PBE,DFT-SR-PBE-BCC-Mo4_U96_85
"{""Al"": 0.031467, ""U"": 0.968533}",-0.171598,,NFM-1540-PathB-Star-xingyi,PBE,DFT-SR-PBE-BCC-Al3_U97_132
"{""Nb"": 0.115683, ""U"": 0.884317}",0.277997,,NFM-1540-PathB-Star-xingyi,PBE,DFT-SR-PBE-BCC-Nb12_U88_297
"{""Al"": 0.01325, ""Mo"": 0.08229500000000001, ""U"": 0.904455}",0.200439,,NFM-1540-PathB-Star-xingyi,PBE,DFT-SR-PBE-BCC-Al1_Mo8_U90_134
"{""Fe"": 0.048668, ""U"": 0.951332}",-0.042684,,NFM-1540-PathB-Star-xingyi,PBE,DFT-SR-PBE-BCC-Fe5_U95_360
"{""Cr"": 0.038628, ""Ru"": 0.034692, ""U"": 0.92668}",0.315937,,NFM-1540-PathB-Star-xingyi,PBE,DFT-SR-PBE-BCC-Cr4_Ru3_U93_273
"{""Nb"": 0.017, ""U"": 0.983}",0.268894,,NFM-1540-PathB-Star-xingyi,PBE,DFT-SR-PBE-BCC-Nb2_U98_111
"{""U"": 0.745, ""Zr"": 0.255}",0.288974,,NFM-1540-PathB-Star-xingyi,PBE,DFT-SR-PBE-BCC-U74_Zr26_365
"{""Ru"": 0.021428, ""U"": 0.907541, ""Zr"": 0.071031}",0.334378,,NFM-1540-PathB-Star-xingyi,PBE,DFT-SR-PBE-BCC-Ru2_U91_Zr7_210
"{""Nb"": 0.058528, ""Si"": 0.005655, ""U"": 0.935817}",0.273595,,NFM-1540-PathB-Star-xingyi,PBE,DFT-SR-PBE-BCC-Nb6_Si1_U94_155
"{""U"": 0.845, ""Zr"": 0.155}",0.304438,,NFM-1540-PathB-Star-xingyi,PBE,DFT-SR-PBE-BCC-U84_Zr16_237
"{""Mo"": 0.049, ""U"": 0.951}",0.202602,,NFM-1540-PathB-Star-xingyi,PBE,DFT-SR-PBE-BCC-Mo5_U95_128
"{""Mn"": 0.021896, ""U"": 0.978104}",-0.045404,,NFM-1540-PathB-Star-xingyi,PBE,DFT-SR-PBE-BCC-Mn2_U98_265
"{""Cr"": 0.063283, ""U"": 0.895362, ""V"": 0.041355}",0.453153,,NFM-1540-PathB-Star-xingyi,PBE,DFT-SR-PBE-BCC-Cr6_U90_V4_161
"{""Fe"": 0.03649, ""U"": 0.96351}",-0.035241,,NFM-1540-PathB-Star-xingyi,PBE,DFT-SR-PBE-BCC-Fe4_U96_194
"{""Mn"": 0.024191999999999998, ""U"": 0.903068, ""V"": 0.07274}",0.320564,,NFM-1540-PathB-Star-xingyi,PBE,DFT-SR-PBE-BCC-Mn2_U90_V7_2
"{""Cr"": 0.07881, ""U"": 0.8546659999999999, ""Zr"": 0.066524}",0.468991,,NFM-1540-PathB-Star-xingyi,PBE,DFT-SR-PBE-BCC-Cr8_U85_Zr7_334
"{""Mo"": 0.043000000000000003, ""Nb"": 0.03, ""U"": 0.927}",0.201929,,NFM-1540-PathB-Star-xingyi,PBE,DFT-SR-PBE-BCC-Mo4_Nb3_U93_96
"{""Cr"": 0.067617, ""Mn"": 0.031834, ""U"": 0.900549}",0.309515,,NFM-1540-PathB-Star-xingyi,PBE,DFT-SR-PBE-BCC-Cr7_Mn3_U90_368
"{""Fe"": 0.043462, ""Ti"": 0.063534, ""U"": 0.893004}",0.121416,,NFM-1540-PathB-Star-xingyi,PBE,DFT-SR-PBE-BCC-Fe4_Ti6_U89_61
"{""Mo"": 0.047737, ""U"": 0.952263}",0.202698,,NFM-1540-PathB-Star-xingyi,PBE,DFT-SR-PBE-BCC-Mo5_U95_135
"{""Mn"": 0.040533, ""U"": 0.959467}",-0.050002,,NFM-1540-PathB-Star-xingyi,PBE,DFT-SR-PBE-BCC-Mn4_U96_223
"{""Mo"": 0.057269, ""U"": 0.942731}",0.202038,,NFM-1540-PathB-Star-xingyi,PBE,DFT-SR-PBE-BCC-Mo6_U94_327
"{""Cr"": 0.067617, ""Mn"": 0.027834, ""U"": 0.904549}",0.458501,,NFM-1540-PathB-Star-xingyi,PBE,DFT-SR-PBE-BCC-Cr7_Mn3_U90_315
"{""Nb"": 0.11762, ""U"": 0.8823799999999999}",0.278140,,NFM-1540-PathB-Star-xingyi,PBE,DFT-SR-PBE-BCC-Nb12_U88_237
"{""U"": 0.942963, ""Zr"": 0.057037000000000004}",0.320438,,NFM-1540-PathB-Star-xingyi,PBE,DFT-SR-PBE-BCC-U94_Zr6_254
"{""Fe"": 0.037731, ""U"": 0.962269}",-0.035996,,NFM-1540-PathB-Star-xingyi,PBE,DFT-SR-PBE-BCC-Fe4_U96_80
"{""Mo"": 0.110099, ""U"": 0.786239, ""Zr"": 0.10366199999999999}",0.200902,,NFM-1540-PathB-Star-xingyi,PBE,DFT-SR-PBE-BCC-Mo11_U79_Zr10_82
"{""Ti"": 0.043000000000000003, ""U"": 0.957}",0.107674,,NFM-1540-PathB-Star-xingyi,PBE,DFT-SR-PBE-BCC-Ti4_U96_370
"{""Fe"": 0.014015, ""U"": 0.985985}",-0.020520,,NFM-1540-PathB-Star-xingyi,PBE,DFT-SR-PBE-BCC-Fe1_U99_42
"{""Nb"": 0.106052, ""U"": 0.747131, ""Zr"": 0.146817}",0.335357,,NFM-1540-PathB-Star-xingyi,PBE,DFT-SR-PBE-BCC-Nb11_U75_Zr15_43
"{""Ta"": 0.045533, ""Ti"": 0.117498, ""U"": 0.836969}",0.115314,,NFM-1540-PathB-Star-xingyi,PBE,DFT-SR-PBE-BCC-Ta5_Ti12_U84_100
"{""Ti"": 0.073904, ""U"": 0.926096}",0.109327,,NFM-1540-PathB-Star-xingyi,PBE,DFT-SR-PBE-BCC-Ti7_U93_250
"{""Al"": 0.027112, ""U"": 0.972888}",-0.175367,,NFM-1540-PathB-Star-xingyi,PBE,DFT-SR-PBE-BCC-Al3_U97_11
"{""Nb"": 0.043161, ""U"": 0.956839}",0.271044,,NFM-1540-PathB-Star-xingyi,PBE,DFT-SR-PBE-BCC-Nb4_U96_263
"{""Nb"": 0.114371, ""U"": 0.885629}",0.277867,,NFM-1540-PathB-Star-xingyi,PBE,DFT-SR-PBE-BCC-Nb11_U89_260
"{""Ti"": 0.114046, ""U"": 0.885954}",0.111769,,NFM-1540-PathB-Star-xingyi,PBE,DFT-SR-PBE-BCC-Ti11_U89_206
"{""Nb"": 0.047416, ""Ru"": 0.052634, ""U"": 0.89995}",-1.830926,,NFM-1540-PathB-Star-xingyi,PBE,DFT-SR-PBE-BCC-Nb5_Ru5_U90_41
"{""Fe"": 0.040885, ""U"": 0.885018, ""Zr"": 0.074097}",0.364671,,NFM-1540-PathB-Star-xingyi,PBE,DFT-SR-PBE-BCC-Fe4_U89_Zr7_121
"{""Ta"": 0.032825, ""Ti"": 0.11078600000000001, ""U"": 0.856389}",0.113844,,NFM-1540-PathB-Star-xingyi,PBE,DFT-SR-PBE-BCC-Ta3_Ti11_U86_294
"{""Fe"": 0.030203, ""Ru"": 0.072007, ""U"": 0.89779}",-1.833531,,NFM-1540-PathB-Star-xingyi,PBE,DFT-SR-PBE-BCC-Fe3_Ru7_U90_384
"{""Mo"": 0.146101, ""U"": 0.853899}",0.200630,,NFM-1540-PathB-Star-xingyi,PBE,DFT-SR-PBE-BCC-Mo15_U85_359
"{""Fe"": 0.028203000000000002, ""Ru"": 0.072007, ""U"": 0.89979}",-1.833776,,NFM-1540-PathB-Star-xingyi,PBE,DFT-SR-PBE-BCC-Fe3_Ru7_U90_191
"{""U"": 0.857461, ""Zr"": 0.142539}",0.306363,,NFM-1540-PathB-Star-xingyi,PBE,DFT-SR-PBE-BCC-U86_Zr14_204
"{""Nb"": 0.134032, ""U"": 0.865968}",0.279949,,NFM-1540-PathB-Star-xingyi,PBE,DFT-SR-PBE-BCC-Nb13_U87_145
"{""Cr"": 0.065916, ""Si"": 0.009933, ""U"": 0.924151}",0.466583,,NFM-1540-PathB-Star-xingyi,PBE,DFT-SR-PBE-BCC-Cr7_Si1_U92_369
"{""Si"": 0.015178, ""U"": 0.984822}",-0.720694,,NFM-1540-PathB-Star-xingyi,PBE,DFT-SR-PBE-BCC-Si2_U98_381
"{""Mo"": 27.0, ""U"": 55, ""Zr"": 18.0}",0.205181,,NFM-1540-PathB-Star-xingyi,PBE,DFT-SR-PBE-BCC-Mo2700_U5500_Zr1800_325
"{""Nb"": 0.123928, ""U"": 0.876072}",0.278854,,NFM-1540-PathB-Star-xingyi,PBE,DFT-SR-PBE-BCC-Nb12_U88_244
"{""Cr"": 0.051482, ""U"": 0.948518}",0.480454,,NFM-1540-PathB-Star-xingyi,PBE,DFT-SR-PBE-BCC-Cr5_U95_26
"{""Ru"": 0.070578, ""U"": 0.895212, ""V"": 0.034210000000000004}",-1.833484,,NFM-1540-PathB-Star-xingyi,PBE,DFT-SR-PBE-BCC-Ru7_U90_V3_49
"{""Cr"": 0.095202, ""Nb"": 0.14155900000000002, ""U"": 0.763239}",0.341918,,NFM-1540-PathB-Star-xingyi,PBE,DFT-SR-PBE-BCC-Cr10_Nb14_U76_382
"{""Fe"": 0.032203, ""Ru"": 0.072007, ""U"": 0.89579}",-1.833742,,NFM-1540-PathB-Star-xingyi,PBE,DFT-SR-PBE-BCC-Fe3_Ru7_U90_351
"{""U"": 0.947441, ""Zr"": 0.052559}",0.321159,,NFM-1540-PathB-Star-xingyi,PBE,DFT-SR-PBE-BCC-U95_Zr5_393
"{""U"": 0.867425, ""Zr"": 0.132575}",0.307982,,NFM-1540-PathB-Star-xingyi,PBE,DFT-SR-PBE-BCC-U87_Zr13_97
"{""Mo"": 0.067484, ""U"": 0.932516}",0.201453,,NFM-1540-PathB-Star-xingyi,PBE,DFT-SR-PBE-BCC-Mo7_U93_117
"{""Cr"": 0.061241, ""Mn"": 0.045589, ""U"": 0.89317}",0.309011,,NFM-1540-PathB-Star-xingyi,PBE,DFT-SR-PBE-BCC-Cr6_Mn5_U89_275
"{""Ti"": 0.04, ""U"": 0.96}",0.107531,,NFM-1540-PathB-Star-xingyi,PBE,DFT-SR-PBE-BCC-Ti4_U96_32
"{""Cr"": 0.054513, ""U"": 0.894342, ""V"": 0.051145}",0.308318,,NFM-1540-PathB-Star-xingyi,PBE,DFT-SR-PBE-BCC-Cr5_U89_V5_123
"{""Fe"": 0.037418, ""Nb"": 0.118078, ""U"": 0.844504}",0.296739,,NFM-1540-PathB-Star-xingyi,PBE,DFT-SR-PBE-BCC-Fe4_Nb12_U84_139
"{""Fe"": 0.047462, ""Ti"": 0.063534, ""U"": 0.889004}",0.122858,,NFM-1540-PathB-Star-xingyi,PBE,DFT-SR-PBE-BCC-Fe5_Ti6_U89_161
"{""Cr"": 0.061584, ""U"": 0.938416}",0.316352,,NFM-1540-PathB-Star-xingyi,PBE,DFT-SR-PBE-BCC-Cr6_U94_215
"{""Mn"": 0.035938, ""U"": 0.964062}",-0.048887,,NFM-1540-PathB-Star-xingyi,PBE,DFT-SR-PBE-BCC-Mn4_U96_208
"{""U"": 0.7, ""Zr"": 0.3}",0.282239,,NFM-1540-PathB-Star-xingyi,PBE,DFT-SR-PBE-BCC-U70_Zr30_367
"{""Mo"": 0.07500000000000001, ""U"": 0.925}",0.201072,,NFM-1540-PathB-Star-xingyi,PBE,DFT-SR-PBE-BCC-Mo8_U92_290
"{""Mn"": 0.039217, ""U"": 0.9607829999999999}",-0.049479,,NFM-1540-PathB-Star-xingyi,PBE,DFT-SR-PBE-BCC-Mn4_U96_44
"{""Ru"": 0.078512, ""U"": 0.921488}",-1.831722,,NFM-1540-PathB-Star-xingyi,PBE,DFT-SR-PBE-BCC-Ru8_U92_393
"{""U"": 0.941441, ""Zr"": 0.058559}",0.320037,,NFM-1540-PathB-Star-xingyi,PBE,DFT-SR-PBE-BCC-U94_Zr6_353
"{""U"": 0.96651, ""Zr"": 0.03349}",0.324377,,NFM-1540-PathB-Star-xingyi,PBE,DFT-SR-PBE-BCC-U97_Zr3_227
"{""Ru"": 0.040608, ""Ti"": 0.026811, ""U"": 0.932581}",-1.828286,,NFM-1540-PathB-Star-xingyi,PBE,DFT-SR-PBE-BCC-Ru4_Ti3_U93_137
"{""Ti"": 50.0, ""U"": 50.0}",0.149363,,NFM-1540-PathB-Star-xingyi,PBE,DFT-SR-PBE-BCC-Ti5000_U5000_221
"{""Si"": 0.009955, ""Ti"": 0.083642, ""U"": 0.906403}",0.111409,,NFM-1540-PathB-Star-xingyi,PBE,DFT-SR-PBE-BCC-Si1_Ti8_U91_345
"{""U"": 90, ""Zr"": 10.0}",0.313214,,NFM-1540-PathB-Star-xingyi,PBE,DFT-SR-PBE-BCC-U9000_Zr1000_312
"{""Si"": 0.016657, ""U"": 0.983343}",-0.720463,,NFM-1540-PathB-Star-xingyi,PBE,DFT-SR-PBE-BCC-Si2_U98_140
"{""Cr"": 0.044816, ""Mn"": 0.013775, ""U"": 0.9414089999999999}",0.479107,,NFM-1540-PathB-Star-xingyi,PBE,DFT-SR-PBE-BCC-Cr4_Mn1_U94_42
"{""Fe"": 0.045916, ""U"": 0.954084}",-0.041010,,NFM-1540-PathB-Star-xingyi,PBE,DFT-SR-PBE-BCC-Fe5_U95_46
"{""Si"": 0.012059, ""U"": 0.987941}",-0.721211,,NFM-1540-PathB-Star-xingyi,PBE,DFT-SR-PBE-BCC-Si1_U99_64
"{""Ru"": 0.062193, ""U"": 0.9378070000000001}",-1.829967,,NFM-1540-PathB-Star-xingyi,PBE,DFT-SR-PBE-BCC-Ru6_U94_343
"{""Nb"": 0.076497, ""U"": 0.923503}",0.273779,,NFM-1540-PathB-Star-xingyi,PBE,DFT-SR-PBE-BCC-Nb8_U92_253
"{""Ru"": 0.045823, ""U"": 0.954177}",-1.827545,,NFM-1540-PathB-Star-xingyi,PBE,DFT-SR-PBE-BCC-Ru5_U95_63
"{""Ta"": 0.028758000000000002, ""U"": 0.8748940000000001, ""Zr"": 0.096348}",0.321731,,NFM-1540-PathB-Star-xingyi,PBE,DFT-SR-PBE-BCC-Ta3_U87_Zr10_215
"{""Ni"": 0.035, ""U"": 0.965}",-0.243499,,NFM-1540-PathB-Star-xingyi,PBE,DFT-SR-PBE-BCC-Ni4_U96_161
"{""Mo"": 0.049284, ""U"": 0.950716}",0.202589,,NFM-1540-PathB-Star-xingyi,PBE,DFT-SR-PBE-BCC-Mo5_U95_106
"{""Mn"": 0.055327, ""U"": 0.944673}",-0.053349,,NFM-1540-PathB-Star-xingyi,PBE,DFT-SR-PBE-BCC-Mn6_U94_288
"{""Mo"": 0.034999999999999996, ""U"": 0.965}",0.203725,,NFM-1540-PathB-Star-xingyi,PBE,DFT-SR-PBE-BCC-Mo3_U96_159
"{""U"": 0.934692, ""V"": 0.06530799999999999}",0.326441,,NFM-1540-PathB-Star-xingyi,PBE,DFT-SR-PBE-BCC-U93_V7_162
"{""U"": 0.875, ""Zr"": 0.125}",0.309050,,NFM-1540-PathB-Star-xingyi,PBE,DFT-SR-PBE-BCC-U88_Zr12_29
"{""Nb"": 0.119371, ""U"": 0.880629}",0.278350,,NFM-1540-PathB-Star-xingyi,PBE,DFT-SR-PBE-BCC-Nb12_U88_263
"{""Cr"": 0.075977, ""U"": 0.924023}",0.312345,,NFM-1540-PathB-Star-xingyi,PBE,DFT-SR-PBE-BCC-Cr8_U92_4
"{""Nb"": 0.127682, ""U"": 0.872318}",0.279296,,NFM-1540-PathB-Star-xingyi,PBE,DFT-SR-PBE-BCC-Nb13_U87_279
"{""Fe"": 0.047839, ""U"": 0.952161}",-0.042160,,NFM-1540-PathB-Star-xingyi,PBE,DFT-SR-PBE-BCC-Fe5_U95_329
"{""Ru"": 0.030473, ""U"": 0.969527}",-1.825164,,NFM-1540-PathB-Star-xingyi,PBE,DFT-SR-PBE-BCC-Ru3_U97_132
"{""U"": 0.96004, ""V"": 0.03996}",0.330986,,NFM-1540-PathB-Star-xingyi,PBE,DFT-SR-PBE-BCC-U96_V4_184
"{""Cr"": 0.089208, ""U"": 0.910792}",0.309059,,NFM-1540-PathB-Star-xingyi,PBE,DFT-SR-PBE-BCC-Cr9_U91_192
"{""Cr"": 0.067401, ""Fe"": 0.052854, ""U"": 0.879745}",0.302637,,NFM-1540-PathB-Star-xingyi,PBE,DFT-SR-PBE-BCC-Cr7_Fe5_U88_342
"{""Mo"": 0.059599000000000006, ""U"": 0.940401}",0.201827,,NFM-1540-PathB-Star-xingyi,PBE,DFT-SR-PBE-BCC-Mo6_U94_46
"{""Fe"": 0.050134, ""Si"": 0.011227, ""U"": 0.938639}",-0.047616,,NFM-1540-PathB-Star-xingyi,PBE,DFT-SR-PBE-BCC-Fe5_Si1_U94_348
"{""Nb"": 0.130682, ""U"": 0.869318}",0.279589,,NFM-1540-PathB-Star-xingyi,PBE,DFT-SR-PBE-BCC-Nb13_U87_111
"{""Mn"": 0.018039, ""U"": 0.900155, ""Zr"": 0.081806}",0.328180,,NFM-1540-PathB-Star-xingyi,PBE,DFT-SR-PBE-BCC-Mn2_U90_Zr8_171
"{""Nb"": 0.12403700000000001, ""Si"": 0.010615, ""U"": 0.865348}",0.281609,,NFM-1540-PathB-Star-xingyi,PBE,DFT-SR-PBE-BCC-Nb12_Si1_U87_239
"{""Al"": 0.021698, ""Ti"": 0.117102, ""U"": 0.861199}",0.114443,,NFM-1540-PathB-Star-xingyi,PBE,DFT-SR-PBE-BCC-Al2_Ti12_U86_371
"{""U"": 0.972017, ""Zr"": 0.027982999999999997}",0.325316,,NFM-1540-PathB-Star-xingyi,PBE,DFT-SR-PBE-BCC-U97_Zr3_255
"{""Nb"": 0.08221, ""U"": 0.91779}",0.274282,,NFM-1540-PathB-Star-xingyi,PBE,DFT-SR-PBE-BCC-Nb8_U92_184
"{""Cr"": 0.07881, ""U"": 0.8526659999999999, ""Zr"": 0.068524}",0.469106,,NFM-1540-PathB-Star-xingyi,PBE,DFT-SR-PBE-BCC-Cr8_U85_Zr7_181
"{""Ti"": 0.042814, ""U"": 0.957186}",0.107674,,NFM-1540-PathB-Star-xingyi,PBE,DFT-SR-PBE-BCC-Ti4_U96_176
"{""Mo"": 0.044343, ""U"": 0.955657}",0.202949,,NFM-1540-PathB-Star-xingyi,PBE,DFT-SR-PBE-BCC-Mo4_U96_21
"{""U"": 0.855652, ""Zr"": 0.144348}",0.306009,,NFM-1540-PathB-Star-xingyi,PBE,DFT-SR-PBE-BCC-U86_Zr14_219
"{""U"": 0.869425, ""Zr"": 0.130575}",0.308145,,NFM-1540-PathB-Star-xingyi,PBE,DFT-SR-PBE-BCC-U87_Zr13_257
"{""Ti"": 0.069, ""U"": 0.931}",0.109082,,NFM-1540-PathB-Star-xingyi,PBE,DFT-SR-PBE-BCC-Ti7_U93_347
"{""Nb"": 20.2, ""U"": 55, ""Zr"": 24.8}",0.345929,,NFM-1540-PathB-Star-xingyi,PBE,DFT-SR-PBE-BCC-Nb2020_U5500_Zr2480_349
"{""Cr"": 0.088107, ""Mn"": 0.05398, ""U"": 0.8579129999999999}",0.302637,,NFM-1540-PathB-Star-xingyi,PBE,DFT-SR-PBE-BCC-Cr9_Mn5_U86_50
"{""Al"": 0.01325, ""Mo"": 0.076295, ""U"": 0.910455}",0.200609,,NFM-1540-PathB-Star-xingyi,PBE,DFT-SR-PBE-BCC-Al1_Mo8_U91_130
"{""Cr"": 0.043951, ""Mo"": 0.10541299999999999, ""U"": 0.850636}",0.202841,,NFM-1540-PathB-Star-xingyi,PBE,DFT-SR-PBE-BCC-Cr4_Mo11_U85_14
"{""Mo"": 0.05, ""U"": 0.881, ""Zr"": 0.069}",0.347548,,NFM-1540-PathB-Star-xingyi,PBE,DFT-SR-PBE-BCC-Mo5_U88_Zr7_314
"{""Ru"": 0.044445000000000005, ""U"": 0.955555}",-1.827347,,NFM-1540-PathB-Star-xingyi,PBE,DFT-SR-PBE-BCC-Ru4_U96_346
"{""Mo"": 0.138197, ""Nb"": 0.145148, ""U"": 0.716655}",0.324420,,NFM-1540-PathB-Star-xingyi,PBE,DFT-SR-PBE-BCC-Mo14_Nb15_U72_163
"{""Mo"": 0.125242, ""Ti"": 0.063511, ""U"": 0.811247}",0.201045,,NFM-1540-PathB-Star-xingyi,PBE,DFT-SR-PBE-BCC-Mo13_Ti6_U81_14
"{""U"": 0.865461, ""Zr"": 0.134539}",0.307608,,NFM-1540-PathB-Star-xingyi,PBE,DFT-SR-PBE-BCC-U87_Zr13_61
"{""Al"": 0.023112, ""U"": 0.976888}",-0.176489,,NFM-1540-PathB-Star-xingyi,PBE,DFT-SR-PBE-BCC-Al2_U98_110
"{""Al"": 0.026512, ""U"": 0.973488}",-0.175483,,NFM-1540-PathB-Star-xingyi,PBE,DFT-SR-PBE-BCC-Al3_U97_352
"{""Ru"": 0.061433, ""U"": 0.938567}",-1.829878,,NFM-1540-PathB-Star-xingyi,PBE,DFT-SR-PBE-BCC-Ru6_U94_305
"{""Mo"": 0.074671, ""Si"": 0.013565, ""U"": 0.911764}",0.200514,,NFM-1540-PathB-Star-xingyi,PBE,DFT-SR-PBE-BCC-Mo7_Si1_U91_36
"{""Cr"": 0.083107, ""Mn"": 0.05398, ""U"": 0.862913}",0.440663,,NFM-1540-PathB-Star-xingyi,PBE,DFT-SR-PBE-BCC-Cr8_Mn5_U86_207
"{""Si"": 0.012427, ""Ti"": 0.055134, ""U"": 0.932439}",0.110062,,NFM-1540-PathB-Star-xingyi,PBE,DFT-SR-PBE-BCC-Si1_Ti6_U93_106
"{""U"": 0.897074, ""Zr"": 0.102926}",0.312662,,NFM-1540-PathB-Star-xingyi,PBE,DFT-SR-PBE-BCC-U90_Zr10_361
"{""Al"": 0.013547, ""U"": 0.986453}",-0.176381,,NFM-1540-PathB-Star-xingyi,PBE,DFT-SR-PBE-BCC-Al1_U99_158
"{""Cr"": 0.056256999999999995, ""U"": 0.943743}",0.477039,,NFM-1540-PathB-Star-xingyi,PBE,DFT-SR-PBE-BCC-Cr6_U94_356
"{""Ru"": 0.035219, ""U"": 0.964781}",-1.826021,,NFM-1540-PathB-Star-xingyi,PBE,DFT-SR-PBE-BCC-Ru4_U96_230
"{""Mo"": 5.2, ""Ti"": 9.8, ""U"": 85}",0.118593,,NFM-1540-PathB-Star-xingyi,PBE,DFT-SR-PBE-BCC-Mo520_Ti980_U8500_376
"{""Mo"": 0.144014, ""U"": 0.855986}",0.200568,,NFM-1540-PathB-Star-xingyi,PBE,DFT-SR-PBE-BCC-Mo14_U86_271
"{""Cr"": 0.095202, ""Nb"": 0.136559, ""U"": 0.76824}",0.340714,,NFM-1540-PathB-Star-xingyi,PBE,DFT-SR-PBE-BCC-Cr10_Nb14_U77_111
"{""Ti"": 0.114565, ""U"": 0.7627820000000001, ""Zr"": 0.122653}",0.339902,,NFM-1540-PathB-Star-xingyi,PBE,DFT-SR-PBE-BCC-Ti11_U76_Zr12_12
"{""Fe"": 0.044566, ""U"": 0.955434}",-0.040167,,NFM-1540-PathB-Star-xingyi,PBE,DFT-SR-PBE-BCC-Fe4_U96_190
"{""Fe"": 0.056032, ""Mo"": 0.077826, ""U"": 0.866141}",0.202664,,NFM-1540-PathB-Star-xingyi,PBE,DFT-SR-PBE-BCC-Fe6_Mo8_U87_77
"{""Si"": 0.015883, ""U"": 0.984117}",-0.720558,,NFM-1540-PathB-Star-xingyi,PBE,DFT-SR-PBE-BCC-Si2_U98_111
"{""Si"": 0.010585, ""U"": 0.989415}",-0.721449,,NFM-1540-PathB-Star-xingyi,PBE,DFT-SR-PBE-BCC-Si1_U99_47
"{""Mo"": 0.121202, ""U"": 0.756116, ""Zr"": 0.122682}",0.382822,,NFM-1540-PathB-Star-xingyi,PBE,DFT-SR-PBE-BCC-Mo12_U76_Zr12_181
"{""Cr"": 0.09905, ""U"": 0.90095}",0.306807,,NFM-1540-PathB-Star-xingyi,PBE,DFT-SR-PBE-BCC-Cr10_U90_269
"{""Ti"": 0.05, ""U"": 0.95}",0.108034,,NFM-1540-PathB-Star-xingyi,PBE,DFT-SR-PBE-BCC-Ti5_U95_270
"{""Al"": 0.010175, ""U"": 0.931681, ""Zr"": 0.058144}",0.324745,,NFM-1540-PathB-Star-xingyi,PBE,DFT-SR-PBE-BCC-Al1_U93_Zr6_386
"{""U"": 0.979455, ""V"": 0.020545}",0.338653,,NFM-1540-PathB-Star-xingyi,PBE,DFT-SR-PBE-BCC-U98_V2_346
"{""Nb"": 0.111968, ""Ta"": 0.092826, ""U"": 0.795206}",0.288555,,NFM-1540-PathB-Star-xingyi,PBE,DFT-SR-PBE-BCC-Nb11_Ta9_U80_122
"{""Ru"": 0.067332, ""U"": 0.881119, ""V"": 0.05155}",-1.833872,,NFM-1540-PathB-Star-xingyi,PBE,DFT-SR-PBE-BCC-Ru7_U88_V5_201
"{""Cr"": 0.082557, ""U"": 0.917443}",0.310624,,NFM-1540-PathB-Star-xingyi,PBE,DFT-SR-PBE-BCC-Cr8_U92_143
"{""Cr"": 0.022105, ""U"": 0.977895}",0.502108,,NFM-1540-PathB-Star-xingyi,PBE,DFT-SR-PBE-BCC-Cr2_U98_204
"{""Ru"": 0.068883, ""U"": 0.931117}",-1.830763,,NFM-1540-PathB-Star-xingyi,PBE,DFT-SR-PBE-BCC-Ru7_U93_154
"{""Ru"": 0.073883, ""U"": 0.926117}",-1.831293,,NFM-1540-PathB-Star-xingyi,PBE,DFT-SR-PBE-BCC-Ru7_U93_42
"{""Mn"": 0.025348, ""U"": 0.909087, ""Zr"": 0.065565}",0.335942,,NFM-1540-PathB-Star-xingyi,PBE,DFT-SR-PBE-BCC-Mn3_U91_Zr7_23
"{""Mn"": 0.038612, ""Mo"": 0.049926000000000005, ""U"": 0.911462}",0.200391,,NFM-1540-PathB-Star-xingyi,PBE,DFT-SR-PBE-BCC-Mn4_Mo5_U91_2
"{""Cr"": 0.07795300000000001, ""U"": 0.922047}",0.462766,,NFM-1540-PathB-Star-xingyi,PBE,DFT-SR-PBE-BCC-Cr8_U92_278
"{""U"": 0.96804, ""V"": 0.03196}",0.332721,,NFM-1540-PathB-Star-xingyi,PBE,DFT-SR-PBE-BCC-U97_V3_362
"{""Al"": 0.032855, ""U"": 0.967145}",-0.173782,,NFM-1540-PathB-Star-xingyi,PBE,DFT-SR-PBE-BCC-Al3_U97_236
"{""Al"": 0.016907, ""Cr"": 0.069274, ""U"": 0.9138189999999999}",0.463766,,NFM-1540-PathB-Star-xingyi,PBE,DFT-SR-PBE-BCC-Al2_Cr7_U91_140
"{""Ru"": 0.0697, ""U"": 0.828584, ""Zr"": 0.101716}",0.368311,,NFM-1540-PathB-Star-xingyi,PBE,DFT-SR-PBE-BCC-Ru7_U83_Zr10_207
"{""Nb"": 0.12831599999999999, ""U"": 0.871684}",0.279296,,NFM-1540-PathB-Star-xingyi,PBE,DFT-SR-PBE-BCC-Nb13_U87_23
"{""Fe"": 0.024162, ""U"": 0.975838}",-0.027275,,NFM-1540-PathB-Star-xingyi,PBE,DFT-SR-PBE-BCC-Fe2_U98_172
"{""Ru"": 0.045000000000000005, ""U"": 0.955}",-1.827511,,NFM-1540-PathB-Star-xingyi,PBE,DFT-SR-PBE-BCC-Ru5_U96_273
"{""Cr"": 0.090681, ""Fe"": 0.013932, ""U"": 0.895387}",0.305617,,NFM-1540-PathB-Star-xingyi,PBE,DFT-SR-PBE-BCC-Cr9_Fe1_U90_167
"{""Mn"": 0.037531, ""Nb"": 0.052469, ""U"": 0.910001}",0.280623,,NFM-1540-PathB-Star-xingyi,PBE,DFT-SR-PBE-BCC-Mn4_Nb5_U91_388
"{""Si"": 0.012427, ""Ti"": 0.049134000000000004, ""U"": 0.938439}",0.109688,,NFM-1540-PathB-Star-xingyi,PBE,DFT-SR-PBE-BCC-Si1_Ti5_U94_339
"{""Si"": 0.01029, ""U"": 0.98971}",-0.721490,,NFM-1540-PathB-Star-xingyi,PBE,DFT-SR-PBE-BCC-Si1_U99_278
"{""Cr"": 0.06011, ""U"": 0.93989}",0.474386,,NFM-1540-PathB-Star-xingyi,PBE,DFT-SR-PBE-BCC-Cr6_U94_35
"{""Ru"": 0.063433, ""U"": 0.936567}",-1.830266,,NFM-1540-PathB-Star-xingyi,PBE,DFT-SR-PBE-BCC-Ru6_U94_389
"{""Mn"": 0.04368, ""Nb"": 0.061298, ""U"": 0.895022}",0.283337,,NFM-1540-PathB-Star-xingyi,PBE,DFT-SR-PBE-BCC-Mn4_Nb6_U90_31
"{""Al"": 0.016612000000000002, ""U"": 0.920119, ""V"": 0.063269}",0.324407,,NFM-1540-PathB-Star-xingyi,PBE,DFT-SR-PBE-BCC-Al2_U92_V6_329
"{""Al"": 0.01853, ""Fe"": 0.032126, ""U"": 0.949344}",-0.037296,,NFM-1540-PathB-Star-xingyi,PBE,DFT-SR-PBE-BCC-Al2_Fe3_U95_234
"{""Cr"": 0.063916, ""Si"": 0.009933, ""U"": 0.926151}",0.467841,,NFM-1540-PathB-Star-xingyi,PBE,DFT-SR-PBE-BCC-Cr6_Si1_U93_218
"{""Mn"": 0.015562, ""U"": 0.984438}",-0.043716,,NFM-1540-PathB-Star-xingyi,PBE,DFT-SR-PBE-BCC-Mn2_U98_212
"{""Ru"": 0.028857, ""U"": 0.971143}",-1.824681,,NFM-1540-PathB-Star-xingyi,PBE,DFT-SR-PBE-BCC-Ru3_U97_156
"{""Ru"": 0.06437, ""U"": 0.93563}",-1.830348,,NFM-1540-PathB-Star-xingyi,PBE,DFT-SR-PBE-BCC-Ru6_U94_158
"{""Mn"": 0.04368, ""Nb"": 0.066298, ""U"": 0.890023}",0.283902,,NFM-1540-PathB-Star-xingyi,PBE,DFT-SR-PBE-BCC-Mn4_Nb7_U89_317
"{""Ta"": 0.029082, ""U"": 0.916913, ""V"": 0.054005}",0.326095,,NFM-1540-PathB-Star-xingyi,PBE,DFT-SR-PBE-BCC-Ta3_U92_V5_209
"{""U"": 0.871266, ""Zr"": 0.128734}",0.308506,,NFM-1540-PathB-Star-xingyi,PBE,DFT-SR-PBE-BCC-U87_Zr13_217
"{""U"": 0.873425, ""Zr"": 0.126575}",0.308866,,NFM-1540-PathB-Star-xingyi,PBE,DFT-SR-PBE-BCC-U87_Zr13_175
"{""U"": 0.850652, ""Zr"": 0.149348}",0.305302,,NFM-1540-PathB-Star-xingyi,PBE,DFT-SR-PBE-BCC-U85_Zr15_64
"{""Fe"": 0.026587, ""U"": 0.973413}",-0.028846,,NFM-1540-PathB-Star-xingyi,PBE,DFT-SR-PBE-BCC-Fe3_U97_375
"{""Mo"": 0.052343, ""U"": 0.947657}",0.202364,,NFM-1540-PathB-Star-xingyi,PBE,DFT-SR-PBE-BCC-Mo5_U95_100
"{""Mo"": 0.04, ""Nb"": 0.03, ""U"": 0.93}",0.202181,,NFM-1540-PathB-Star-xingyi,PBE,DFT-SR-PBE-BCC-Mo4_Nb3_U93_149
"{""Fe"": 0.059306, ""Nb"": 0.088764, ""U"": 0.8519300000000001}",0.305488,,NFM-1540-PathB-Star-xingyi,PBE,DFT-SR-PBE-BCC-Fe6_Nb9_U85_70
"{""Cr"": 0.084821, ""U"": 0.915179}",0.458501,,NFM-1540-PathB-Star-xingyi,PBE,DFT-SR-PBE-BCC-Cr8_U92_188
"{""Nb"": 0.084923, ""U"": 0.915077}",0.274799,,NFM-1540-PathB-Star-xingyi,PBE,DFT-SR-PBE-BCC-Nb8_U92_224
"{""Al"": 0.01678, ""U"": 0.98322}",-0.175612,,NFM-1540-PathB-Star-xingyi,PBE,DFT-SR-PBE-BCC-Al2_U98_3
"{""Mn"": 0.014544000000000001, ""U"": 0.985456}",-0.043506,,NFM-1540-PathB-Star-xingyi,PBE,DFT-SR-PBE-BCC-Mn1_U99_218
"{""Si"": 0.011743, ""U"": 0.988257}",-0.721259,,NFM-1540-PathB-Star-xingyi,PBE,DFT-SR-PBE-BCC-Si1_U99_90
"{""Mo"": 0.083789, ""Ru"": 0.020062, ""U"": 0.896149}",0.200174,,NFM-1540-PathB-Star-xingyi,PBE,DFT-SR-PBE-BCC-Mo8_Ru2_U90_195
"{""Fe"": 0.029587, ""U"": 0.970413}",-0.030840,,NFM-1540-PathB-Star-xingyi,PBE,DFT-SR-PBE-BCC-Fe3_U97_172
"{""Ti"": 0.06590399999999999, ""U"": 0.934096}",0.108885,,NFM-1540-PathB-Star-xingyi,PBE,DFT-SR-PBE-BCC-Ti7_U93_224
"{""Al"": 0.02997, ""U"": 0.904467, ""Zr"": 0.065563}",0.332622,,NFM-1540-PathB-Star-xingyi,PBE,DFT-SR-PBE-BCC-Al3_U90_Zr7_147
"{""Mo"": 0.011, ""U"": 0.989}",0.206133,,NFM-1540-PathB-Star-xingyi,PBE,DFT-SR-PBE-BCC-Mo1_U99_173
"{""U"": 0.963664, ""Zr"": 0.036336}",0.323799,,NFM-1540-PathB-Star-xingyi,PBE,DFT-SR-PBE-BCC-U96_Zr4_81
"{""Fe"": 0.039916, ""U"": 0.960084}",-0.037405,,NFM-1540-PathB-Star-xingyi,PBE,DFT-SR-PBE-BCC-Fe4_U96_53
"{""Mo"": 0.043276, ""Ru"": 0.05569, ""U"": 0.901034}",-1.830776,,NFM-1540-PathB-Star-xingyi,PBE,DFT-SR-PBE-BCC-Mo4_Ru6_U90_15
"{""Nb"": 0.147539, ""U"": 0.852461}",0.281453,,NFM-1540-PathB-Star-xingyi,PBE,DFT-SR-PBE-BCC-Nb15_U85_22
"{""Nb"": 0.07, ""U"": 0.9299999999999999}",0.273405,,NFM-1540-PathB-Star-xingyi,PBE,DFT-SR-PBE-BCC-Nb7_U93_95
"{""Si"": 0.006809, ""Ti"": 0.043465, ""U"": 0.949726}",0.108606,,NFM-1540-PathB-Star-xingyi,PBE,DFT-SR-PBE-BCC-Si1_Ti4_U95_248
"{""Mo"": 0.128687, ""U"": 0.871313}",0.200235,,NFM-1540-PathB-Star-xingyi,PBE,DFT-SR-PBE-BCC-Mo13_U87_117
"{""Ni"": 66.7, ""U"": 33.3}",0.338491,,NFM-1540-PathB-Star-xingyi,PBE,DFT-SR-PBE-BCC-Ni6670_U3330_229
"{""Fe"": 0.021444, ""Mn"": 0.029106, ""U"": 0.94945}",-0.055465,,NFM-1540-PathB-Star-xingyi,PBE,DFT-SR-PBE-BCC-Fe2_Mn3_U95_74
"{""Cr"": 0.05811, ""U"": 0.94189}",0.317400,,NFM-1540-PathB-Star-xingyi,PBE,DFT-SR-PBE-BCC-Cr6_U94_286
"{""Ti"": 0.093791, ""U"": 0.906209}",0.110497,,NFM-1540-PathB-Star-xingyi,PBE,DFT-SR-PBE-BCC-Ti9_U91_373
"{""Ru"": 0.038999, ""U"": 0.961001}",-1.826783,,NFM-1540-PathB-Star-xingyi,PBE,DFT-SR-PBE-BCC-Ru4_U96_333
"{""Cr"": 0.07881, ""U"": 0.855666, ""Zr"": 0.065524}",0.468889,,NFM-1540-PathB-Star-xingyi,PBE,DFT-SR-PBE-BCC-Cr8_U86_Zr7_24
"{""Ti"": 0.07829900000000001, ""U"": 0.921701}",0.109606,,NFM-1540-PathB-Star-xingyi,PBE,DFT-SR-PBE-BCC-Ti8_U92_145
"{""Nb"": 0.125037, ""Si"": 0.010615, ""U"": 0.864348}",0.281766,,NFM-1540-PathB-Star-xingyi,PBE,DFT-SR-PBE-BCC-Nb13_Si1_U86_108
"{""Si"": 0.014657, ""U"": 0.985343}",-0.720796,,NFM-1540-PathB-Star-xingyi,PBE,DFT-SR-PBE-BCC-Si1_U99_106
"{""Cr"": 0.064283, ""U"": 0.894362, ""V"": 0.041355}",0.452528,,NFM-1540-PathB-Star-xingyi,PBE,DFT-SR-PBE-BCC-Cr6_U89_V4_101
"{""Si"": 0.009955, ""Ti"": 0.085642, ""U"": 0.904403}",0.111552,,NFM-1540-PathB-Star-xingyi,PBE,DFT-SR-PBE-BCC-Si1_Ti9_U90_245
"{""U"": 0.952292, ""Zr"": 0.047708}",0.321915,,NFM-1540-PathB-Star-xingyi,PBE,DFT-SR-PBE-BCC-U95_Zr5_170
"{""Cr"": 0.094197, ""Nb"": 0.080785, ""U"": 0.825018}",0.303624,,NFM-1540-PathB-Star-xingyi,PBE,DFT-SR-PBE-BCC-Cr9_Nb8_U83_91
"{""Mn"": 0.029896, ""U"": 0.970104}",-0.047227,,NFM-1540-PathB-Star-xingyi,PBE,DFT-SR-PBE-BCC-Mn3_U97_350
"{""Ti"": 0.055, ""U"": 0.945}",0.108307,,NFM-1540-PathB-Star-xingyi,PBE,DFT-SR-PBE-BCC-Ti6_U94_168
"{""Si"": 0.006171, ""U"": 0.993829}",-0.722116,,NFM-1540-PathB-Star-xingyi,PBE,DFT-SR-PBE-BCC-Si1_U99_218
"{""U"": 0.854325, ""Zr"": 0.145675}",0.305839,,NFM-1540-PathB-Star-xingyi,PBE,DFT-SR-PBE-BCC-U85_Zr15_265
"{""Ru"": 0.032797, ""U"": 0.967203}",-1.825579,,NFM-1540-PathB-Star-xingyi,PBE,DFT-SR-PBE-BCC-Ru3_U97_58
"{""Mo"": 14.0, ""U"": 65, ""Zr"": 21.0}",0.377930,,NFM-1540-PathB-Star-xingyi,PBE,DFT-SR-PBE-BCC-Mo1400_U6500_Zr2100_329
"{""Nb"": 0.08969300000000001, ""U"": 0.910307}",0.275323,,NFM-1540-PathB-Star-xingyi,PBE,DFT-SR-PBE-BCC-Nb9_U91_193
"{""Mn"": 75.0, ""U"": 25.0}",-0.011593,,NFM-1540-PathB-Star-xingyi,PBE,DFT-SR-PBE-BCC-Mn7500_U2500_298
"{""Cr"": 0.051000000000000004, ""U"": 0.949}",0.480699,,NFM-1540-PathB-Star-xingyi,PBE,DFT-SR-PBE-BCC-Cr5_U95_174
"{""Nb"": 0.10591, ""U"": 0.89409}",0.276949,,NFM-1540-PathB-Star-xingyi,PBE,DFT-SR-PBE-BCC-Nb11_U89_278
"{""Al"": 0.013047, ""U"": 0.986953}",-0.176598,,NFM-1540-PathB-Star-xingyi,PBE,DFT-SR-PBE-BCC-Al1_U99_350
"{""Cr"": 0.06333799999999999, ""U"": 0.936662}",0.315842,,NFM-1540-PathB-Star-xingyi,PBE,DFT-SR-PBE-BCC-Cr6_U94_325
"{""Al"": 0.015903999999999998, ""U"": 0.984096}",-0.173135,,NFM-1540-PathB-Star-xingyi,PBE,DFT-SR-PBE-BCC-Al2_U98_343
"{""Cr"": 0.077351, ""U"": 0.922649}",0.463099,,NFM-1540-PathB-Star-xingyi,PBE,DFT-SR-PBE-BCC-Cr8_U92_190
"{""Ti"": 0.074299, ""U"": 0.925701}",0.109368,,NFM-1540-PathB-Star-xingyi,PBE,DFT-SR-PBE-BCC-Ti7_U93_154
"{""Nb"": 5.0, ""U"": 80, ""Zr"": 15.0}",0.318738,,NFM-1540-PathB-Star-xingyi,PBE,DFT-SR-PBE-BCC-Nb500_U8000_Zr1500_344
"{""Si"": 0.00643, ""U"": 0.99357}",-0.722075,,NFM-1540-PathB-Star-xingyi,PBE,DFT-SR-PBE-BCC-Si1_U99_30
"{""Cr"": 0.083381, ""U"": 0.916619}",0.459371,,NFM-1540-PathB-Star-xingyi,PBE,DFT-SR-PBE-BCC-Cr8_U92_378
"{""Nb"": 0.056213, ""U"": 0.943787}",0.272126,,NFM-1540-PathB-Star-xingyi,PBE,DFT-SR-PBE-BCC-Nb6_U94_176
"{""Mn"": 0.018039, ""U"": 0.902155, ""Zr"": 0.079806}",0.328371,,NFM-1540-PathB-Star-xingyi,PBE,DFT-SR-PBE-BCC-Mn2_U90_Zr8_9
"{""Mo"": 0.151101, ""U"": 0.848899}",0.200813,,NFM-1540-PathB-Star-xingyi,PBE,DFT-SR-PBE-BCC-Mo15_U85_146
"{""Mn"": 0.017383, ""U"": 0.982617}",-0.044233,,NFM-1540-PathB-Star-xingyi,PBE,DFT-SR-PBE-BCC-Mn2_U98_327
"{""Mo"": 25.0, ""U"": 75}",0.209351,,NFM-1540-PathB-Star-xingyi,PBE,DFT-SR-PBE-BCC-Mo2500_U7500_315
"{""Al"": 0.017058, ""Nb"": 0.030827999999999998, ""U"": 0.952114}",0.272316,,NFM-1540-PathB-Star-xingyi,PBE,DFT-SR-PBE-BCC-Al2_Nb3_U95_251
"{""Ru"": 0.045522999999999994, ""U"": 0.865737, ""Zr"": 0.08874}",0.350419,,NFM-1540-PathB-Star-xingyi,PBE,DFT-SR-PBE-BCC-Ru5_U87_Zr9_391
"{""Mo"": 0.031736, ""U"": 0.968264}",0.204024,,NFM-1540-PathB-Star-xingyi,PBE,DFT-SR-PBE-BCC-Mo3_U97_301
"{""U"": 0.953664, ""Zr"": 0.046335999999999995}",0.322105,,NFM-1540-PathB-Star-xingyi,PBE,DFT-SR-PBE-BCC-U95_Zr5_235
"{""Mn"": 0.021383, ""U"": 0.978617}",-0.045261,,NFM-1540-PathB-Star-xingyi,PBE,DFT-SR-PBE-BCC-Mn2_U98_374
"{""Cr"": 0.032012, ""U"": 0.967988}",0.325917,,NFM-1540-PathB-Star-xingyi,PBE,DFT-SR-PBE-BCC-Cr3_U97_243
"{""Mo"": 0.084897, ""U"": 0.915103}",0.200684,,NFM-1540-PathB-Star-xingyi,PBE,DFT-SR-PBE-BCC-Mo8_U92_12
"{""Ru"": 0.076713, ""U"": 0.923287}",-1.831695,,NFM-1540-PathB-Star-xingyi,PBE,DFT-SR-PBE-BCC-Ru8_U92_124
"{""Ti"": 0.09931200000000001, ""U"": 0.877385, ""V"": 0.023303}",0.115518,,NFM-1540-PathB-Star-xingyi,PBE,DFT-SR-PBE-BCC-Ti10_U88_V2_40
"{""Mo"": 0.05, ""U"": 0.879, ""Zr"": 0.07100000000000001}",0.347147,,NFM-1540-PathB-Star-xingyi,PBE,DFT-SR-PBE-BCC-Mo5_U88_Zr7_357
"{""Al"": 0.021773999999999998, ""Mo"": 0.125772, ""U"": 0.852454}",0.200568,,NFM-1540-PathB-Star-xingyi,PBE,DFT-SR-PBE-BCC-Al2_Mo13_U85_205
"{""Mo"": 0.10863400000000001, ""U"": 0.891366}",0.200187,,NFM-1540-PathB-Star-xingyi,PBE,DFT-SR-PBE-BCC-Mo11_U89_150
"{""Cr"": 0.078557, ""U"": 0.921443}",0.462331,,NFM-1540-PathB-Star-xingyi,PBE,DFT-SR-PBE-BCC-Cr8_U92_82
"{""U"": 0.857052, ""Zr"": 0.142948}",0.306186,,NFM-1540-PathB-Star-xingyi,PBE,DFT-SR-PBE-BCC-U86_Zr14_18
"{""Mo"": 0.06, ""Nb"": 0.04, ""U"": 0.9}",0.200861,,NFM-1540-PathB-Star-xingyi,PBE,DFT-SR-PBE-BCC-Mo6_Nb4_U90_179
"{""Cr"": 0.080557, ""U"": 0.919443}",0.311161,,NFM-1540-PathB-Star-xingyi,PBE,DFT-SR-PBE-BCC-Cr8_U92_324
"{""Mn"": 0.04368, ""Nb"": 0.067298, ""U"": 0.889022}",0.284058,,NFM-1540-PathB-Star-xingyi,PBE,DFT-SR-PBE-BCC-Mn4_Nb7_U89_4
"{""Al"": 0.013493000000000002, ""U"": 0.986507}",-0.176483,,NFM-1540-PathB-Star-xingyi,PBE,DFT-SR-PBE-BCC-Al1_U99_382
"{""Al"": 0.012729, ""U"": 0.943368, ""Zr"": 0.043903}",0.328371,,NFM-1540-PathB-Star-xingyi,PBE,DFT-SR-PBE-BCC-Al1_U94_Zr4_200
"{""Ta"": 0.032825, ""Ti"": 0.100786, ""U"": 0.866389}",0.113171,,NFM-1540-PathB-Star-xingyi,PBE,DFT-SR-PBE-BCC-Ta3_Ti10_U87_226
"{""Al"": 0.016907, ""Cr"": 0.063274, ""U"": 0.9198189999999999}",0.467610,,NFM-1540-PathB-Star-xingyi,PBE,DFT-SR-PBE-BCC-Al2_Cr6_U92_377
"{""U"": 0.96, ""Zr"": 0.04}",0.323234,,NFM-1540-PathB-Star-xingyi,PBE,DFT-SR-PBE-BCC-U96_Zr4_298
"{""U"": 0.9194910000000001, ""Zr"": 0.080509}",0.316513,,NFM-1540-PathB-Star-xingyi,PBE,DFT-SR-PBE-BCC-U92_Zr8_75
"{""Cr"": 0.087107, ""Mn"": 0.05398, ""U"": 0.858913}",0.302807,,NFM-1540-PathB-Star-xingyi,PBE,DFT-SR-PBE-BCC-Cr9_Mn5_U86_60
"{""Cr"": 0.04875, ""U"": 0.95125}",0.482304,,NFM-1540-PathB-Star-xingyi,PBE,DFT-SR-PBE-BCC-Cr5_U95_147
"{""Al"": 0.01835, ""U"": 0.938817, ""V"": 0.042833}",0.329401,,NFM-1540-PathB-Star-xingyi,PBE,DFT-SR-PBE-BCC-Al2_U94_V4_54
"{""Cr"": 0.026012, ""U"": 0.973988}",0.328033,,NFM-1540-PathB-Star-xingyi,PBE,DFT-SR-PBE-BCC-Cr3_U97_40
"{""Nb"": 0.043775999999999995, ""U"": 0.956224}",0.271085,,NFM-1540-PathB-Star-xingyi,PBE,DFT-SR-PBE-BCC-Nb4_U96_130
"{""U"": 0.8029999999999999, ""Zr"": 0.197}",0.297778,,NFM-1540-PathB-Star-xingyi,PBE,DFT-SR-PBE-BCC-U80_Zr20_182
"{""Al"": 0.01548, ""Mn"": 0.051704, ""U"": 0.932816}",-0.055105,,NFM-1540-PathB-Star-xingyi,PBE,DFT-SR-PBE-BCC-Al2_Mn5_U93_308
"{""Mo"": 0.12037199999999999, ""U"": 0.833068, ""V"": 0.04656}",0.202643,,NFM-1540-PathB-Star-xingyi,PBE,DFT-SR-PBE-BCC-Mo12_U83_V5_228
"{""Mo"": 0.031883, ""U"": 0.968117}",0.203990,,NFM-1540-PathB-Star-xingyi,PBE,DFT-SR-PBE-BCC-Mo3_U97_32
"{""Cr"": 0.070012, ""U"": 0.929988}",0.467841,,NFM-1540-PathB-Star-xingyi,PBE,DFT-SR-PBE-BCC-Cr7_U93_275
"{""Fe"": 0.022722000000000003, ""Ti"": 0.06952, ""U"": 0.907758}",0.115103,,NFM-1540-PathB-Star-xingyi,PBE,DFT-SR-PBE-BCC-Fe2_Ti7_U91_110
"{""Nb"": 0.11725100000000001, ""Si"": 0.008997, ""U"": 0.873752}",0.280391,,NFM-1540-PathB-Star-xingyi,PBE,DFT-SR-PBE-BCC-Nb12_Si1_U87_65
"{""Mo"": 0.053737, ""U"": 0.946263}",0.202290,,NFM-1540-PathB-Star-xingyi,PBE,DFT-SR-PBE-BCC-Mo5_U95_200
"{""Cr"": 0.043715, ""U"": 0.956285}",0.321917,,NFM-1540-PathB-Star-xingyi,PBE,DFT-SR-PBE-BCC-Cr4_U96_326
"{""Al"": 0.030101, ""U"": 0.969899}",-0.174578,,NFM-1540-PathB-Star-xingyi,PBE,DFT-SR-PBE-BCC-Al3_U97_376
"{""Mn"": 0.019125, ""Nb"": 0.147871, ""U"": 0.833004}",0.286990,,NFM-1540-PathB-Star-xingyi,PBE,DFT-SR-PBE-BCC-Mn2_Nb15_U83_96
"{""Fe"": 0.02779, ""U"": 0.97221}",-0.029622,,NFM-1540-PathB-Star-xingyi,PBE,DFT-SR-PBE-BCC-Fe3_U97_166
"{""Si"": 0.016371, ""U"": 0.983629}",-0.720511,,NFM-1540-PathB-Star-xingyi,PBE,DFT-SR-PBE-BCC-Si2_U98_356
"{""Ti"": 0.070275, ""U"": 0.788455, ""Zr"": 0.14127}",0.324554,,NFM-1540-PathB-Star-xingyi,PBE,DFT-SR-PBE-BCC-Ti7_U79_Zr14_189
"{""Al"": 0.029642, ""U"": 0.970358}",-0.174693,,NFM-1540-PathB-Star-xingyi,PBE,DFT-SR-PBE-BCC-Al3_U97_313
"{""Ti"": 0.035715, ""U"": 0.9642850000000001}",0.107307,,NFM-1540-PathB-Star-xingyi,PBE,DFT-SR-PBE-BCC-Ti4_U96_159
"{""Mo"": 18.8, ""Ti"": 6.2, ""U"": 75}",0.205290,,NFM-1540-PathB-Star-xingyi,PBE,DFT-SR-PBE-BCC-Mo1880_Ti620_U7500_374
"{""Cr"": 0.043951, ""Mo"": 0.108413, ""U"": 0.847637}",0.203065,,NFM-1540-PathB-Star-xingyi,PBE,DFT-SR-PBE-BCC-Cr4_Mo11_U85_129
"{""Si"": 0.011064000000000001, ""U"": 0.988936}",-0.721347,,NFM-1540-PathB-Star-xingyi,PBE,DFT-SR-PBE-BCC-Si1_U99_389
"{""Cr"": 0.086681, ""Fe"": 0.013932, ""U"": 0.899387}",0.449004,,NFM-1540-PathB-Star-xingyi,PBE,DFT-SR-PBE-BCC-Cr9_Fe1_U90_319
"{""Al"": 0.026086, ""U"": 0.973914}",-0.170387,,NFM-1540-PathB-Star-xingyi,PBE,DFT-SR-PBE-BCC-Al3_U97_265
"{""Ru"": 0.055433, ""U"": 0.944567}",-1.829150,,NFM-1540-PathB-Star-xingyi,PBE,DFT-SR-PBE-BCC-Ru6_U94_311
"{""Al"": 0.007175, ""U"": 0.934681, ""Zr"": 0.058144}",0.323425,,NFM-1540-PathB-Star-xingyi,PBE,DFT-SR-PBE-BCC-Al1_U93_Zr6_119
"{""Fe"": 0.041718, ""Ti"": 0.106923, ""U"": 0.851359}",0.124675,,NFM-1540-PathB-Star-xingyi,PBE,DFT-SR-PBE-BCC-Fe4_Ti11_U85_379
"{""Ta"": 0.021414, ""U"": 0.923349, ""Zr"": 0.055237}",0.326649,,NFM-1540-PathB-Star-xingyi,PBE,DFT-SR-PBE-BCC-Ta2_U92_Zr6_225
"{""Fe"": 0.054565999999999996, ""U"": 0.945434}",-0.046194,,NFM-1540-PathB-Star-xingyi,PBE,DFT-SR-PBE-BCC-Fe5_U95_305
"{""Mn"": 0.036086, ""U"": 0.963914}",-0.048887,,NFM-1540-PathB-Star-xingyi,PBE,DFT-SR-PBE-BCC-Mn4_U96_382
"{""Si"": 0.011579, ""U"": 0.988421}",-0.721259,,NFM-1540-PathB-Star-xingyi,PBE,DFT-SR-PBE-BCC-Si1_U99_392
"{""Fe"": 0.037418, ""Nb"": 0.122078, ""U"": 0.840504}",0.297331,,NFM-1540-PathB-Star-xingyi,PBE,DFT-SR-PBE-BCC-Fe4_Nb12_U84_264
"{""Mn"": 0.019364, ""U"": 0.980636}",-0.044750,,NFM-1540-PathB-Star-xingyi,PBE,DFT-SR-PBE-BCC-Mn2_U98_341
"{""U"": 0.9174910000000001, ""Zr"": 0.082509}",0.316146,,NFM-1540-PathB-Star-xingyi,PBE,DFT-SR-PBE-BCC-U92_Zr8_156
"{""Mn"": 0.028192, ""U"": 0.899068, ""V"": 0.07274}",0.319781,,NFM-1540-PathB-Star-xingyi,PBE,DFT-SR-PBE-BCC-Mn3_U90_V7_252
"{""Mn"": 0.039533, ""U"": 0.960467}",-0.049547,,NFM-1540-PathB-Star-xingyi,PBE,DFT-SR-PBE-BCC-Mn4_U96_343
"{""Nb"": 0.081497, ""U"": 0.918503}",0.274480,,NFM-1540-PathB-Star-xingyi,PBE,DFT-SR-PBE-BCC-Nb8_U92_236
"{""Fe"": 0.054306, ""Nb"": 0.088764, ""U"": 0.85693}",0.302324,,NFM-1540-PathB-Star-xingyi,PBE,DFT-SR-PBE-BCC-Fe5_Nb9_U86_147
"{""Nb"": 0.051775999999999996, ""U"": 0.948224}",0.271772,,NFM-1540-PathB-Star-xingyi,PBE,DFT-SR-PBE-BCC-Nb5_U95_39
"{""U"": 0.860652, ""Zr"": 0.139348}",0.306907,,NFM-1540-PathB-Star-xingyi,PBE,DFT-SR-PBE-BCC-U86_Zr14_71
"{""Mn"": 0.045496999999999996, ""U"": 0.954503}",-0.051159,,NFM-1540-PathB-Star-xingyi,PBE,DFT-SR-PBE-BCC-Mn5_U95_185
"{""Mo"": 0.113558, ""U"": 0.886442}",0.200167,,NFM-1540-PathB-Star-xingyi,PBE,DFT-SR-PBE-BCC-Mo11_U89_328
"{""Mo"": 0.096084, ""Nb"": 0.104011, ""U"": 0.799905}",0.301896,,NFM-1540-PathB-Star-xingyi,PBE,DFT-SR-PBE-BCC-Mo10_Nb10_U80_223
"{""Mo"": 0.053284, ""U"": 0.946716}",0.202303,,NFM-1540-PathB-Star-xingyi,PBE,DFT-SR-PBE-BCC-Mo5_U95_196
"{""Al"": 0.020393, ""U"": 0.869413, ""Zr"": 0.110194}",0.320595,,NFM-1540-PathB-Star-xingyi,PBE,DFT-SR-PBE-BCC-Al2_U87_Zr11_296
"{""Ti"": 0.038178000000000004, ""U"": 0.961822}",0.107409,,NFM-1540-PathB-Star-xingyi,PBE,DFT-SR-PBE-BCC-Ti4_U96_126
"{""Al"": 0.026236000000000002, ""U"": 0.973764}",-0.170387,,NFM-1540-PathB-Star-xingyi,PBE,DFT-SR-PBE-BCC-Al3_U97_292
"{""Mo"": 0.10227699999999999, ""U"": 0.897723}",0.200255,,NFM-1540-PathB-Star-xingyi,PBE,DFT-SR-PBE-BCC-Mo10_U90_232
"{""U"": 0.966017, ""Zr"": 0.033983}",0.324187,,NFM-1540-PathB-Star-xingyi,PBE,DFT-SR-PBE-BCC-U97_Zr3_21
"{""Ti"": 0.095205, ""U"": 0.854706, ""V"": 0.050089}",0.121600,,NFM-1540-PathB-Star-xingyi,PBE,DFT-SR-PBE-BCC-Ti10_U85_V5_176
"{""Al"": 0.024529000000000002, ""U"": 0.975471}",-0.176047,,NFM-1540-PathB-Star-xingyi,PBE,DFT-SR-PBE-BCC-Al2_U98_188
"{""U"": 0.930011, ""V"": 0.069989}",0.325326,,NFM-1540-PathB-Star-xingyi,PBE,DFT-SR-PBE-BCC-U93_V7_48
"{""Cr"": 0.040570999999999996, ""U"": 0.959429}",0.322964,,NFM-1540-PathB-Star-xingyi,PBE,DFT-SR-PBE-BCC-Cr4_U96_40
"{""Mn"": 0.03938, ""U"": 0.96062}",-0.049547,,NFM-1540-PathB-Star-xingyi,PBE,DFT-SR-PBE-BCC-Mn4_U96_338
"{""Nb"": 0.069496, ""U"": 0.930504}",0.273350,,NFM-1540-PathB-Star-xingyi,PBE,DFT-SR-PBE-BCC-Nb7_U93_57
"{""Mo"": 0.11080000000000001, ""U"": 0.8892}",0.200174,,NFM-1540-PathB-Star-xingyi,PBE,DFT-SR-PBE-BCC-Mo11_U89_183
"{""Ru"": 0.079512, ""U"": 0.920488}",-1.831953,,NFM-1540-PathB-Star-xingyi,PBE,DFT-SR-PBE-BCC-Ru8_U92_44
"{""Mn"": 0.042598000000000004, ""Mo"": 0.086251, ""U"": 0.871151}",0.200364,,NFM-1540-PathB-Star-xingyi,PBE,DFT-SR-PBE-BCC-Mn4_Mo9_U87_338
"{""Mn"": 0.020971, ""U"": 0.979029}",-0.045111,,NFM-1540-PathB-Star-xingyi,PBE,DFT-SR-PBE-BCC-Mn2_U98_266
"{""Nb"": 0.05475, ""U"": 0.94525}",0.272010,,NFM-1540-PathB-Star-xingyi,PBE,DFT-SR-PBE-BCC-Nb5_U95_207
"{""Ti"": 0.052499000000000004, ""U"": 0.947501}",0.108157,,NFM-1540-PathB-Star-xingyi,PBE,DFT-SR-PBE-BCC-Ti5_U95_165
"{""Ru"": 0.04211, ""Si"": 0.013201999999999998, ""U"": 0.944688}",-1.828973,,NFM-1540-PathB-Star-xingyi,PBE,DFT-SR-PBE-BCC-Ru4_Si1_U94_275
"{""Mo"": 0.05, ""U"": 0.885, ""Zr"": 0.065}",0.348161,,NFM-1540-PathB-Star-xingyi,PBE,DFT-SR-PBE-BCC-Mo5_U88_Zr6_84
"{""Fe"": 0.042700999999999996, ""U"": 0.957299}",-0.039112,,NFM-1540-PathB-Star-xingyi,PBE,DFT-SR-PBE-BCC-Fe4_U96_245
"{""Fe"": 0.03586, ""Mo"": 0.149364, ""U"": 0.814776}",0.205439,,NFM-1540-PathB-Star-xingyi,PBE,DFT-SR-PBE-BCC-Fe4_Mo15_U81_325
"{""Ru"": 0.068083, ""U"": 0.931917}",-1.830552,,NFM-1540-PathB-Star-xingyi,PBE,DFT-SR-PBE-BCC-Ru7_U93_251
"{""Ti"": 0.075922, ""U"": 0.798842, ""Zr"": 0.125236}",0.328949,,NFM-1540-PathB-Star-xingyi,PBE,DFT-SR-PBE-BCC-Ti8_U80_Zr13_154
"{""Cr"": 0.048637, ""U"": 0.951363}",0.482440,,NFM-1540-PathB-Star-xingyi,PBE,DFT-SR-PBE-BCC-Cr5_U95_314
"{""Mo"": 0.14436, ""U"": 0.835043, ""V"": 0.020597}",0.201868,,NFM-1540-PathB-Star-xingyi,PBE,DFT-SR-PBE-BCC-Mo14_U84_V2_92
"{""Cr"": 0.066499, ""U"": 0.933501}",0.470147,,NFM-1540-PathB-Star-xingyi,PBE,DFT-SR-PBE-BCC-Cr7_U93_276
"{""U"": 0.930113, ""V"": 0.069887}",0.325326,,NFM-1540-PathB-Star-xingyi,PBE,DFT-SR-PBE-BCC-U93_V7_390
"{""Fe"": 0.041718, ""Ti"": 0.11092300000000001, ""U"": 0.847359}",0.125008,,NFM-1540-PathB-Star-xingyi,PBE,DFT-SR-PBE-BCC-Fe4_Ti11_U85_357
"{""Al"": 0.028978999999999998, ""U"": 0.971021}",-0.172584,,NFM-1540-PathB-Star-xingyi,PBE,DFT-SR-PBE-BCC-Al3_U97_24
"{""U"": 0.747, ""Zr"": 0.253}",0.289145,,NFM-1540-PathB-Star-xingyi,PBE,DFT-SR-PBE-BCC-U75_Zr25_285
"{""Ti"": 0.050133000000000004, ""U"": 0.949867}",0.108034,,NFM-1540-PathB-Star-xingyi,PBE,DFT-SR-PBE-BCC-Ti5_U95_258
"{""Al"": 0.011457, ""Nb"": 0.049859, ""U"": 0.938684}",0.273221,,NFM-1540-PathB-Star-xingyi,PBE,DFT-SR-PBE-BCC-Al1_Nb5_U94_362
"{""Cr"": 0.096428, ""Ti"": 0.072222, ""U"": 0.83135}",0.303841,,NFM-1540-PathB-Star-xingyi,PBE,DFT-SR-PBE-BCC-Cr10_Ti7_U83_59
"{""U"": 0.938886, ""Zr"": 0.06111400000000001}",0.319663,,NFM-1540-PathB-Star-xingyi,PBE,DFT-SR-PBE-BCC-U94_Zr6_56
"{""Fe"": 0.022385, ""Nb"": 0.102088, ""U"": 0.8755269999999999}",0.286473,,NFM-1540-PathB-Star-xingyi,PBE,DFT-SR-PBE-BCC-Fe2_Nb10_U88_157
"{""Ti"": 0.119, ""U"": 0.881}",0.112089,,NFM-1540-PathB-Star-xingyi,PBE,DFT-SR-PBE-BCC-Ti12_U88_28
"{""Ru"": 0.029388, ""U"": 0.970612}",-1.824973,,NFM-1540-PathB-Star-xingyi,PBE,DFT-SR-PBE-BCC-Ru3_U97_34
"{""Al"": 0.019046999999999998, ""U"": 0.980953}",-0.177156,,NFM-1540-PathB-Star-xingyi,PBE,DFT-SR-PBE-BCC-Al2_U98_85
"{""Cr"": 0.035628, ""Ru"": 0.034692, ""U"": 0.9296800000000001}",0.474508,,NFM-1540-PathB-Star-xingyi,PBE,DFT-SR-PBE-BCC-Cr4_Ru3_U93_60
"{""Cr"": 0.09505, ""U"": 0.90495}",0.452330,,NFM-1540-PathB-Star-xingyi,PBE,DFT-SR-PBE-BCC-Cr10_U90_200
"{""Mn"": 0.048894, ""U"": 0.862197, ""Zr"": 0.088909}",0.348161,,NFM-1540-PathB-Star-xingyi,PBE,DFT-SR-PBE-BCC-Mn5_U86_Zr9_4
"{""Ta"": 0.024758000000000002, ""U"": 0.878894, ""Zr"": 0.096348}",0.320595,,NFM-1540-PathB-Star-xingyi,PBE,DFT-SR-PBE-BCC-Ta2_U88_Zr10_114
"{""Al"": 0.011983, ""Ru"": 0.023928, ""U"": 0.964089}",-1.825347,,NFM-1540-PathB-Star-xingyi,PBE,DFT-SR-PBE-BCC-Al1_Ru2_U96_123
"{""Cr"": 0.030570999999999997, ""U"": 0.969429}",0.326073,,NFM-1540-PathB-Star-xingyi,PBE,DFT-SR-PBE-BCC-Cr3_U97_323
"{""U"": 0.94948, ""V"": 0.05052}",0.330136,,NFM-1540-PathB-Star-xingyi,PBE,DFT-SR-PBE-BCC-U95_V5_314
"{""Ru"": 0.039914, ""U"": 0.960086}",-1.826626,,NFM-1540-PathB-Star-xingyi,PBE,DFT-SR-PBE-BCC-Ru4_U96_173
"{""Mo"": 0.11699999999999999, ""U"": 0.883}",0.200153,,NFM-1540-PathB-Star-xingyi,PBE,DFT-SR-PBE-BCC-Mo12_U88_88
"{""Si"": 0.005424, ""Ti"": 0.108878, ""U"": 0.885698}",0.112273,,NFM-1540-PathB-Star-xingyi,PBE,DFT-SR-PBE-BCC-Si1_Ti11_U89_305
"{""Nb"": 0.056904, ""U"": 0.943096}",0.272194,,NFM-1540-PathB-Star-xingyi,PBE,DFT-SR-PBE-BCC-Nb6_U94_394
"{""Al"": 0.015046999999999998, ""U"": 0.984953}",-0.173353,,NFM-1540-PathB-Star-xingyi,PBE,DFT-SR-PBE-BCC-Al2_U98_375
"{""Si"": 0.012427, ""Ti"": 0.057134000000000004, ""U"": 0.930439}",0.110157,,NFM-1540-PathB-Star-xingyi,PBE,DFT-SR-PBE-BCC-Si1_Ti6_U93_146
"{""Ti"": 0.047334, ""U"": 0.952666}",0.107892,,NFM-1540-PathB-Star-xingyi,PBE,DFT-SR-PBE-BCC-Ti5_U95_66
"{""Mn"": 0.013562000000000001, ""U"": 0.986438}",-0.043220,,NFM-1540-PathB-Star-xingyi,PBE,DFT-SR-PBE-BCC-Mn1_U99_34
"{""Al"": 0.016907, ""Cr"": 0.068274, ""U"": 0.914819}",0.312481,,NFM-1540-PathB-Star-xingyi,PBE,DFT-SR-PBE-BCC-Al2_Cr7_U91_113
"{""Cr"": 0.068565, ""Nb"": 0.065371, ""U"": 0.866064}",0.457861,,NFM-1540-PathB-Star-xingyi,PBE,DFT-SR-PBE-BCC-Cr7_Nb7_U87_155
"{""Nb"": 0.122928, ""U"": 0.877072}",0.278711,,NFM-1540-PathB-Star-xingyi,PBE,DFT-SR-PBE-BCC-Nb12_U88_137
"{""Nb"": 0.084693, ""U"": 0.915307}",0.274799,,NFM-1540-PathB-Star-xingyi,PBE,DFT-SR-PBE-BCC-Nb8_U92_222
"{""Nb"": 0.120928, ""U"": 0.879072}",0.278493,,NFM-1540-PathB-Star-xingyi,PBE,DFT-SR-PBE-BCC-Nb12_U88_70
"{""Nb"": 0.050416, ""Ru"": 0.052634, ""U"": 0.89695}",-1.831035,,NFM-1540-PathB-Star-xingyi,PBE,DFT-SR-PBE-BCC-Nb5_Ru5_U90_72
"{""Mn"": 0.020246, ""Mo"": 0.111037, ""U"": 0.868717}",0.200337,,NFM-1540-PathB-Star-xingyi,PBE,DFT-SR-PBE-BCC-Mn2_Mo11_U87_125
"{""U"": 0.949906, ""V"": 0.050094}",0.330258,,NFM-1540-PathB-Star-xingyi,PBE,DFT-SR-PBE-BCC-U95_V5_192
"{""Cr"": 0.10105, ""U"": 0.89895}",0.306392,,NFM-1540-PathB-Star-xingyi,PBE,DFT-SR-PBE-BCC-Cr10_U90_102
"{""U"": 0.930221, ""V"": 0.06977900000000001}",0.325094,,NFM-1540-PathB-Star-xingyi,PBE,DFT-SR-PBE-BCC-U93_V7_295
"{""Ru"": 0.042048999999999996, ""U"": 0.957951}",-1.827177,,NFM-1540-PathB-Star-xingyi,PBE,DFT-SR-PBE-BCC-Ru4_U96_218
"{""Ti"": 0.096692, ""U"": 0.903308}",0.110654,,NFM-1540-PathB-Star-xingyi,PBE,DFT-SR-PBE-BCC-Ti10_U90_191
"{""Mn"": 0.04422, ""Ru"": 0.036424, ""U"": 0.9193560000000001}",-0.060132,,NFM-1540-PathB-Star-xingyi,PBE,DFT-SR-PBE-BCC-Mn4_Ru4_U92_374
"{""Mn"": 0.032704, ""Si"": 0.017806, ""U"": 0.94949}",-0.052383,,NFM-1540-PathB-Star-xingyi,PBE,DFT-SR-PBE-BCC-Mn3_Si2_U95_19
"{""Fe"": 0.053031999999999996, ""Mo"": 0.077826, ""U"": 0.869142}",0.202269,,NFM-1540-PathB-Star-xingyi,PBE,DFT-SR-PBE-BCC-Fe5_Mo8_U87_296
"{""Mn"": 0.018039, ""U"": 0.898155, ""Zr"": 0.083806}",0.327806,,NFM-1540-PathB-Star-xingyi,PBE,DFT-SR-PBE-BCC-Mn2_U90_Zr8_57
"{""Cr"": 0.071241, ""Mn"": 0.045589, ""U"": 0.88317}",0.306766,,NFM-1540-PathB-Star-xingyi,PBE,DFT-SR-PBE-BCC-Cr7_Mn5_U88_176
"{""Mo"": 0.051037, ""U"": 0.948963}",0.202460,,NFM-1540-PathB-Star-xingyi,PBE,DFT-SR-PBE-BCC-Mo5_U95_394
"{""Fe"": 0.059, ""U"": 0.9410000000000001}",-0.048827,,NFM-1540-PathB-Star-xingyi,PBE,DFT-SR-PBE-BCC-Fe6_U94_33
"{""Nb"": 0.126037, ""Si"": 0.010615, ""U"": 0.863348}",0.281840,,NFM-1540-PathB-Star-xingyi,PBE,DFT-SR-PBE-BCC-Nb13_Si1_U86_250
"{""Si"": 0.017803, ""U"": 0.982197}",-0.720273,,NFM-1540-PathB-Star-xingyi,PBE,DFT-SR-PBE-BCC-Si2_U98_385
"{""Fe"": 0.051005999999999996, ""U"": 0.948994}",-0.044133,,NFM-1540-PathB-Star-xingyi,PBE,DFT-SR-PBE-BCC-Fe5_U95_159
"{""Ru"": 0.021428, ""U"": 0.912541, ""Zr"": 0.06603099999999999}",0.335174,,NFM-1540-PathB-Star-xingyi,PBE,DFT-SR-PBE-BCC-Ru2_U91_Zr7_301
"{""Mn"": 0.055056, ""Ru"": 0.036046, ""U"": 0.908898}",-0.062357,,NFM-1540-PathB-Star-xingyi,PBE,DFT-SR-PBE-BCC-Mn6_Ru4_U91_135
"{""Mo"": 0.076023, ""U"": 0.923977}",0.201031,,NFM-1540-PathB-Star-xingyi,PBE,DFT-SR-PBE-BCC-Mo8_U92_307
"{""Cr"": 0.101, ""U"": 0.899}",0.306392,,NFM-1540-PathB-Star-xingyi,PBE,DFT-SR-PBE-BCC-Cr10_U90_83
"{""Ru"": 0.027535, ""U"": 0.972465}",-1.824436,,NFM-1540-PathB-Star-xingyi,PBE,DFT-SR-PBE-BCC-Ru3_U97_122
"{""Mo"": 6.0, ""U"": 85, ""Zr"": 9.0}",0.349807,,NFM-1540-PathB-Star-xingyi,PBE,DFT-SR-PBE-BCC-Mo600_U8500_Zr900_335
"{""Si"": 0.005424, ""Ti"": 0.103878, ""U"": 0.890698}",0.111946,,NFM-1540-PathB-Star-xingyi,PBE,DFT-SR-PBE-BCC-Si1_Ti10_U89_99
"{""Ti"": 0.097631, ""U"": 0.902369}",0.110742,,NFM-1540-PathB-Star-xingyi,PBE,DFT-SR-PBE-BCC-Ti10_U90_120
"{""Mo"": 0.145101, ""U"": 0.854899}",0.200643,,NFM-1540-PathB-Star-xingyi,PBE,DFT-SR-PBE-BCC-Mo15_U85_18
"{""Cr"": 0.067216, ""Ti"": 0.105546, ""U"": 0.827239}",0.134777,,NFM-1540-PathB-Star-xingyi,PBE,DFT-SR-PBE-BCC-Cr7_Ti11_U83_99
"{""Mo"": 0.059283999999999996, ""U"": 0.940716}",0.201909,,NFM-1540-PathB-Star-xingyi,PBE,DFT-SR-PBE-BCC-Mo6_U94_133
"{""Al"": 0.012240000000000001, ""U"": 0.98776}",-0.179360,,NFM-1540-PathB-Star-xingyi,PBE,DFT-SR-PBE-BCC-Al1_U99_221
"{""Mn"": 0.048894, ""U"": 0.863197, ""Zr"": 0.087909}",0.348371,,NFM-1540-PathB-Star-xingyi,PBE,DFT-SR-PBE-BCC-Mn5_U86_Zr9_318
"{""Mo"": 0.07489699999999999, ""U"": 0.925103}",0.201072,,NFM-1540-PathB-Star-xingyi,PBE,DFT-SR-PBE-BCC-Mo7_U93_1
"{""Mo"": 0.063474, ""U"": 0.936526}",0.201677,,NFM-1540-PathB-Star-xingyi,PBE,DFT-SR-PBE-BCC-Mo6_U94_160
"{""Ti"": 0.036899, ""U"": 0.9182980000000001, ""V"": 0.044802999999999996}",0.328428,,NFM-1540-PathB-Star-xingyi,PBE,DFT-SR-PBE-BCC-Ti4_U92_V4_285
"{""Cr"": 0.071988, ""U"": 0.9280120000000001}",0.466583,,NFM-1540-PathB-Star-xingyi,PBE,DFT-SR-PBE-BCC-Cr7_U93_283
"{""Al"": 0.033467, ""U"": 0.966533}",-0.171054,,NFM-1540-PathB-Star-xingyi,PBE,DFT-SR-PBE-BCC-Al3_U97_386
"{""Al"": 0.026413, ""U"": 0.973587}",-0.170387,,NFM-1540-PathB-Star-xingyi,PBE,DFT-SR-PBE-BCC-Al3_U97_229
"{""Ru"": 0.073197, ""U"": 0.926803}",-1.831354,,NFM-1540-PathB-Star-xingyi,PBE,DFT-SR-PBE-BCC-Ru7_U93_149
"{""Ru"": 0.036738999999999994, ""U"": 0.963261}",-1.826211,,NFM-1540-PathB-Star-xingyi,PBE,DFT-SR-PBE-BCC-Ru4_U96_394
"{""Al"": 0.029531, ""U"": 0.970469}",-0.174693,,NFM-1540-PathB-Star-xingyi,PBE,DFT-SR-PBE-BCC-Al3_U97_142
"{""Mn"": 0.016946, ""U"": 0.983054}",-0.044091,,NFM-1540-PathB-Star-xingyi,PBE,DFT-SR-PBE-BCC-Mn2_U98_206
"{""Al"": 0.010747, ""U"": 0.952354, ""V"": 0.036899}",0.331775,,NFM-1540-PathB-Star-xingyi,PBE,DFT-SR-PBE-BCC-Al1_U95_V4_266
"{""Ni"": 14.3, ""U"": 85.7}",-0.282644,,NFM-1540-PathB-Star-xingyi,PBE,DFT-SR-PBE-BCC-Ni1430_U8570_228
"{""Cr"": 0.041715, ""U"": 0.958285}",0.487345,,NFM-1540-PathB-Star-xingyi,PBE,DFT-SR-PBE-BCC-Cr4_U96_323
"{""Al"": 0.025531, ""U"": 0.974469}",-0.173591,,NFM-1540-PathB-Star-xingyi,PBE,DFT-SR-PBE-BCC-Al3_U97_222
"{""Cr"": 0.055583999999999995, ""U"": 0.944416}",0.477515,,NFM-1540-PathB-Star-xingyi,PBE,DFT-SR-PBE-BCC-Cr6_U94_352
"{""Cr"": 0.099, ""U"": 0.901}",0.306848,,NFM-1540-PathB-Star-xingyi,PBE,DFT-SR-PBE-BCC-Cr10_U90_2
"{""U"": 0.924058, ""V"": 0.075942}",0.323611,,NFM-1540-PathB-Star-xingyi,PBE,DFT-SR-PBE-BCC-U92_V8_243
"{""Ti"": 0.038715, ""U"": 0.961285}",0.107449,,NFM-1540-PathB-Star-xingyi,PBE,DFT-SR-PBE-BCC-Ti4_U96_123
"{""U"": 0.885151, ""Zr"": 0.11484899999999999}",0.310846,,NFM-1540-PathB-Star-xingyi,PBE,DFT-SR-PBE-BCC-U89_Zr11_250
"{""Ti"": 0.048133, ""U"": 0.951867}",0.107926,,NFM-1540-PathB-Star-xingyi,PBE,DFT-SR-PBE-BCC-Ti5_U95_358
"{""Nb"": 21.2, ""U"": 75, ""Zr"": 3.8}",0.286562,,NFM-1540-PathB-Star-xingyi,PBE,DFT-SR-PBE-BCC-Nb2120_U7500_Zr380_355
"{""U"": 0.869, ""Zr"": 0.131}",0.308145,,NFM-1540-PathB-Star-xingyi,PBE,DFT-SR-PBE-BCC-U87_Zr13_51
"{""Mo"": 0.110099, ""U"": 0.778239, ""Zr"": 0.111662}",0.377713,,NFM-1540-PathB-Star-xingyi,PBE,DFT-SR-PBE-BCC-Mo11_U78_Zr11_378
"{""U"": 0.857999, ""Zr"": 0.14200100000000002}",0.306363,,NFM-1540-PathB-Star-xingyi,PBE,DFT-SR-PBE-BCC-U86_Zr14_138
"{""U"": 0.889151, ""Zr"": 0.11084899999999999}",0.311397,,NFM-1540-PathB-Star-xingyi,PBE,DFT-SR-PBE-BCC-U89_Zr11_203
"{""Nb"": 0.037, ""U"": 0.963}",0.270187,,NFM-1540-PathB-Star-xingyi,PBE,DFT-SR-PBE-BCC-Nb4_U96_363
"{""Mn"": 0.058954, ""Nb"": 0.131199, ""U"": 0.809847}",0.297644,,NFM-1540-PathB-Star-xingyi,PBE,DFT-SR-PBE-BCC-Mn6_Nb13_U81_337
"{""Ru"": 0.037797, ""U"": 0.962203}",-1.826388,,NFM-1540-PathB-Star-xingyi,PBE,DFT-SR-PBE-BCC-Ru4_U96_285
"{""Mo"": 0.046744, ""U"": 0.953256}",0.202773,,NFM-1540-PathB-Star-xingyi,PBE,DFT-SR-PBE-BCC-Mo5_U95_103
"{""Fe"": 0.03386, ""Mo"": 0.149364, ""U"": 0.816776}",0.205031,,NFM-1540-PathB-Star-xingyi,PBE,DFT-SR-PBE-BCC-Fe3_Mo15_U82_10
"{""Cr"": 0.069916, ""Si"": 0.009933, ""U"": 0.9201509999999999}",0.312345,,NFM-1540-PathB-Star-xingyi,PBE,DFT-SR-PBE-BCC-Cr7_Si1_U92_45
"{""Nb"": 0.047776, ""U"": 0.952224}",0.271425,,NFM-1540-PathB-Star-xingyi,PBE,DFT-SR-PBE-BCC-Nb5_U95_8
"{""Ru"": 0.04, ""U"": 0.96}",-1.826626,,NFM-1540-PathB-Star-xingyi,PBE,DFT-SR-PBE-BCC-Ru4_U96_96
"{""Ru"": 0.068464, ""U"": 0.931536}",-1.830844,,NFM-1540-PathB-Star-xingyi,PBE,DFT-SR-PBE-BCC-Ru7_U93_202
"{""U"": 60, ""Zr"": 40.0}",0.268110,,NFM-1540-PathB-Star-xingyi,PBE,DFT-SR-PBE-BCC-U6000_Zr4000_310
"{""Si"": 0.006809, ""Ti"": 0.038465, ""U"": 0.954726}",0.108341,,NFM-1540-PathB-Star-xingyi,PBE,DFT-SR-PBE-BCC-Si1_Ti4_U95_7
"{""Cr"": 0.05275, ""U"": 0.94725}",0.318998,,NFM-1540-PathB-Star-xingyi,PBE,DFT-SR-PBE-BCC-Cr5_U95_90
"{""U"": 0.884151, ""Zr"": 0.115849}",0.310669,,NFM-1540-PathB-Star-xingyi,PBE,DFT-SR-PBE-BCC-U88_Zr12_303
"{""Al"": 0.026771, ""Mn"": 0.047493, ""U"": 0.925736}",-0.055731,,NFM-1540-PathB-Star-xingyi,PBE,DFT-SR-PBE-BCC-Al3_Mn5_U93_166
"{""Cr"": 0.055482, ""U"": 0.944518}",0.477637,,NFM-1540-PathB-Star-xingyi,PBE,DFT-SR-PBE-BCC-Cr6_U94_255
"{""Si"": 0.010123, ""U"": 0.989877}",-0.721538,,NFM-1540-PathB-Star-xingyi,PBE,DFT-SR-PBE-BCC-Si1_U99_108
"{""Nb"": 0.086851, ""U"": 0.913149}",0.274997,,NFM-1540-PathB-Star-xingyi,PBE,DFT-SR-PBE-BCC-Nb9_U91_187
"{""Nb"": 0.08621000000000001, ""U"": 0.91379}",0.274929,,NFM-1540-PathB-Star-xingyi,PBE,DFT-SR-PBE-BCC-Nb9_U91_168
"{""U"": 0.931743, ""V"": 0.068257}",0.325720,,NFM-1540-PathB-Star-xingyi,PBE,DFT-SR-PBE-BCC-U93_V7_275
"{""Ru"": 0.046969, ""U"": 0.953031}",-1.828075,,NFM-1540-PathB-Star-xingyi,PBE,DFT-SR-PBE-BCC-Ru5_U95_104
"{""Fe"": 0.03486, ""Mo"": 0.149364, ""U"": 0.8157760000000001}",0.205235,,NFM-1540-PathB-Star-xingyi,PBE,DFT-SR-PBE-BCC-Fe3_Mo15_U82_384
"{""Ti"": 25.0, ""U"": 75.0}",0.121974,,NFM-1540-PathB-Star-xingyi,PBE,DFT-SR-PBE-BCC-Ti2500_U7500_220
"{""Mo"": 0.148428, ""U"": 0.851572}",0.200752,,NFM-1540-PathB-Star-xingyi,PBE,DFT-SR-PBE-BCC-Mo15_U85_368
"{""Mo"": 0.129328, ""U"": 0.870672}",0.200269,,NFM-1540-PathB-Star-xingyi,PBE,DFT-SR-PBE-BCC-Mo13_U87_14
"{""Mn"": 0.038324000000000004, ""U"": 0.961676}",-0.049445,,NFM-1540-PathB-Star-xingyi,PBE,DFT-SR-PBE-BCC-Mn4_U96_263
"{""Cr"": 0.015, ""U"": 0.985}",0.332142,,NFM-1540-PathB-Star-xingyi,PBE,DFT-SR-PBE-BCC-Cr2_U98_62
"{""Nb"": 0.099, ""U"": 0.901}",0.275942,,NFM-1540-PathB-Star-xingyi,PBE,DFT-SR-PBE-BCC-Nb10_U90_173
"{""Ti"": 0.092519, ""U"": 0.907481}",0.110443,,NFM-1540-PathB-Star-xingyi,PBE,DFT-SR-PBE-BCC-Ti9_U91_366
"{""Nb"": 0.12437100000000001, ""U"": 0.875629}",0.278935,,NFM-1540-PathB-Star-xingyi,PBE,DFT-SR-PBE-BCC-Nb12_U88_188
"{""Mo"": 0.083789, ""Ru"": 0.026062000000000002, ""U"": 0.890149}",0.200153,,NFM-1540-PathB-Star-xingyi,PBE,DFT-SR-PBE-BCC-Mo8_Ru3_U89_310
"{""Al"": 0.013589, ""Fe"": 0.043317, ""U"": 0.943094}",-0.042895,,NFM-1540-PathB-Star-xingyi,PBE,DFT-SR-PBE-BCC-Al1_Fe4_U94_76
"{""Al"": 0.033918, ""Nb"": 0.059232, ""U"": 0.90685}",0.277711,,NFM-1540-PathB-Star-xingyi,PBE,DFT-SR-PBE-BCC-Al3_Nb6_U91_161
"{""Ru"": 0.048969, ""U"": 0.951031}",-1.828286,,NFM-1540-PathB-Star-xingyi,PBE,DFT-SR-PBE-BCC-Ru5_U95_207
"{""Nb"": 0.028999999999999998, ""U"": 0.971}",0.269799,,NFM-1540-PathB-Star-xingyi,PBE,DFT-SR-PBE-BCC-Nb3_U97_58
"{""Cr"": 0.026614, ""Si"": 0.007594, ""U"": 0.965792}",0.495142,,NFM-1540-PathB-Star-xingyi,PBE,DFT-SR-PBE-BCC-Cr3_Si1_U97_393
"{""Ni"": 0.051000000000000004, ""U"": 0.949}",-0.261330,,NFM-1540-PathB-Star-xingyi,PBE,DFT-SR-PBE-BCC-Ni5_U95_164
"{""Ti"": 0.025, ""U"": 0.975}",0.106776,,NFM-1540-PathB-Star-xingyi,PBE,DFT-SR-PBE-BCC-Ti2_U98_336
"{""Nb"": 0.054213000000000004, ""U"": 0.945787}",0.271683,,NFM-1540-PathB-Star-xingyi,PBE,DFT-SR-PBE-BCC-Nb5_U95_389
"{""Mo"": 0.025883, ""U"": 0.974117}",0.204555,,NFM-1540-PathB-Star-xingyi,PBE,DFT-SR-PBE-BCC-Mo3_U97_139
"{""Mo"": 36.0, ""U"": 55, ""Zr"": 9.0}",0.225916,,NFM-1540-PathB-Star-xingyi,PBE,DFT-SR-PBE-BCC-Mo3600_U5500_Zr900_324
"{""U"": 0.97286, ""Zr"": 0.02714}",0.325507,,NFM-1540-PathB-Star-xingyi,PBE,DFT-SR-PBE-BCC-U97_Zr3_83
"{""Si"": 0.017361, ""U"": 0.982639}",-0.720320,,NFM-1540-PathB-Star-xingyi,PBE,DFT-SR-PBE-BCC-Si2_U98_122
"{""Ti"": 0.099942, ""U"": 0.900058}",0.110878,,NFM-1540-PathB-Star-xingyi,PBE,DFT-SR-PBE-BCC-Ti10_U90_88
"{""Mn"": 0.055056, ""Ru"": 0.034046, ""U"": 0.910898}",-0.061880,,NFM-1540-PathB-Star-xingyi,PBE,DFT-SR-PBE-BCC-Mn6_Ru3_U91_226
"{""Mn"": 0.024641, ""U"": 0.975359}",-0.046050,,NFM-1540-PathB-Star-xingyi,PBE,DFT-SR-PBE-BCC-Mn2_U98_152
"{""Cr"": 0.090269, ""Mn"": 0.050208, ""U"": 0.859523}",0.302664,,NFM-1540-PathB-Star-xingyi,PBE,DFT-SR-PBE-BCC-Cr9_Mn5_U86_23
"{""Mn"": 0.050327000000000004, ""U"": 0.949673}",-0.052145,,NFM-1540-PathB-Star-xingyi,PBE,DFT-SR-PBE-BCC-Mn5_U95_145
"{""Ru"": 0.050048999999999996, ""U"": 0.949951}",-1.828286,,NFM-1540-PathB-Star-xingyi,PBE,DFT-SR-PBE-BCC-Ru5_U95_329
"{""U"": 0.931848, ""V"": 0.068152}",0.325775,,NFM-1540-PathB-Star-xingyi,PBE,DFT-SR-PBE-BCC-U93_V7_184
"{""U"": 33.3, ""V"": 66.7}",0.506088,,NFM-1540-PathB-Star-xingyi,PBE,DFT-SR-PBE-BCC-U3330_V6670_222
"{""Ru"": 0.078197, ""U"": 0.921803}",-1.831701,,NFM-1540-PathB-Star-xingyi,PBE,DFT-SR-PBE-BCC-Ru8_U92_100
"{""Mo"": 0.120202, ""U"": 0.757116, ""Zr"": 0.122682}",0.382148,,NFM-1540-PathB-Star-xingyi,PBE,DFT-SR-PBE-BCC-Mo12_U76_Zr12_22
"{""Ti"": 0.035, ""U"": 0.965}",0.107266,,NFM-1540-PathB-Star-xingyi,PBE,DFT-SR-PBE-BCC-Ti4_U96_355
"{""Ti"": 0.073223, ""U"": 0.8636280000000001, ""V"": 0.063149}",0.123110,,NFM-1540-PathB-Star-xingyi,PBE,DFT-SR-PBE-BCC-Ti7_U86_V6_122
"{""U"": 0.79348, ""V"": 0.073763, ""Zr"": 0.13275700000000001}",0.368957,,NFM-1540-PathB-Star-xingyi,PBE,DFT-SR-PBE-BCC-U79_V7_Zr13_199
"{""Cr"": 0.051937, ""U"": 0.948063}",0.480087,,NFM-1540-PathB-Star-xingyi,PBE,DFT-SR-PBE-BCC-Cr5_U95_348
