{
  "version": "1.0.0",
  "n_samples": 3811,
  "n_features": 12,
  "cv_n_splits": 5,
  "cv_mean_accuracy": 0.9994750656167979,
  "cv_min_fold_accuracy": 0.9986876640419947,
  "cv_passed": true,
  "cv_fold_accuracies": [
    1.0,
    1.0,
    0.9986876640419947,
    0.9986876640419947,
    1.0
  ],
  "cv_fold_precision": [
    1.0,
    1.0,
    1.0,
    0.9932885906040269,
    1.0
  ],
  "cv_fold_recall": [
    1.0,
    1.0,
    0.9932432432432432,
    1.0,
    1.0
  ],
  "cv_fold_f1": [
    1.0,
    1.0,
    0.9966101694915255,
    0.9966329966329966,
    1.0
  ],
  "training_seconds": 2.2330344999791123,
  "shap_top_features": [
    [
      "type_II",
      0.1364906277629266
    ],
    [
      "mo_equivalent",
      0.05472324987820934
    ],
    [
      "lattice_distortion",
      0.038790068939934266
    ],
    [
      "u_density",
      0.0381857585260627
    ],
    [
      "mixing_enthalpy",
      0.017817694795943556
    ],
    [
      "bv_ratio",
      0.017502492022820185
    ],
    [
      "config_entropy",
      0.010822441583736488
    ],
    [
      "type_I",
      0.009880104902445168
    ],
    [
      "pauling_chi_diff",
      0.009682825042386819
    ],
    [
      "allen_chi_diff",
      0.008212333842283075
    ],
    [
      "type_III",
      0.007820428042589804
    ],
    [
      "type_IV",
      0.007025054599472741
    ]
  ]
}